-- MySQL dump 10.13  Distrib 8.0.25, for macos10.15 (x86_64)
--
-- Host: localhost    Database: season_20_21
-- ------------------------------------------------------
-- Server version	8.0.25

/*!40101 SET @OLD_CHARACTER_SET_CLIENT=@@CHARACTER_SET_CLIENT */;
/*!40101 SET @OLD_CHARACTER_SET_RESULTS=@@CHARACTER_SET_RESULTS */;
/*!40101 SET @OLD_COLLATION_CONNECTION=@@COLLATION_CONNECTION */;
/*!50503 SET NAMES utf8mb4 */;
/*!40103 SET @OLD_TIME_ZONE=@@TIME_ZONE */;
/*!40103 SET TIME_ZONE='+00:00' */;
/*!40014 SET @OLD_UNIQUE_CHECKS=@@UNIQUE_CHECKS, UNIQUE_CHECKS=0 */;
/*!40014 SET @OLD_FOREIGN_KEY_CHECKS=@@FOREIGN_KEY_CHECKS, FOREIGN_KEY_CHECKS=0 */;
/*!40101 SET @OLD_SQL_MODE=@@SQL_MODE, SQL_MODE='NO_AUTO_VALUE_ON_ZERO' */;
/*!40111 SET @OLD_SQL_NOTES=@@SQL_NOTES, SQL_NOTES=0 */;

--
-- Table structure for table `FIXTURE`
--

DROP TABLE IF EXISTS `FIXTURE`;
/*!40101 SET @saved_cs_client     = @@character_set_client */;
/*!50503 SET character_set_client = utf8mb4 */;
CREATE TABLE `FIXTURE` (
  `fixture_id` int NOT NULL,
  `date_fixture` datetime NOT NULL,
  `home_team` int NOT NULL,
  `away_team` int NOT NULL,
  `league_id` int NOT NULL,
  `status` varchar(50) NOT NULL,
  `timezone` varchar(50) NOT NULL,
  PRIMARY KEY (`fixture_id`,`home_team`,`away_team`),
  KEY `new_index` (`fixture_id`,`home_team`,`away_team`)
) ENGINE=InnoDB DEFAULT CHARSET=utf8mb4 COLLATE=utf8mb4_0900_ai_ci;
/*!40101 SET character_set_client = @saved_cs_client */;

--
-- Dumping data for table `FIXTURE`
--

LOCK TABLES `FIXTURE` WRITE;
/*!40000 ALTER TABLE `FIXTURE` DISABLE KEYS */;
INSERT INTO `FIXTURE` VALUES (688919,'2021-06-06 14:00:00',124,1193,71,'2H','UTC'),(688920,'2021-06-06 21:15:00',121,132,71,'NS','UTC'),(688921,'2021-06-06 00:00:00',128,129,71,'FT','UTC'),(688922,'2021-06-06 19:00:00',125,131,71,'1H','UTC'),(688923,'2021-06-05 22:00:00',130,127,71,'PST','UTC'),(688924,'2021-06-06 19:00:00',154,119,71,'1H','UTC'),(688925,'2021-06-06 23:30:00',123,1062,71,'NS','UTC'),(688926,'2021-06-06 00:00:00',794,118,71,'FT','UTC'),(688927,'2021-06-06 21:15:00',152,134,71,'NS','UTC'),(688928,'2021-06-05 22:00:00',144,126,71,'FT','UTC');
/*!40000 ALTER TABLE `FIXTURE` ENABLE KEYS */;
UNLOCK TABLES;

--
-- Table structure for table `HOMEWORK`
--

DROP TABLE IF EXISTS `HOMEWORK`;
/*!40101 SET @saved_cs_client     = @@character_set_client */;
/*!50503 SET character_set_client = utf8mb4 */;
CREATE TABLE `HOMEWORK` (
  `fixture_id` int NOT NULL,
  `bookmaker_id` int DEFAULT NULL,
  `home_odds` float DEFAULT NULL,
  `home_bnews` blob,
  `away_odds` float DEFAULT NULL,
  `away_bnews` blob,
  `diff_market_cap` float NOT NULL,
  `favorite` int DEFAULT NULL,
  `favorite_market_cap` float DEFAULT NULL,
  `underdog` int DEFAULT NULL,
  `underdog_market_cap` float DEFAULT NULL,
  `updated_at` datetime NOT NULL,
  PRIMARY KEY (`fixture_id`)
) ENGINE=InnoDB DEFAULT CHARSET=utf8mb4 COLLATE=utf8mb4_0900_ai_ci;
/*!40101 SET character_set_client = @saved_cs_client */;

--
-- Dumping data for table `HOMEWORK`
--

LOCK TABLES `HOMEWORK` WRITE;
/*!40000 ALTER TABLE `HOMEWORK` DISABLE KEYS */;
INSERT INTO `HOMEWORK` VALUES (688919,3,1.82,NULL,5.6,NULL,465.607,NULL,NULL,NULL,NULL,'2021-06-06 13:52:00'),(688920,4,1.36,NULL,11.39,NULL,990.102,121,145.05,132,14.65,'2021-06-06 20:09:13'),(688921,3,NULL,NULL,NULL,NULL,373.847,NULL,NULL,NULL,NULL,'2021-06-05 21:35:05'),(688922,3,NULL,NULL,NULL,NULL,443.023,NULL,NULL,NULL,NULL,'2021-06-06 16:35:35'),(688923,3,NULL,NULL,NULL,NULL,158.827,NULL,NULL,NULL,NULL,'2021-06-05 21:35:05'),(688924,3,NULL,NULL,NULL,NULL,323.07,NULL,NULL,NULL,NULL,'2021-06-06 16:35:35'),(688925,4,5.49,NULL,1.74,NULL,416.106,1062,86.55,123,20.8,'2021-06-06 20:09:13'),(688926,3,NULL,NULL,NULL,NULL,266.883,NULL,NULL,NULL,NULL,'2021-06-05 21:35:05'),(688927,4,3.23,NULL,2.4,NULL,499.091,134,54.9,152,11,'2021-06-06 20:09:13'),(688928,3,NULL,NULL,NULL,NULL,522.148,NULL,NULL,NULL,NULL,'2021-06-05 21:35:05');
/*!40000 ALTER TABLE `HOMEWORK` ENABLE KEYS */;
UNLOCK TABLES;

--
-- Table structure for table `LEAGUE`
--

DROP TABLE IF EXISTS `LEAGUE`;
/*!40101 SET @saved_cs_client     = @@character_set_client */;
/*!50503 SET character_set_client = utf8mb4 */;
CREATE TABLE `LEAGUE` (
  `league_id` int NOT NULL,
  `league_name` varchar(100) NOT NULL,
  `country` varchar(100) DEFAULT NULL,
  `url_flag_country` varchar(300) NOT NULL,
  `clubs` int NOT NULL,
  `players` int NOT NULL,
  `total_market_value` varchar(100) DEFAULT NULL,
  `total_market_value_unit` varchar(2) NOT NULL,
  `total_market_value_currency` varchar(1) NOT NULL,
  `mean_market_value` varchar(100) DEFAULT NULL,
  `mean_market_value_unit` varchar(2) NOT NULL,
  `mean_market_value_currency` varchar(1) NOT NULL,
  `continent` varchar(100) DEFAULT NULL,
  `url_teams` varchar(300) NOT NULL,
  `url_logo` varchar(300) NOT NULL,
  PRIMARY KEY (`league_id`,`league_name`),
  KEY `new_index` (`league_id`)
) ENGINE=InnoDB DEFAULT CHARSET=utf8mb4 COLLATE=utf8mb4_0900_ai_ci;
/*!40101 SET character_set_client = @saved_cs_client */;

--
-- Dumping data for table `LEAGUE`
--

LOCK TABLES `LEAGUE` WRITE;
/*!40000 ALTER TABLE `LEAGUE` DISABLE KEYS */;
INSERT INTO `LEAGUE` VALUES (71,'Campeonato Brasileiro Série A','Brazil','https://tmssl.akamaized.net/images/flagge/verysmall/26.png?lm=1520611569',20,738,'1.1','bn','€','55.12','m','€','CONMEBOL','/campeonato-brasileiro-serie-a/startseite/wettbewerb/BRA1','https://tmssl.akamaized.net/images/logo/mediumsmall/bra1.png?lm=1501485979');
/*!40000 ALTER TABLE `LEAGUE` ENABLE KEYS */;
UNLOCK TABLES;

--
-- Table structure for table `OPPORTUNITY`
--

DROP TABLE IF EXISTS `OPPORTUNITY`;
/*!40101 SET @saved_cs_client     = @@character_set_client */;
/*!50503 SET character_set_client = utf8mb4 */;
CREATE TABLE `OPPORTUNITY` (
  `fixture_id` int NOT NULL,
  `strategy_id` int NOT NULL
) ENGINE=InnoDB DEFAULT CHARSET=utf8mb4 COLLATE=utf8mb4_0900_ai_ci;
/*!40101 SET character_set_client = @saved_cs_client */;

--
-- Dumping data for table `OPPORTUNITY`
--

LOCK TABLES `OPPORTUNITY` WRITE;
/*!40000 ALTER TABLE `OPPORTUNITY` DISABLE KEYS */;
/*!40000 ALTER TABLE `OPPORTUNITY` ENABLE KEYS */;
UNLOCK TABLES;

--
-- Table structure for table `PLAYER`
--

DROP TABLE IF EXISTS `PLAYER`;
/*!40101 SET @saved_cs_client     = @@character_set_client */;
/*!50503 SET character_set_client = utf8mb4 */;
CREATE TABLE `PLAYER` (
  `team_id` int NOT NULL,
  `name` varchar(300) NOT NULL,
  `market_value` float NOT NULL,
  `market_value_unit` varchar(2) NOT NULL,
  `market_value_currency` varchar(1) NOT NULL,
  `last_update` datetime NOT NULL
) ENGINE=InnoDB DEFAULT CHARSET=utf8mb4 COLLATE=utf8mb4_0900_ai_ci;
/*!40101 SET character_set_client = @saved_cs_client */;

--
-- Dumping data for table `PLAYER`
--

LOCK TABLES `PLAYER` WRITE;
/*!40000 ALTER TABLE `PLAYER` DISABLE KEYS */;
INSERT INTO `PLAYER` VALUES (1062,'Éverson',1.5,'m','€','2021-06-02 09:42:02'),(1062,'Rafael',750,'th','€','2021-06-02 09:42:02'),(1062,'Matheus Mendes',250,'th','€','2021-06-02 09:42:02'),(1062,'Júnior Alonso',3.5,'m','€','2021-06-02 09:42:02'),(1062,'Igor Rabello',3.5,'m','€','2021-06-02 09:42:02'),(1062,'Gabriel',950,'th','€','2021-06-02 09:42:02'),(1062,'Réver',600,'th','€','2021-06-02 09:42:02'),(1062,'Bueno',500,'th','€','2021-06-02 09:42:02'),(1062,'Guilherme Arana',5.5,'m','€','2021-06-02 09:42:02'),(1062,'Dodô',1,'m','€','2021-06-02 09:42:02'),(1062,'Guga',7,'m','€','2021-06-02 09:42:02'),(1062,'Mariano',700,'th','€','2021-06-02 09:42:02'),(1062,'Allan',3.5,'m','€','2021-06-02 09:42:02'),(1062,'Jair',2.5,'m','€','2021-06-02 09:42:02'),(1062,'Ignacio Fernández',6,'m','€','2021-06-02 09:42:02'),(1062,'Tchê Tchê',4,'m','€','2021-06-02 09:42:02'),(1062,'Alan Franco',3,'m','€','2021-06-02 09:42:02'),(1062,'Matías Zaracho',9,'m','€','2021-06-02 09:42:02'),(1062,'Hyoran',2.2,'m','€','2021-06-02 09:42:02'),(1062,'Nathan',2,'m','€','2021-06-02 09:42:02'),(1062,'Calebe',800,'th','€','2021-06-02 09:42:02'),(1062,'Keno',3,'m','€','2021-06-02 09:42:02'),(1062,'Jefferson Savarino',5.5,'m','€','2021-06-02 09:42:02'),(1062,'Hulk',2.5,'m','€','2021-06-02 09:42:02'),(1062,'Dylan Borrero',900,'th','€','2021-06-02 09:42:02'),(1062,'Eduardo Vargas',3,'m','€','2021-06-02 09:42:02'),(1062,'Sávio',5,'m','€','2021-06-02 09:42:02'),(1062,'Marrony',3.8,'m','€','2021-06-02 09:42:02'),(1062,'Eduardo Sasha',3.2,'m','€','2021-06-02 09:42:02'),(1062,'Diego Tardelli',900,'th','€','2021-06-02 09:42:02'),(144,'Fernando Miguel',650,'th','€','2021-06-02 09:42:02'),(144,'Mauricio Kozlinski',350,'th','€','2021-06-02 09:42:02'),(144,'Leonardo',25,'th','€','2021-06-02 09:42:02'),(144,'Éder',850,'th','€','2021-06-02 09:42:02'),(144,'Nathan Silva',600,'th','€','2021-06-02 09:42:02'),(144,'Oliveira',400,'th','€','2021-06-02 09:42:02'),(144,'Michel',50,'th','€','2021-06-02 09:42:02'),(144,'Natanael',1.3,'m','€','2021-06-02 09:42:02'),(144,'Igor',325,'th','€','2021-06-02 09:42:02'),(144,'Dudu',850,'th','€','2021-06-02 09:42:02'),(144,'Arnaldo',550,'th','€','2021-06-02 09:42:02'),(144,'Willian Maranhão',700,'th','€','2021-06-02 09:42:02'),(144,'Marlon Freitas',1,'m','€','2021-06-02 09:42:02'),(144,'Gabriel Baralhas',100,'th','€','2021-06-02 09:42:02'),(144,'André',100,'th','€','2021-06-02 09:42:02'),(144,'Victor Paraíba',200,'th','€','2021-06-02 09:42:02'),(144,'João Paulo',650,'th','€','2021-06-02 09:42:02'),(144,'Matheus Oliveira',50,'th','€','2021-06-02 09:42:02'),(144,'Lucão',0,'m','€','2021-06-02 09:42:02'),(144,'Arthur Gomes',1.8,'m','€','2021-06-02 09:42:02'),(144,'Janderson',2,'m','€','2021-06-02 09:42:02'),(144,'André Luis',900,'th','€','2021-06-02 09:42:02'),(144,'Pablo Dyego',350,'th','€','2021-06-02 09:42:02'),(144,'Zé Roberto',900,'th','€','2021-06-02 09:42:02'),(144,'Roberson',200,'th','€','2021-06-02 09:42:02'),(124,'Marcos Felipe',1,'m','€','2021-06-02 09:42:03'),(124,'Muriel',800,'th','€','2021-06-02 09:42:03'),(124,'Pedro Rangel',100,'th','€','2021-06-02 09:42:03'),(124,'Gustavo Ramalho',100,'th','€','2021-06-02 09:42:03'),(124,'João Lopes',50,'th','€','2021-06-02 09:42:03'),(124,'Nino',4,'m','€','2021-06-02 09:42:03'),(124,'Luccas Claro',1.2,'m','€','2021-06-02 09:42:03'),(124,'David Braz',900,'th','€','2021-06-02 09:42:03'),(124,'Reginaldo',600,'th','€','2021-06-02 09:42:03'),(124,'Manoel',550,'th','€','2021-06-02 09:42:03'),(124,'Matheus Ferraz',400,'th','€','2021-06-02 09:42:03'),(124,'Rafael Ribeiro',75,'th','€','2021-06-02 09:42:03'),(124,'Higor Gabriel',50,'th','€','2021-06-02 09:42:03'),(124,'Danilo Barcelos',850,'th','€','2021-06-02 09:42:03'),(124,'Egídio',800,'th','€','2021-06-02 09:42:03'),(124,'Matheus Mascarenhas',200,'th','€','2021-06-02 09:42:03'),(124,'Calegari',4,'m','€','2021-06-02 09:42:03'),(124,'Igor Julião',850,'th','€','2021-06-02 09:42:03'),(124,'Samuel Xavier',750,'th','€','2021-06-02 09:42:03'),(124,'Daniel',50,'th','€','2021-06-02 09:42:03'),(124,'Gabriel Teixeira',1.5,'m','€','2021-06-02 09:42:03'),(124,'Wellington',1.1,'m','€','2021-06-02 09:42:03'),(124,'Húdson',800,'th','€','2021-06-02 09:42:03'),(124,'André Trindade',500,'th','€','2021-06-02 09:42:03'),(124,'Metinho',5,'m','€','2021-06-02 09:42:03'),(124,'Martinelli',2.3,'m','€','2021-06-02 09:42:03'),(124,'Yago Felipe',1.4,'m','€','2021-06-02 09:42:03'),(124,'Wiris Gustavo',100,'th','€','2021-06-02 09:42:03'),(124,'Juan Cazares',2.5,'m','€','2021-06-02 09:42:03'),(124,'Miguel',2,'m','€','2021-06-02 09:42:03'),(124,'Ganso',800,'th','€','2021-06-02 09:42:03'),(124,'Nenê',750,'th','€','2021-06-02 09:42:03'),(124,'Marcos Paulo',9,'m','€','2021-06-02 09:42:03'),(124,'Matheus Martins',4.5,'m','€','2021-06-02 09:42:03'),(124,'Lucca',700,'th','€','2021-06-02 09:42:03'),(124,'Kayky',14,'m','€','2021-06-02 09:42:03'),(124,'Luiz Henrique',3.5,'m','€','2021-06-02 09:42:03'),(124,'Caio Paulista',1.5,'m','€','2021-06-02 09:42:03'),(124,'Michel Araújo',1.4,'m','€','2021-06-02 09:42:03'),(124,'Abel Hernández',2.4,'m','€','2021-06-02 09:42:03'),(124,'Fred',750,'th','€','2021-06-02 09:42:03'),(124,'John Kennedy',500,'th','€','2021-06-02 09:42:03'),(124,'Raúl Bobadilla',400,'th','€','2021-06-02 09:42:03'),(154,'Felipe Alves',650,'th','€','2021-06-02 09:42:03'),(154,'Marcelo Boeck',200,'th','€','2021-06-02 09:42:03'),(154,'Kennedy',50,'th','€','2021-06-02 09:42:03'),(154,'Max Walef',50,'th','€','2021-06-02 09:42:03'),(154,'Marcelo Benevenuto',800,'th','€','2021-06-02 09:42:03'),(154,'Juan Quintero',750,'th','€','2021-06-02 09:42:03'),(154,'Jackson',600,'th','€','2021-06-02 09:42:03'),(154,'Titi',250,'th','€','2021-06-02 09:42:03'),(154,'Vinicius',50,'th','€','2021-06-02 09:42:03'),(154,'João Paulo',50,'th','€','2021-06-02 09:42:03'),(154,'Bruno Melo',700,'th','€','2021-06-02 09:42:03'),(154,'Carlinhos',400,'th','€','2021-06-02 09:42:03'),(154,'Yago Pikachu',1.4,'m','€','2021-06-02 09:42:03'),(154,'Tinga',700,'th','€','2021-06-02 09:42:03'),(154,'Daniel Guedes',550,'th','€','2021-06-02 09:42:03'),(154,'Vitor Ricardo',50,'th','€','2021-06-02 09:42:03'),(154,'Felipe',900,'th','€','2021-06-02 09:42:03'),(154,'Matheus Jussa',500,'th','€','2021-06-02 09:42:03'),(154,'Ronald',400,'th','€','2021-06-02 09:42:03'),(154,'Pablo',25,'th','€','2021-06-02 09:42:03'),(154,'Éderson',4,'m','€','2021-06-02 09:42:03'),(154,'Gustavo Blanco',750,'th','€','2021-06-02 09:42:03'),(154,'Geilson',50,'th','€','2021-06-02 09:42:03'),(154,'Isaque',1.3,'m','€','2021-06-02 09:42:03'),(154,'Mariano Vázquez',550,'th','€','2021-06-02 09:42:03'),(154,'Matheus Vargas',400,'th','€','2021-06-02 09:42:03'),(154,'Lucas Crispim',300,'th','€','2021-06-02 09:42:03'),(154,'Luiz Henrique',75,'th','€','2021-06-02 09:42:03'),(154,'David',1.3,'m','€','2021-06-02 09:42:03'),(154,'Romarinho',950,'th','€','2021-06-02 09:42:03'),(154,'Wellington Nem',800,'th','€','2021-06-02 09:42:03'),(154,'Osvaldo',500,'th','€','2021-06-02 09:42:03'),(154,'Robson',850,'th','€','2021-06-02 09:42:03'),(154,'Wellington Paulista',500,'th','€','2021-06-02 09:42:03'),(154,'Gustavo Coutinho',200,'th','€','2021-06-02 09:42:03'),(154,'Igor Torres',25,'th','€','2021-06-02 09:42:03'),(794,'Cleiton',5,'m','€','2021-06-02 09:42:03'),(794,'Júlio César',250,'th','€','2021-06-02 09:42:03'),(794,'Maycon Cleiton',100,'th','€','2021-06-02 09:42:03'),(794,'Léo Ortiz',2,'m','€','2021-06-02 09:42:03'),(794,'César Haydar',1.5,'m','€','2021-06-02 09:42:03'),(794,'Fabrício Bruno',1.2,'m','€','2021-06-02 09:42:03'),(794,'Natan',1,'m','€','2021-06-02 09:42:03'),(794,'Leonardo Realpe',700,'th','€','2021-06-02 09:42:03'),(794,'Ligger',700,'th','€','2021-06-02 09:42:03'),(794,'Luan Cândido',3.5,'m','€','2021-06-02 09:42:03'),(794,'Edimar',800,'th','€','2021-06-02 09:42:03'),(794,'Weverson',500,'th','€','2021-06-02 09:42:03'),(794,'Aderlan',800,'th','€','2021-06-02 09:42:03'),(794,'Weverton',600,'th','€','2021-06-02 09:42:03'),(794,'Wallison',300,'th','€','2021-06-02 09:42:03'),(794,'Rafael',50,'th','€','2021-06-02 09:42:03'),(794,'Raul',1.5,'m','€','2021-06-02 09:42:03'),(794,'Ricardo Ryller',1.1,'m','€','2021-06-02 09:42:03'),(794,'Jadsom',400,'th','€','2021-06-02 09:42:03'),(794,'Ramires',3,'m','€','2021-06-02 09:42:03'),(794,'Lucas Evangelista',2.5,'m','€','2021-06-02 09:42:03'),(794,'Claudinho',11,'m','€','2021-06-02 09:42:03'),(794,'Tomás Cuello',800,'th','€','2021-06-02 09:42:03'),(794,'Vitinho',600,'th','€','2021-06-02 09:42:03'),(794,'Pedrinho',1.5,'m','€','2021-06-02 09:42:03'),(794,'Bruno Tubarão',700,'th','€','2021-06-02 09:42:03'),(794,'Luis Phelipe',500,'th','€','2021-06-02 09:42:03'),(794,'Leandrinho',475,'th','€','2021-06-02 09:42:03'),(794,'Artur',5,'m','€','2021-06-02 09:42:03'),(794,'Helinho',4,'m','€','2021-06-02 09:42:03'),(794,'Jan Hurtado',4.5,'m','€','2021-06-02 09:42:03'),(794,'Alerrandro',2.7,'m','€','2021-06-02 09:42:03'),(794,'Ytalo',900,'th','€','2021-06-02 09:42:03'),(794,'Matheus Peixoto',700,'th','€','2021-06-02 09:42:03'),(794,'Gabriel Novaes',600,'th','€','2021-06-02 09:42:03'),(794,'Chrigor',250,'th','€','2021-06-02 09:42:03'),(125,'Jory',300,'th','€','2021-06-02 09:42:04'),(125,'Airton',250,'th','€','2021-06-02 09:42:04'),(125,'Matheus Cavichioli',200,'th','€','2021-06-02 09:42:04'),(125,'Elzo',50,'th','€','2021-06-02 09:42:04'),(125,'Eduardo Bauermann',500,'th','€','2021-06-02 09:42:04'),(125,'Anderson',500,'th','€','2021-06-02 09:42:04'),(125,'Ricardo Silva',100,'th','€','2021-06-02 09:42:04'),(125,'Zé Vitor',50,'th','€','2021-06-02 09:42:04'),(125,'João Paulo',475,'th','€','2021-06-02 09:42:04'),(125,'Alan Ruschel',325,'th','€','2021-06-02 09:42:04'),(125,'Vitor Hugo',100,'th','€','2021-06-02 09:42:04'),(125,'Marlon',50,'th','€','2021-06-02 09:42:04'),(125,'Lucas Luan',50,'th','€','2021-06-02 09:42:04'),(125,'Eduardo',350,'th','€','2021-06-02 09:42:04'),(125,'Diego Ferreira',200,'th','€','2021-06-02 09:42:04'),(125,'Ynaiã',0,'m','€','2021-06-02 09:42:04'),(125,'Zé Ricardo',1.5,'m','€','2021-06-02 09:42:04'),(125,'Juninho',750,'th','€','2021-06-02 09:42:04'),(125,'Alê',500,'th','€','2021-06-02 09:42:04'),(125,'Sabino',100,'th','€','2021-06-02 09:42:04'),(125,'Gabriel Alves',50,'th','€','2021-06-02 09:42:04'),(125,'Juninho',500,'th','€','2021-06-02 09:42:04'),(125,'Ramon',200,'th','€','2021-06-02 09:42:04'),(125,'Gustavinho',200,'th','€','2021-06-02 09:42:04'),(125,'Lucas Gabriel',50,'th','€','2021-06-02 09:42:04'),(125,'Thalys',0,'m','€','2021-06-02 09:42:04'),(125,'Bruno Nazário',800,'th','€','2021-06-02 09:42:04'),(125,'Yan Sasse',500,'th','€','2021-06-02 09:42:04'),(125,'Geovane',200,'th','€','2021-06-02 09:42:04'),(125,'Felipe Azevedo',500,'th','€','2021-06-02 09:42:04'),(125,'Luiz Fernando',50,'th','€','2021-06-02 09:42:04'),(125,'Leandro Carvalho',700,'th','€','2021-06-02 09:42:04'),(125,'Ademir',500,'th','€','2021-06-02 09:42:04'),(125,'Carlos Alberto',50,'th','€','2021-06-02 09:42:04'),(125,'Léo Passos',150,'th','€','2021-06-02 09:42:04'),(125,'Rodolfo',1,'m','€','2021-06-02 09:42:04'),(125,'Ribamar',600,'th','€','2021-06-02 09:42:04'),(125,'Marcelo Toscano',400,'th','€','2021-06-02 09:42:04'),(125,'Lohan',100,'th','€','2021-06-02 09:42:04'),(127,'Hugo Souza',3.5,'m','€','2021-06-02 09:42:04'),(127,'Diego Alves',1.5,'m','€','2021-06-02 09:42:04'),(127,'Gabriel Batista',500,'th','€','2021-06-02 09:42:04'),(127,'César',350,'th','€','2021-06-02 09:42:04'),(127,'Bruno Viana',7,'m','€','2021-06-02 09:42:04'),(127,'Rodrigo Caio',6.5,'m','€','2021-06-02 09:42:04'),(127,'Léo Pereira',3,'m','€','2021-06-02 09:42:04'),(127,'Gustavo Henrique',2.6,'m','€','2021-06-02 09:42:04'),(127,'Gabriel Noga',2,'m','€','2021-06-02 09:42:04'),(127,'Thuler',500,'th','€','2021-06-02 09:42:04'),(127,'Renê',1.5,'m','€','2021-06-02 09:42:04'),(127,'Filipe Luís',1.5,'m','€','2021-06-02 09:42:04'),(127,'Ramon',800,'th','€','2021-06-02 09:42:04'),(127,'Rodinei',1.2,'m','€','2021-06-02 09:42:04'),(127,'Mauricio Isla',950,'th','€','2021-06-02 09:42:04'),(127,'Matheuzinho',900,'th','€','2021-06-02 09:42:04'),(127,'Willian Arão',5,'m','€','2021-06-02 09:42:04'),(127,'João Gomes',3.5,'m','€','2021-06-02 09:42:04'),(127,'Thiago Maia',3,'m','€','2021-06-02 09:42:04'),(127,'Diego',1.3,'m','€','2021-06-02 09:42:04'),(127,'Piris da Motta',1.2,'m','€','2021-06-02 09:42:04'),(127,'Hugo Moura',850,'th','€','2021-06-02 09:42:04'),(127,'Ronaldo',800,'th','€','2021-06-02 09:42:04'),(127,'Gerson',20,'m','€','2021-06-02 09:42:04'),(127,'Éverton Ribeiro',8,'m','€','2021-06-02 09:42:04'),(127,'Lázaro',2.5,'m','€','2021-06-02 09:42:04'),(127,'Giorgian de Arrascaeta',18,'m','€','2021-06-02 09:42:04'),(127,'Vitinho',4,'m','€','2021-06-02 09:42:04'),(127,'Michael',3,'m','€','2021-06-02 09:42:04'),(127,'Bruno Henrique',4.5,'m','€','2021-06-02 09:42:04'),(127,'Gabriel Barbosa',26,'m','€','2021-06-02 09:42:04'),(127,'Pedro',14,'m','€','2021-06-02 09:42:04'),(127,'Rodrigo Muniz',3,'m','€','2021-06-02 09:42:04'),(118,'Douglas Friedrich',900,'th','€','2021-06-02 09:42:04'),(118,'Matheus Teixeira',500,'th','€','2021-06-02 09:42:04'),(118,'Leandro Matheus',50,'th','€','2021-06-02 09:42:04'),(118,'Júnior',50,'th','€','2021-06-02 09:42:04'),(118,'Mateus Claus',50,'th','€','2021-06-02 09:42:04'),(118,'Germán Conti',2.5,'m','€','2021-06-02 09:42:04'),(118,'Juninho',950,'th','€','2021-06-02 09:42:04'),(118,'Luiz Otávio',600,'th','€','2021-06-02 09:42:04'),(118,'Lucas Fonseca',450,'th','€','2021-06-02 09:42:04'),(118,'Wanderson',350,'th','€','2021-06-02 09:42:04'),(118,'Raniele',150,'th','€','2021-06-02 09:42:04'),(118,'Éverson',100,'th','€','2021-06-02 09:42:04'),(118,'Juninho Capixaba',1,'m','€','2021-06-02 09:42:04'),(118,'Matheus Bahia',1,'m','€','2021-06-02 09:42:04'),(118,'João Pedro',900,'th','€','2021-06-02 09:42:04'),(118,'Renan Guedes',500,'th','€','2021-06-02 09:42:04'),(118,'Nino Paraíba',400,'th','€','2021-06-02 09:42:04'),(118,'Jonas',275,'th','€','2021-06-02 09:42:04'),(118,'Edson',200,'th','€','2021-06-02 09:42:04'),(118,'Lucas Araújo',50,'th','€','2021-06-02 09:42:04'),(118,'Patrick de Lucca',1,'m','€','2021-06-02 09:42:04'),(118,'Thaciano',800,'th','€','2021-06-02 09:42:04'),(118,'Matheus Galdezani',800,'th','€','2021-06-02 09:42:04'),(118,'Pablo',50,'th','€','2021-06-02 09:42:04'),(118,'Óscar Ruiz',500,'th','€','2021-06-02 09:42:04'),(118,'Thonny Anderson',1.6,'m','€','2021-06-02 09:42:04'),(118,'Danielzinho',1.4,'m','€','2021-06-02 09:42:04'),(118,'Rodriguinho',1.3,'m','€','2021-06-02 09:42:04'),(118,'Juan Pablo Ramírez',700,'th','€','2021-06-02 09:42:04'),(118,'Alesson',500,'th','€','2021-06-02 09:42:04'),(118,'Rogério',650,'th','€','2021-06-02 09:42:04'),(118,'Rossi',1,'m','€','2021-06-02 09:42:04'),(118,'Maycon Douglas',400,'th','€','2021-06-02 09:42:04'),(118,'Gilberto',900,'th','€','2021-06-02 09:42:04'),(118,'Marcelo Ryan',500,'th','€','2021-06-02 09:42:04'),(118,'Fabrício',50,'th','€','2021-06-02 09:42:04'),(119,'Marcelo Lomba',1.3,'m','€','2021-06-02 09:42:04'),(119,'Danilo Fernandes',750,'th','€','2021-06-02 09:42:04'),(119,'Daniel',50,'th','€','2021-06-02 09:42:04'),(119,'Víctor Cuesta',4,'m','€','2021-06-02 09:42:04'),(119,'Lucas Ribeiro',2,'m','€','2021-06-02 09:42:04'),(119,'Zé Gabriel',2,'m','€','2021-06-02 09:42:04'),(119,'Rodrigo Moledo',1.4,'m','€','2021-06-02 09:42:04'),(119,'Pedro Henrique',650,'th','€','2021-06-02 09:42:04'),(119,'Roberto',500,'th','€','2021-06-02 09:42:04'),(119,'Moisés',1.1,'m','€','2021-06-02 09:42:04'),(119,'Léo Borges',800,'th','€','2021-06-02 09:42:04'),(119,'Saravia',3.2,'m','€','2021-06-02 09:42:04'),(119,'Heitor',3,'m','€','2021-06-02 09:42:04'),(119,'Lucas Mazetti',25,'th','€','2021-06-02 09:42:04'),(119,'Rodrigo Dourado',4,'m','€','2021-06-02 09:42:04'),(119,'Rodrigo Lindoso',1.5,'m','€','2021-06-02 09:42:04'),(119,'Lucas Ramos',500,'th','€','2021-06-02 09:42:04'),(119,'Bruno Praxedes',5,'m','€','2021-06-02 09:42:04'),(119,'Edenilson',2.4,'m','€','2021-06-02 09:42:04'),(119,'Nonato',1.8,'m','€','2021-06-02 09:42:04'),(119,'Johnny',900,'th','€','2021-06-02 09:42:04'),(119,'Patrick',4.5,'m','€','2021-06-02 09:42:04'),(119,'Gabriel Boschilia',3,'m','€','2021-06-02 09:42:04'),(119,'Mauricio',1.5,'m','€','2021-06-02 09:42:04'),(119,'Juan Manuel Cuesta',350,'th','€','2021-06-02 09:42:04'),(119,'Taison',7,'m','€','2021-06-02 09:42:04'),(119,'Peglow',4,'m','€','2021-06-02 09:42:04'),(119,'Carlos Palacios',2,'m','€','2021-06-02 09:42:04'),(119,'Caio Vidal',900,'th','€','2021-06-02 09:42:04'),(119,'Yuri Alberto',6,'m','€','2021-06-02 09:42:04'),(119,'Thiago Galhardo',2.5,'m','€','2021-06-02 09:42:04'),(119,'Paolo Guerrero',750,'th','€','2021-06-02 09:42:04'),(119,'Pedro Lucas',500,'th','€','2021-06-02 09:42:04'),(132,'Tiepo',800,'th','€','2021-06-02 09:42:05'),(132,'Vagner',325,'th','€','2021-06-02 09:42:05'),(132,'Elias',100,'th','€','2021-06-02 09:42:05'),(132,'Sivaldo',50,'th','€','2021-06-02 09:42:05'),(132,'Keiller',50,'th','€','2021-06-02 09:42:05'),(132,'João Paulo',50,'th','€','2021-06-02 09:42:05'),(132,'Laércio',400,'th','€','2021-06-02 09:42:05'),(132,'Joílson',250,'th','€','2021-06-02 09:42:05'),(132,'Derlan',200,'th','€','2021-06-02 09:42:05'),(132,'Kadu',100,'th','€','2021-06-02 09:42:05'),(132,'Tiago',100,'th','€','2021-06-02 09:42:05'),(132,'Felipe Santana',100,'th','€','2021-06-02 09:42:05'),(132,'Ignácio',50,'th','€','2021-06-02 09:42:05'),(132,'Hiago',50,'th','€','2021-06-02 09:42:05'),(132,'Busanello',700,'th','€','2021-06-02 09:42:05'),(132,'Mancha',50,'th','€','2021-06-02 09:42:05'),(132,'Ezequiel',450,'th','€','2021-06-02 09:42:05'),(132,'Matheus Ribeiro',300,'th','€','2021-06-02 09:42:05'),(132,'Lorhan',50,'th','€','2021-06-02 09:42:05'),(132,'Alan Santos',400,'th','€','2021-06-02 09:42:05'),(132,'Moisés Ribeiro',300,'th','€','2021-06-02 09:42:05'),(132,'Anderson Leite',175,'th','€','2021-06-02 09:42:05'),(132,'Ronei',150,'th','€','2021-06-02 09:42:05'),(132,'Guedes',100,'th','€','2021-06-02 09:42:05'),(132,'Tharlis',50,'th','€','2021-06-02 09:42:05'),(132,'Léo Gomes',150,'th','€','2021-06-02 09:42:05'),(132,'Ravanelli',1.5,'m','€','2021-06-02 09:42:05'),(132,'Régis',500,'th','€','2021-06-02 09:42:05'),(132,'Lima',100,'th','€','2021-06-02 09:42:05'),(132,'Brayan',100,'th','€','2021-06-02 09:42:05'),(132,'Bruno Silva',1.1,'m','€','2021-06-02 09:42:05'),(132,'Thiago Ribeiro',300,'th','€','2021-06-02 09:42:05'),(132,'Kaio',300,'th','€','2021-06-02 09:42:05'),(132,'Geuvânio',1.1,'m','€','2021-06-02 09:42:05'),(132,'Mike',600,'th','€','2021-06-02 09:42:05'),(132,'Fernandinho',400,'th','€','2021-06-02 09:42:05'),(132,'Vinicius Foguinho',250,'th','€','2021-06-02 09:42:05'),(132,'Fabinho',1.5,'m','€','2021-06-02 09:42:05'),(132,'Perotti',1,'m','€','2021-06-02 09:42:05'),(132,'Anselmo Ramon',400,'th','€','2021-06-02 09:42:05'),(1193,'João Carlos',400,'th','€','2021-06-02 09:42:05'),(1193,'Walter',400,'th','€','2021-06-02 09:42:05'),(1193,'Matheus Nogueira',100,'th','€','2021-06-02 09:42:05'),(1193,'Fernando Caixeta',50,'th','€','2021-06-02 09:42:05'),(1193,'Vitor Hugo',50,'th','€','2021-06-02 09:42:05'),(1193,'Luiz Gustavo',600,'th','€','2021-06-02 09:42:05'),(1193,'Marllon',500,'th','€','2021-06-02 09:42:05'),(1193,'Paulão',400,'th','€','2021-06-02 09:42:05'),(1193,'Anderson Conceição',350,'th','€','2021-06-02 09:42:05'),(1193,'Wálber',100,'th','€','2021-06-02 09:42:05'),(1193,'Joaquim',100,'th','€','2021-06-02 09:42:05'),(1193,'Thyller',50,'th','€','2021-06-02 09:42:05'),(1193,'Lucas Hernández',1,'m','€','2021-06-02 09:42:05'),(1193,'Uendel',800,'th','€','2021-06-02 09:42:05'),(1193,'Alexandre',100,'th','€','2021-06-02 09:42:05'),(1193,'Athirson',50,'th','€','2021-06-02 09:42:05'),(1193,'Lucas Ramon',300,'th','€','2021-06-02 09:42:05'),(1193,'João Lucas',300,'th','€','2021-06-02 09:42:05'),(1193,'Éder',50,'th','€','2021-06-02 09:42:05'),(1193,'Auremir',600,'th','€','2021-06-02 09:42:05'),(1193,'Uillian Correia',600,'th','€','2021-06-02 09:42:05'),(1193,'Yuri',600,'th','€','2021-06-02 09:42:05'),(1193,'Rinaldo Junior',50,'th','€','2021-06-02 09:42:05'),(1193,'João Lucas',50,'th','€','2021-06-02 09:42:05'),(1193,'Marcos Brito',50,'th','€','2021-06-02 09:42:05'),(1193,'Camilo',1.3,'m','€','2021-06-02 09:42:05'),(1193,'Rafael Gava',300,'th','€','2021-06-02 09:42:05'),(1193,'Gabriel Pierini',150,'th','€','2021-06-02 09:42:05'),(1193,'João Victor',50,'th','€','2021-06-02 09:42:05'),(1193,'Pepê',400,'th','€','2021-06-02 09:42:05'),(1193,'Alan Mendez',200,'th','€','2021-06-02 09:42:05'),(1193,'Victor Kawã',50,'th','€','2021-06-02 09:42:05'),(1193,'Clayson',900,'th','€','2021-06-02 09:42:05'),(1193,'Raulzinho',500,'th','€','2021-06-02 09:42:05'),(1193,'Osman',325,'th','€','2021-06-02 09:42:05'),(1193,'Felipe Marques',300,'th','€','2021-06-02 09:42:05'),(1193,'Jonathan Cafú',1.1,'m','€','2021-06-02 09:42:05'),(1193,'Guilherme Pato',700,'th','€','2021-06-02 09:42:05'),(1193,'Murilo Rangel',300,'th','€','2021-06-02 09:42:05'),(1193,'Josiel',100,'th','€','2021-06-02 09:42:05'),(1193,'Yan',50,'th','€','2021-06-02 09:42:05'),(1193,'Rikelme',100,'th','€','2021-06-02 09:42:05'),(1193,'Rafael Elias',625,'th','€','2021-06-02 09:42:05'),(1193,'Élton',400,'th','€','2021-06-02 09:42:05'),(1193,'Jenison',400,'th','€','2021-06-02 09:42:05'),(1193,'Pop',50,'th','€','2021-06-02 09:42:05'),(1193,'Mateus Brun',50,'th','€','2021-06-02 09:42:05'),(1193,'Caio Mota',50,'th','€','2021-06-02 09:42:05'),(123,'Luan Polli',600,'th','€','2021-06-02 09:42:06'),(123,'Mailson',500,'th','€','2021-06-02 09:42:06'),(123,'Carlos Eduardo',50,'th','€','2021-06-02 09:42:06'),(123,'Iago Maidana',1,'m','€','2021-06-02 09:42:06'),(123,'Adryelson',1,'m','€','2021-06-02 09:42:06'),(123,'Sabino',950,'th','€','2021-06-02 09:42:06'),(123,'Rafael Thyere',450,'th','€','2021-06-02 09:42:06'),(123,'Chico',250,'th','€','2021-06-02 09:42:06'),(123,'Júnior Tavares',800,'th','€','2021-06-02 09:42:06'),(123,'Sander',650,'th','€','2021-06-02 09:42:06'),(123,'Patric',800,'th','€','2021-06-02 09:42:06'),(123,'Hayner',200,'th','€','2021-06-02 09:42:06'),(123,'Ewerthon',200,'th','€','2021-06-02 09:42:06'),(123,'José Welison',650,'th','€','2021-06-02 09:42:06'),(123,'Betinho',600,'th','€','2021-06-02 09:42:06'),(123,'Carlos Rentería',550,'th','€','2021-06-02 09:42:06'),(123,'Ricardinho',500,'th','€','2021-06-02 09:42:06'),(123,'Marcão Silva',400,'th','€','2021-06-02 09:42:06'),(123,'Ronaldo',375,'th','€','2021-06-02 09:42:06'),(123,'Márcio Araújo',300,'th','€','2021-06-02 09:42:06'),(123,'Thiago Lopes',450,'th','€','2021-06-02 09:42:06'),(123,'João Igor',175,'th','€','2021-06-02 09:42:06'),(123,'Maxwell',200,'th','€','2021-06-02 09:42:06'),(123,'Thiago Neves',1,'m','€','2021-06-02 09:42:06'),(123,'Gustavo',250,'th','€','2021-06-02 09:42:06'),(123,'Pablo Pardal',50,'th','€','2021-06-02 09:42:06'),(123,'Jonas Toró',1.7,'m','€','2021-06-02 09:42:06'),(123,'Marquinhos',850,'th','€','2021-06-02 09:42:06'),(123,'Everaldo',800,'th','€','2021-06-02 09:42:06'),(123,'Neílton',1,'m','€','2021-06-02 09:42:06'),(123,'Leandro Barcia',750,'th','€','2021-06-02 09:42:06'),(123,'Paulinho Mocelin',300,'th','€','2021-06-02 09:42:06'),(123,'André',750,'th','€','2021-06-02 09:42:06'),(123,'Santiago Tréllez',700,'th','€','2021-06-02 09:42:06'),(123,'Hernane',500,'th','€','2021-06-02 09:42:06'),(123,'Mikael',500,'th','€','2021-06-02 09:42:06'),(152,'Marcelo Carné',150,'th','€','2021-06-02 09:42:06'),(152,'Willian',50,'th','€','2021-06-02 09:42:06'),(152,'Rafael Forster',850,'th','€','2021-06-02 09:42:06'),(152,'Cleberson',400,'th','€','2021-06-02 09:42:06'),(152,'Vitor Mendes',200,'th','€','2021-06-02 09:42:06'),(152,'Kelvin',50,'th','€','2021-06-02 09:42:06'),(152,'Eltinho',300,'th','€','2021-06-02 09:42:06'),(152,'Alyson',250,'th','€','2021-06-02 09:42:06'),(152,'Míchel',1,'m','€','2021-06-02 09:42:06'),(152,'Paulo Henrique',150,'th','€','2021-06-02 09:42:06'),(152,'Yago',800,'th','€','2021-06-02 09:42:06'),(152,'Elton',500,'th','€','2021-06-02 09:42:06'),(152,'João Paulo',400,'th','€','2021-06-02 09:42:06'),(152,'Matheus Jesus',950,'th','€','2021-06-02 09:42:06'),(152,'Guilherme Castilho',600,'th','€','2021-06-02 09:42:06'),(152,'Matheuzinho',600,'th','€','2021-06-02 09:42:06'),(152,'Chico',600,'th','€','2021-06-02 09:42:06'),(152,'Bruninho',500,'th','€','2021-06-02 09:42:06'),(152,'Wescley',400,'th','€','2021-06-02 09:42:06'),(152,'Renan Bressan',300,'th','€','2021-06-02 09:42:06'),(152,'Wagner',100,'th','€','2021-06-02 09:42:06'),(152,'Nicolas',50,'th','€','2021-06-02 09:42:06'),(152,'Capixaba',300,'th','€','2021-06-02 09:42:06'),(152,'Edwin Mosquera',300,'th','€','2021-06-02 09:42:06'),(152,'Everton',0,'m','€','2021-06-02 09:42:06'),(152,'Fernando Pacheco',700,'th','€','2021-06-02 09:42:06'),(152,'Marcos Vinicios',300,'th','€','2021-06-02 09:42:06'),(152,'Rafael Grampola',200,'th','€','2021-06-02 09:42:06'),(134,'Santos',2.5,'m','€','2021-06-02 09:42:06'),(134,'Jandrei',1,'m','€','2021-06-02 09:42:06'),(134,'Bento',50,'th','€','2021-06-02 09:42:06'),(134,'Lucas Halter',4,'m','€','2021-06-02 09:42:06'),(134,'Pedro Henrique',2.5,'m','€','2021-06-02 09:42:06'),(134,'Thiago Heleno',1.6,'m','€','2021-06-02 09:42:06'),(134,'Felipe Aguilar',1.2,'m','€','2021-06-02 09:42:06'),(134,'Zé Ivaldo',750,'th','€','2021-06-02 09:42:06'),(134,'Abner',7.5,'m','€','2021-06-02 09:42:06'),(134,'Nicolas',700,'th','€','2021-06-02 09:42:06'),(134,'Márcio Azevedo',600,'th','€','2021-06-02 09:42:06'),(134,'Khellven',4.7,'m','€','2021-06-02 09:42:06'),(134,'Marcinho',1,'m','€','2021-06-02 09:42:06'),(134,'Richard',1.5,'m','€','2021-06-02 09:42:06'),(134,'Christian',4.5,'m','€','2021-06-02 09:42:06'),(134,'Léo Cittadini',2,'m','€','2021-06-02 09:42:06'),(134,'Erick',1.5,'m','€','2021-06-02 09:42:06'),(134,'Jaime Alvarado',450,'th','€','2021-06-02 09:42:06'),(134,'Vitinho',3.5,'m','€','2021-06-02 09:42:06'),(134,'Nikão',1.4,'m','€','2021-06-02 09:42:06'),(134,'Fernando Canesin',1.1,'m','€','2021-06-02 09:42:06'),(134,'Jádson',500,'th','€','2021-06-02 09:42:06'),(134,'Carlos Eduardo',3,'m','€','2021-06-02 09:42:06'),(134,'Reinaldo',750,'th','€','2021-06-02 09:42:06'),(134,'Yago César',400,'th','€','2021-06-02 09:42:06'),(134,'David Terans',1.4,'m','€','2021-06-02 09:42:06'),(134,'Matheus Babi',2,'m','€','2021-06-02 09:42:06'),(134,'Renato Kayzer',2,'m','€','2021-06-02 09:42:06'),(134,'Vinicius Mingotti',800,'th','€','2021-06-02 09:42:06'),(121,'Wéverton',5,'m','€','2021-06-02 09:42:06'),(121,'Jaílson',250,'th','€','2021-06-02 09:42:06'),(121,'Vinicius Silvestre',150,'th','€','2021-06-02 09:42:06'),(121,'Renan',7,'m','€','2021-06-02 09:42:06'),(121,'Gustavo Gómez',6,'m','€','2021-06-02 09:42:06'),(121,'Luan',3,'m','€','2021-06-02 09:42:06'),(121,'Henri',2,'m','€','2021-06-02 09:42:06'),(121,'Benjamín Kuscevic',1.3,'m','€','2021-06-02 09:42:06'),(121,'Alan Empereur',1,'m','€','2021-06-02 09:42:06'),(121,'Matías Viña',4,'m','€','2021-06-02 09:42:06'),(121,'Victor Luis',1.5,'m','€','2021-06-02 09:42:06'),(121,'Lucas Esteves',800,'th','€','2021-06-02 09:42:06'),(121,'Marcos Rocha',1.5,'m','€','2021-06-02 09:42:06'),(121,'Mayke',1.1,'m','€','2021-06-02 09:42:06'),(121,'Gustavo Garcia',0,'m','€','2021-06-02 09:42:06'),(121,'Danilo',8,'m','€','2021-06-02 09:42:06'),(121,'Danilo Barbosa',6.5,'m','€','2021-06-02 09:42:06'),(121,'Jean',800,'th','€','2021-06-02 09:42:06'),(121,'Felipe Melo',600,'th','€','2021-06-02 09:42:06'),(121,'Gabriel Menino',14,'m','€','2021-06-02 09:42:06'),(121,'Patrick de Paula',12,'m','€','2021-06-02 09:42:06'),(121,'Zé Rafael',4,'m','€','2021-06-02 09:42:06'),(121,'Raphael Veiga',4.5,'m','€','2021-06-02 09:42:06'),(121,'Gustavo Scarpa',3.5,'m','€','2021-06-02 09:42:06'),(121,'Lucas Lima',3,'m','€','2021-06-02 09:42:06'),(121,'Alanzinho',300,'th','€','2021-06-02 09:42:06'),(121,'Dudu',12,'m','€','2021-06-02 09:42:06'),(121,'Rony',9,'m','€','2021-06-02 09:42:06'),(121,'Wesley',2.3,'m','€','2021-06-02 09:42:06'),(121,'Iván Angulo',750,'th','€','2021-06-02 09:42:06'),(121,'Gabriel Veron',18,'m','€','2021-06-02 09:42:06'),(121,'Giovani',5,'m','€','2021-06-02 09:42:06'),(121,'Breno Lopes',1.5,'m','€','2021-06-02 09:42:06'),(121,'Luiz Adriano',2.5,'m','€','2021-06-02 09:42:06'),(121,'Willian',1.2,'m','€','2021-06-02 09:42:06'),(121,'Gabriel Silva',900,'th','€','2021-06-02 09:42:06'),(121,'Luan Silva',100,'th','€','2021-06-02 09:42:06'),(129,'Richard',500,'th','€','2021-06-02 09:42:06'),(129,'João Ricardo',400,'th','€','2021-06-02 09:42:06'),(129,'Vinicius Machado',50,'th','€','2021-06-02 09:42:06'),(129,'Luiz Otávio',600,'th','€','2021-06-02 09:42:06'),(129,'Messias',525,'th','€','2021-06-02 09:42:06'),(129,'Klaus',450,'th','€','2021-06-02 09:42:06'),(129,'Gabriel Lacerda',300,'th','€','2021-06-02 09:42:06'),(129,'Alan',250,'th','€','2021-06-02 09:42:06'),(129,'Jordan',50,'th','€','2021-06-02 09:42:06'),(129,'Bruno Pacheco',800,'th','€','2021-06-02 09:42:06'),(129,'Kelvyn',200,'th','€','2021-06-02 09:42:06'),(129,'Gabriel Dias',750,'th','€','2021-06-02 09:42:06'),(129,'Buiú',125,'th','€','2021-06-02 09:42:06'),(129,'Fabinho',500,'th','€','2021-06-02 09:42:06'),(129,'Willian',325,'th','€','2021-06-02 09:42:06'),(129,'William Oliveira',300,'th','€','2021-06-02 09:42:06'),(129,'Pedro Naressi',250,'th','€','2021-06-02 09:42:06'),(129,'Fernando Sobral',900,'th','€','2021-06-02 09:42:06'),(129,'Charles',850,'th','€','2021-06-02 09:42:06'),(129,'Vina',1.5,'m','€','2021-06-02 09:42:06'),(129,'Jorginho',800,'th','€','2021-06-02 09:42:06'),(129,'Felipe',375,'th','€','2021-06-02 09:42:06'),(129,'Marlon',325,'th','€','2021-06-02 09:42:06'),(129,'Wendson',0,'m','€','2021-06-02 09:42:06'),(129,'Stiven Mendoza',2,'m','€','2021-06-02 09:42:06'),(129,'Yony González',1.6,'m','€','2021-06-02 09:42:06'),(129,'Lima',1.1,'m','€','2021-06-02 09:42:06'),(129,'Hélio',0,'m','€','2021-06-02 09:42:06'),(129,'Felipe Vizeu',1.2,'m','€','2021-06-02 09:42:06'),(129,'Cléber',1,'m','€','2021-06-02 09:42:06'),(129,'Jael',450,'th','€','2021-06-02 09:42:06'),(129,'Vítor Jacaré',300,'th','€','2021-06-02 09:42:06'),(129,'Saulo Mineiro',250,'th','€','2021-06-02 09:42:06'),(129,'Rick',50,'th','€','2021-06-02 09:42:06'),(128,'João Paulo',1.4,'m','€','2021-06-02 09:42:07'),(128,'Vladimir',700,'th','€','2021-06-02 09:42:07'),(128,'John',500,'th','€','2021-06-02 09:42:07'),(128,'Kaiky',6,'m','€','2021-06-02 09:42:07'),(128,'Luan Peres',2,'m','€','2021-06-02 09:42:07'),(128,'Cléber Reis',800,'th','€','2021-06-02 09:42:07'),(128,'Alex',450,'th','€','2021-06-02 09:42:07'),(128,'Luiz Felipe',400,'th','€','2021-06-02 09:42:07'),(128,'Robson Reis',100,'th','€','2021-06-02 09:42:07'),(128,'Jhonnathan',100,'th','€','2021-06-02 09:42:07'),(128,'Derick',100,'th','€','2021-06-02 09:42:07'),(128,'Wellington Tim',0,'m','€','2021-06-02 09:42:07'),(128,'Felipe Jonatan',4,'m','€','2021-06-02 09:42:07'),(128,'Moraes',300,'th','€','2021-06-02 09:42:07'),(128,'Madson',900,'th','€','2021-06-02 09:42:07'),(128,'Pará',800,'th','€','2021-06-02 09:42:07'),(128,'Mikael',100,'th','€','2021-06-02 09:42:07'),(128,'Cadu',50,'th','€','2021-06-02 09:42:07'),(128,'Sandro Perpetuo',0,'m','€','2021-06-02 09:42:07'),(128,'Alison',2,'m','€','2021-06-02 09:42:07'),(128,'Vinicius Balieiro',1.5,'m','€','2021-06-02 09:42:07'),(128,'Jobson',950,'th','€','2021-06-02 09:42:07'),(128,'Guilherme',50,'th','€','2021-06-02 09:42:07'),(128,'Sandry',3.5,'m','€','2021-06-02 09:42:07'),(128,'Ivonei',750,'th','€','2021-06-02 09:42:07'),(128,'Kevin Malthus',0,'m','€','2021-06-02 09:42:07'),(128,'Gabriel Pirani',2.5,'m','€','2021-06-02 09:42:07'),(128,'Jean Mota',1.3,'m','€','2021-06-02 09:42:07'),(128,'Carlos Sánchez',1.2,'m','€','2021-06-02 09:42:07'),(128,'Lucas Lourenço',400,'th','€','2021-06-02 09:42:07'),(128,'Rafael Longuine',300,'th','€','2021-06-02 09:42:07'),(128,'Anderson Ceará',300,'th','€','2021-06-02 09:42:07'),(128,'Lucas Barbosa',100,'th','€','2021-06-02 09:42:07'),(128,'Alexandre Tam',75,'th','€','2021-06-02 09:42:07'),(128,'Victor Yan',50,'th','€','2021-06-02 09:42:07'),(128,'Lucas Braga',2,'m','€','2021-06-02 09:42:07'),(128,'Jonathan Copete',800,'th','€','2021-06-02 09:42:07'),(128,'Fernandinho',200,'th','€','2021-06-02 09:42:07'),(128,'Allanzinho',150,'th','€','2021-06-02 09:42:07'),(128,'Ângelo Gabriel',7,'m','€','2021-06-02 09:42:07'),(128,'Marinho',4,'m','€','2021-06-02 09:42:07'),(128,'Marcos Guilherme',2.5,'m','€','2021-06-02 09:42:07'),(128,'Renyer',2.5,'m','€','2021-06-02 09:42:07'),(128,'Lucas Venuto',450,'th','€','2021-06-02 09:42:07'),(128,'Kaio Jorge',12,'m','€','2021-06-02 09:42:07'),(128,'Marcos Leonardo',2.9,'m','€','2021-06-02 09:42:07'),(128,'Raniel',1.8,'m','€','2021-06-02 09:42:07'),(128,'Bruno Marques',700,'th','€','2021-06-02 09:42:07'),(128,'Rodrigão',650,'th','€','2021-06-02 09:42:07'),(131,'Cássio',2,'m','€','2021-06-02 09:42:07'),(131,'Matheus Donelli',1,'m','€','2021-06-02 09:42:07'),(131,'Caíque França',250,'th','€','2021-06-02 09:42:07'),(131,'Guilherme Vicentini',50,'th','€','2021-06-02 09:42:07'),(131,'Jemerson',3,'m','€','2021-06-02 09:42:07'),(131,'Gil',2.7,'m','€','2021-06-02 09:42:07'),(131,'Léo Santos',2,'m','€','2021-06-02 09:42:07'),(131,'Bruno Méndez',1.8,'m','€','2021-06-02 09:42:07'),(131,'Danilo Avelar',1.8,'m','€','2021-06-02 09:42:07'),(131,'Raul Gustavo',1.5,'m','€','2021-06-02 09:42:07'),(131,'João Victor',800,'th','€','2021-06-02 09:42:07'),(131,'Lucas Piton',5.5,'m','€','2021-06-02 09:42:07'),(131,'Fábio Santos',650,'th','€','2021-06-02 09:42:07'),(131,'Fágner',3,'m','€','2021-06-02 09:42:07'),(131,'Gabriel',3,'m','€','2021-06-02 09:42:07'),(131,'Xavier',800,'th','€','2021-06-02 09:42:07'),(131,'Víctor Cantillo',3.2,'m','€','2021-06-02 09:42:07'),(131,'Ramiro',2.3,'m','€','2021-06-02 09:42:07'),(131,'Thiaguinho',1.1,'m','€','2021-06-02 09:42:07'),(131,'Guilherme Camacho',900,'th','€','2021-06-02 09:42:07'),(131,'Roni',600,'th','€','2021-06-02 09:42:07'),(131,'Luan',3.5,'m','€','2021-06-02 09:42:07'),(131,'Mateus Vital',3.5,'m','€','2021-06-02 09:42:07'),(131,'Ángelo Araos',3.2,'m','€','2021-06-02 09:42:07'),(131,'Rómulo Otero',2.2,'m','€','2021-06-02 09:42:07'),(131,'Matheus Araujo',100,'th','€','2021-06-02 09:42:07'),(131,'Vitinho',100,'th','€','2021-06-02 09:42:07'),(131,'Léo Natel',1,'m','€','2021-06-02 09:42:07'),(131,'Gustavo Silva',1.5,'m','€','2021-06-02 09:42:07'),(131,'Gabriel Pereira',700,'th','€','2021-06-02 09:42:07'),(131,'Adson',300,'th','€','2021-06-02 09:42:07'),(131,'Rodrigo Varanda',500,'th','€','2021-06-02 09:42:07'),(131,'Antony',100,'th','€','2021-06-02 09:42:07'),(131,'Jô',1.5,'m','€','2021-06-02 09:42:07'),(131,'Cauê',1,'m','€','2021-06-02 09:42:07'),(126,'Tiago Volpi',4,'m','€','2021-06-02 09:42:07'),(126,'Lucas Perri',1.4,'m','€','2021-06-02 09:42:07'),(126,'Arthur Gazze',200,'th','€','2021-06-02 09:42:07'),(126,'Thiago Couto',50,'th','€','2021-06-02 09:42:07'),(126,'Léo',2.3,'m','€','2021-06-02 09:42:07'),(126,'Bruno Alves',1.9,'m','€','2021-06-02 09:42:07'),(126,'Diego Costa',1.8,'m','€','2021-06-02 09:42:07'),(126,'Walce',1.8,'m','€','2021-06-02 09:42:07'),(126,'Robert Arboleda',1.6,'m','€','2021-06-02 09:42:07'),(126,'Miranda',1,'m','€','2021-06-02 09:42:07'),(126,'Rodrigo',400,'th','€','2021-06-02 09:42:07'),(126,'Reinaldo',2.5,'m','€','2021-06-02 09:42:07'),(126,'Welington',1,'m','€','2021-06-02 09:42:07'),(126,'Patryck',1,'m','€','2021-06-02 09:42:07'),(126,'Caique',0,'m','€','2021-06-02 09:42:07'),(126,'Igor Vinícius',3.2,'m','€','2021-06-02 09:42:07'),(126,'Dani Alves',2,'m','€','2021-06-02 09:42:07'),(126,'Luis Manuel Orejuela',1.7,'m','€','2021-06-02 09:42:07'),(126,'Anilson',200,'th','€','2021-06-02 09:42:07'),(126,'Caio Felipe',200,'th','€','2021-06-02 09:42:07'),(126,'Luan',5,'m','€','2021-06-02 09:42:07'),(126,'Gabriel Falcão',400,'th','€','2021-06-02 09:42:07'),(126,'Pablo Maia',0,'m','€','2021-06-02 09:42:07'),(126,'Liziero',4,'m','€','2021-06-02 09:42:07'),(126,'Rodrigo Nestor',2.5,'m','€','2021-06-02 09:42:07'),(126,'Talles',1.2,'m','€','2021-06-02 09:42:07'),(126,'William',1,'m','€','2021-06-02 09:42:07'),(126,'Hernanes',650,'th','€','2021-06-02 09:42:07'),(126,'Vitor Bueno',1.6,'m','€','2021-06-02 09:42:07'),(126,'Gabriel Sara',6.5,'m','€','2021-06-02 09:42:07'),(126,'Igor Gomes',8.5,'m','€','2021-06-02 09:42:07'),(126,'Martín Benítez',4,'m','€','2021-06-02 09:42:07'),(126,'Everton Felipe',750,'th','€','2021-06-02 09:42:07'),(126,'Shaylon',700,'th','€','2021-06-02 09:42:07'),(126,'Pedrinho',250,'th','€','2021-06-02 09:42:07'),(126,'Bruno Rodrigues',300,'th','€','2021-06-02 09:42:07'),(126,'Marquinhos Calazans',250,'th','€','2021-06-02 09:42:07'),(126,'Joao Rojas',1.4,'m','€','2021-06-02 09:42:07'),(126,'Paulinho Bóia',1,'m','€','2021-06-02 09:42:07'),(126,'Antonio Galeano',700,'th','€','2021-06-02 09:42:07'),(126,'Vitinho',300,'th','€','2021-06-02 09:42:07'),(126,'Marquinhos',250,'th','€','2021-06-02 09:42:07'),(126,'Éder',800,'th','€','2021-06-02 09:42:07'),(126,'Luciano',4,'m','€','2021-06-02 09:42:07'),(126,'Pablo',3,'m','€','2021-06-02 09:42:07'),(126,'Juan',500,'th','€','2021-06-02 09:42:07'),(130,'Brenno',3.5,'m','€','2021-06-02 09:42:07'),(130,'Paulo Victor',500,'th','€','2021-06-02 09:42:07'),(130,'Gabriel Chapecó',400,'th','€','2021-06-02 09:42:07'),(130,'Adriel',100,'th','€','2021-06-02 09:42:07'),(130,'Wálter Kannemann',4,'m','€','2021-06-02 09:42:07'),(130,'Rodrigues',1.8,'m','€','2021-06-02 09:42:07'),(130,'Pedro Geromel',1.5,'m','€','2021-06-02 09:42:07'),(130,'Ruan',1.5,'m','€','2021-06-02 09:42:07'),(130,'Paulo Miranda',450,'th','€','2021-06-02 09:42:07'),(130,'Emanuel',150,'th','€','2021-06-02 09:42:07'),(130,'Diogo Barbosa',2,'m','€','2021-06-02 09:42:07'),(130,'Bruno Cortez',800,'th','€','2021-06-02 09:42:07'),(130,'Vitinho',100,'th','€','2021-06-02 09:42:07'),(130,'Guilherme Guedes',50,'th','€','2021-06-02 09:42:07'),(130,'Vanderson',2,'m','€','2021-06-02 09:42:07'),(130,'Léo Gomes',1.5,'m','€','2021-06-02 09:42:07'),(130,'Victor Ferraz',1,'m','€','2021-06-02 09:42:07'),(130,'Rafinha',1,'m','€','2021-06-02 09:42:07'),(130,'Lucas Silva',2,'m','€','2021-06-02 09:42:07'),(130,'Thiago Santos',1.2,'m','€','2021-06-02 09:42:07'),(130,'Victor Bobsin',600,'th','€','2021-06-02 09:42:07'),(130,'Machado',400,'th','€','2021-06-02 09:42:07'),(130,'Bitello',250,'th','€','2021-06-02 09:42:07'),(130,'Jhonata Varela',100,'th','€','2021-06-02 09:42:07'),(130,'Matheus Henrique',15,'m','€','2021-06-02 09:42:07'),(130,'Darlan',3,'m','€','2021-06-02 09:42:07'),(130,'Fernando Henrique',900,'th','€','2021-06-02 09:42:07'),(130,'Maicon',400,'th','€','2021-06-02 09:42:07'),(130,'Jean Pyerre',9,'m','€','2021-06-02 09:42:07'),(130,'Pedro Lucas',1.5,'m','€','2021-06-02 09:42:07'),(130,'César Pinares',1.4,'m','€','2021-06-02 09:42:07'),(130,'Rildo',450,'th','€','2021-06-02 09:42:07'),(130,'Pepê',13,'m','€','2021-06-02 09:42:07'),(130,'Ferreira',7.5,'m','€','2021-06-02 09:42:07'),(130,'Douglas Costa',6,'m','€','2021-06-02 09:42:07'),(130,'Léo Chú',1.5,'m','€','2021-06-02 09:42:07'),(130,'Léo Pereira',1,'m','€','2021-06-02 09:42:07'),(130,'Elias Manoel',1,'m','€','2021-06-02 09:42:07'),(130,'Éverton',900,'th','€','2021-06-02 09:42:07'),(130,'Alisson',2.5,'m','€','2021-06-02 09:42:07'),(130,'Luiz Fernando',850,'th','€','2021-06-02 09:42:07'),(130,'Guilherme Azevedo',400,'th','€','2021-06-02 09:42:07'),(130,'Diego Souza',1.5,'m','€','2021-06-02 09:42:07'),(130,'Ricardinho',900,'th','€','2021-06-02 09:42:07'),(130,'Diego Churín',700,'th','€','2021-06-02 09:42:07');
/*!40000 ALTER TABLE `PLAYER` ENABLE KEYS */;
UNLOCK TABLES;

--
-- Table structure for table `RELIABILITY`
--

DROP TABLE IF EXISTS `RELIABILITY`;
/*!40101 SET @saved_cs_client     = @@character_set_client */;
/*!50503 SET character_set_client = utf8mb4 */;
CREATE TABLE `RELIABILITY` (
  `league_id` int NOT NULL,
  `reduction` int NOT NULL,
  PRIMARY KEY (`league_id`)
) ENGINE=InnoDB DEFAULT CHARSET=utf8mb4 COLLATE=utf8mb4_0900_ai_ci;
/*!40101 SET character_set_client = @saved_cs_client */;

--
-- Dumping data for table `RELIABILITY`
--

LOCK TABLES `RELIABILITY` WRITE;
/*!40000 ALTER TABLE `RELIABILITY` DISABLE KEYS */;
INSERT INTO `RELIABILITY` VALUES (39,1),(40,3),(61,3),(71,3),(78,1),(88,4),(94,3),(128,4),(135,2),(140,2),(144,4),(203,4);
/*!40000 ALTER TABLE `RELIABILITY` ENABLE KEYS */;
UNLOCK TABLES;

--
-- Table structure for table `RESUME`
--

DROP TABLE IF EXISTS `RESUME`;
/*!40101 SET @saved_cs_client     = @@character_set_client */;
/*!50503 SET character_set_client = utf8mb4 */;
CREATE TABLE `RESUME` (
  `round_number` int NOT NULL,
  `report` blob NOT NULL,
  `date_of_creation` date NOT NULL
) ENGINE=InnoDB DEFAULT CHARSET=utf8mb4 COLLATE=utf8mb4_0900_ai_ci;
/*!40101 SET character_set_client = @saved_cs_client */;

--
-- Dumping data for table `RESUME`
--

LOCK TABLES `RESUME` WRITE;
/*!40000 ALTER TABLE `RESUME` DISABLE KEYS */;
/*!40000 ALTER TABLE `RESUME` ENABLE KEYS */;
UNLOCK TABLES;

--
-- Table structure for table `STRATEGY`
--

DROP TABLE IF EXISTS `STRATEGY`;
/*!40101 SET @saved_cs_client     = @@character_set_client */;
/*!50503 SET character_set_client = utf8mb4 */;
CREATE TABLE `STRATEGY` (
  `strategy_id` int NOT NULL AUTO_INCREMENT,
  `level` int NOT NULL,
  `underdog_type` varchar(7) NOT NULL,
  `underdog_playing` varchar(4) NOT NULL,
  `underdog_odd` float NOT NULL,
  `marketcap_diff` float NOT NULL,
  PRIMARY KEY (`strategy_id`)
) ENGINE=InnoDB AUTO_INCREMENT=9 DEFAULT CHARSET=utf8mb4 COLLATE=utf8mb4_0900_ai_ci;
/*!40101 SET character_set_client = @saved_cs_client */;

--
-- Dumping data for table `STRATEGY`
--

LOCK TABLES `STRATEGY` WRITE;
/*!40000 ALTER TABLE `STRATEGY` DISABLE KEYS */;
INSERT INTO `STRATEGY` VALUES (1,1,'SUP UND','HOME',2,250),(2,1,'SUP UND','AWAY',2.2,250),(3,2,'SUP UND','HOME',1.4,250),(4,2,'SUP UND','AWAY',1.6,250),(5,3,'UND','AWAY',1.9,170),(6,4,'UND','HOME',1.5,170),(7,5,'UND','AWAY',1.5,170),(8,3,'WRONG','NIL',1,0);
/*!40000 ALTER TABLE `STRATEGY` ENABLE KEYS */;
UNLOCK TABLES;

--
-- Table structure for table `TEAM`
--

DROP TABLE IF EXISTS `TEAM`;
/*!40101 SET @saved_cs_client     = @@character_set_client */;
/*!50503 SET character_set_client = utf8mb4 */;
CREATE TABLE `TEAM` (
  `team_id` int NOT NULL,
  `league_id` int NOT NULL,
  `country` varchar(150) NOT NULL,
  `name` varchar(100) NOT NULL,
  `short_name` varchar(100) NOT NULL,
  `total_market_value` float NOT NULL,
  `total_market_value_unit` varchar(2) NOT NULL,
  `total_market_value_currency` varchar(1) NOT NULL,
  `average_market_value_player` float NOT NULL,
  `average_market_value_player_unit` varchar(2) NOT NULL,
  `average_market_value_player_currency` varchar(1) NOT NULL,
  `url_logo` varchar(300) NOT NULL,
  `url_players` varchar(300) NOT NULL
) ENGINE=InnoDB DEFAULT CHARSET=utf8mb4 COLLATE=utf8mb4_0900_ai_ci;
/*!40101 SET character_set_client = @saved_cs_client */;

--
-- Dumping data for table `TEAM`
--

LOCK TABLES `TEAM` WRITE;
/*!40000 ALTER TABLE `TEAM` DISABLE KEYS */;
INSERT INTO `TEAM` VALUES (127,71,'Brazil','Clube de Regatas do Flamengo','Flamengo',152.95,'m','€',4.63,'m','€','https://tmssl.akamaized.net/images/wappen/tiny/614.png?lm=1551023331','/flamengo-rio-de-janeiro/startseite/verein/614/saison_id/2020'),(121,71,'Brazil','Sociedade Esportiva Palmeiras','Palmeiras',145.05,'m','€',3.92,'m','€','https://tmssl.akamaized.net/images/wappen/tiny/1023.png?lm=1411204983','/se-palmeiras-sao-paulo/startseite/verein/1023/saison_id/2020'),(130,71,'Brazil','Grêmio Foot-Ball Porto Alegrense','Grêmio',96.3,'m','€',2.14,'m','€','https://tmssl.akamaized.net/images/wappen/tiny/210.png?lm=1412879265','/gremio-porto-alegre/startseite/verein/210/saison_id/2020'),(1062,71,'Brazil','Clube Atlético Mineiro','Atlético-MG',86.55,'m','€',2.89,'m','€','https://tmssl.akamaized.net/images/wappen/tiny/330.png?lm=1411033853','/clube-atletico-mineiro/startseite/verein/330/saison_id/2020'),(126,71,'Brazil','São Paulo Futebol Clube','São Paulo',77.8,'m','€',1.69,'m','€','https://tmssl.akamaized.net/images/wappen/tiny/585.png?lm=1409133922','/fc-sao-paulo/startseite/verein/585/saison_id/2020'),(124,71,'Brazil','Fluminense Football Club','Fluminense',74.73,'m','€',1.74,'m','€','https://tmssl.akamaized.net/images/wappen/tiny/2462.png?lm=1412879201','/fluminense-rio-de-janeiro/startseite/verein/2462/saison_id/2020'),(128,71,'Brazil','Santos FC','Santos',71.33,'m','€',1.46,'m','€','https://tmssl.akamaized.net/images/wappen/tiny/221.png?lm=1412879099','/fc-santos/startseite/verein/221/saison_id/2020'),(119,71,'Brazil','Sport Club Internacional','Internacional',69.88,'m','€',2.12,'m','€','https://tmssl.akamaized.net/images/wappen/tiny/6600.png?lm=1412878908','/sc-internacional-porto-alegre/startseite/verein/6600/saison_id/2020'),(794,71,'Brazil','Red Bull Bragantino','Bragantino',61.73,'m','€',1.71,'m','€','https://tmssl.akamaized.net/images/wappen/tiny/8793.png?lm=1577915313','/red-bull-bragantino/startseite/verein/8793/saison_id/2020'),(131,71,'Brazil','Sport Club Corinthians Paulista','Corinthians',57.15,'m','€',1.63,'m','€','https://tmssl.akamaized.net/images/wappen/tiny/199.png?lm=1408636801','/corinthians-sao-paulo/startseite/verein/199/saison_id/2020'),(134,71,'Brazil','Club Athletico Paranaense','Atletico Paranaense',54.9,'m','€',1.89,'m','€','https://tmssl.akamaized.net/images/wappen/tiny/679.png?lm=1548711363','/club-athletico-paranaense/startseite/verein/679/saison_id/2020'),(118,71,'Brazil','Esporte Clube Bahia','Bahia',23.13,'m','€',642,'th','€','https://tmssl.akamaized.net/images/wappen/tiny/10010.png?lm=1412879423','/esporte-clube-bahia/startseite/verein/10010/saison_id/2020'),(154,71,'Brazil','Fortaleza Esporte Clube','Fortaleza EC',21.63,'m','€',601,'th','€','https://tmssl.akamaized.net/images/wappen/tiny/10870.png?lm=1450820624','/fortaleza-esporte-clube/startseite/verein/10870/saison_id/2020'),(123,71,'Brazil','Sport Club do Recife','Sport Recife',20.8,'m','€',578,'th','€','https://tmssl.akamaized.net/images/wappen/tiny/8718.png?lm=1412879537','/sport-club-do-recife/startseite/verein/8718/saison_id/2020'),(129,71,'Brazil','Ceará Sporting Club','Ceara',19.08,'m','€',561,'th','€','https://tmssl.akamaized.net/images/wappen/tiny/2029.png?lm=1437429449','/ceara-sporting-club/startseite/verein/2029/saison_id/2020'),(1193,71,'Brazil','Cuiabá Esporte Clube (MT)','Cuiaba',16.05,'m','€',334,'th','€','https://tmssl.akamaized.net/images/wappen/tiny/28022.png?lm=1451243370','/cuiaba-ec-mt-/startseite/verein/28022/saison_id/2020'),(144,71,'Brazil','Atlético Clube Goianiense','Atletico Goianiense',14.9,'m','€',596,'th','€','https://tmssl.akamaized.net/images/wappen/tiny/15172.png?lm=1598605472','/atletico-clube-goianiense/startseite/verein/15172/saison_id/2020'),(132,71,'Brazil','Associação Chapecoense de Futebol','Chapecoense-sc',14.65,'m','€',366,'th','€','https://tmssl.akamaized.net/images/wappen/tiny/17776.png?lm=1522146421','/chapecoense/startseite/verein/17776/saison_id/2020'),(125,71,'Brazil','América Futebol Clube (MG)','America Mineiro',12.9,'m','€',331,'th','€','https://tmssl.akamaized.net/images/wappen/tiny/2863.png?lm=1419949367','/america-futebol-clube-mg-/startseite/verein/2863/saison_id/2020'),(152,71,'Brazil','Esporte Clube Juventude','Juventude',11,'m','€',393,'th','€','https://tmssl.akamaized.net/images/wappen/tiny/10492.png?lm=1416046262','/esporte-clube-juventude/startseite/verein/10492/saison_id/2020');
/*!40000 ALTER TABLE `TEAM` ENABLE KEYS */;
UNLOCK TABLES;
/*!40103 SET TIME_ZONE=@OLD_TIME_ZONE */;

/*!40101 SET SQL_MODE=@OLD_SQL_MODE */;
/*!40014 SET FOREIGN_KEY_CHECKS=@OLD_FOREIGN_KEY_CHECKS */;
/*!40014 SET UNIQUE_CHECKS=@OLD_UNIQUE_CHECKS */;
/*!40101 SET CHARACTER_SET_CLIENT=@OLD_CHARACTER_SET_CLIENT */;
/*!40101 SET CHARACTER_SET_RESULTS=@OLD_CHARACTER_SET_RESULTS */;
/*!40101 SET COLLATION_CONNECTION=@OLD_COLLATION_CONNECTION */;
/*!40111 SET SQL_NOTES=@OLD_SQL_NOTES */;

-- Dump completed on 2021-06-06 22:12:09
