-- MySQL dump 10.13  Distrib 8.0.25, for macos10.15 (x86_64)
--
-- Host: localhost    Database: season_20_21
-- ------------------------------------------------------
-- Server version	8.0.25

/*!40101 SET @OLD_CHARACTER_SET_CLIENT=@@CHARACTER_SET_CLIENT */;
/*!40101 SET @OLD_CHARACTER_SET_RESULTS=@@CHARACTER_SET_RESULTS */;
/*!40101 SET @OLD_COLLATION_CONNECTION=@@COLLATION_CONNECTION */;
/*!50503 SET NAMES utf8mb4 */;
/*!40103 SET @OLD_TIME_ZONE=@@TIME_ZONE */;
/*!40103 SET TIME_ZONE='+00:00' */;
/*!40014 SET @OLD_UNIQUE_CHECKS=@@UNIQUE_CHECKS, UNIQUE_CHECKS=0 */;
/*!40014 SET @OLD_FOREIGN_KEY_CHECKS=@@FOREIGN_KEY_CHECKS, FOREIGN_KEY_CHECKS=0 */;
/*!40101 SET @OLD_SQL_MODE=@@SQL_MODE, SQL_MODE='NO_AUTO_VALUE_ON_ZERO' */;
/*!40111 SET @OLD_SQL_NOTES=@@SQL_NOTES, SQL_NOTES=0 */;

--
-- Table structure for table `FIXTURE`
--

DROP TABLE IF EXISTS `FIXTURE`;
/*!40101 SET @saved_cs_client     = @@character_set_client */;
/*!50503 SET character_set_client = utf8mb4 */;
CREATE TABLE `FIXTURE` (
  `fixture_id` int NOT NULL,
  `date_fixture` datetime NOT NULL,
  `round` varchar(50) NOT NULL,
  `home_team` int NOT NULL,
  `away_team` int NOT NULL,
  `league_id` int NOT NULL,
  `status` varchar(50) NOT NULL,
  `timezone` varchar(50) NOT NULL,
  PRIMARY KEY (`fixture_id`,`home_team`,`away_team`),
  KEY `new_index` (`fixture_id`,`home_team`,`away_team`)
) ENGINE=InnoDB DEFAULT CHARSET=utf8mb4 COLLATE=utf8mb4_0900_ai_ci;
/*!40101 SET character_set_client = @saved_cs_client */;

--
-- Dumping data for table `FIXTURE`
--

LOCK TABLES `FIXTURE` WRITE;
/*!40000 ALTER TABLE `FIXTURE` DISABLE KEYS */;
INSERT INTO `FIXTURE` VALUES (688929,'2021-06-13 19:00:00','Regular Season - 3',127,125,71,'NS','UTC'),(688930,'2021-06-12 22:00:00','Regular Season - 3',121,131,71,'NS','UTC'),(688931,'2021-06-12 22:00:00','Regular Season - 3',128,152,71,'NS','UTC'),(688932,'2021-06-13 19:00:00','Regular Season - 3',1062,126,71,'NS','UTC'),(688933,'2021-06-13 19:00:00','Regular Season - 3',130,134,71,'NS','UTC'),(688934,'2021-06-13 23:30:00','Regular Season - 3',154,123,71,'NS','UTC'),(688935,'2021-06-13 23:30:00','Regular Season - 3',118,119,71,'NS','UTC'),(688936,'2021-06-13 23:30:00','Regular Season - 3',794,124,71,'NS','UTC'),(688937,'2021-06-13 23:30:00','Regular Season - 3',132,129,71,'NS','UTC'),(688938,'2021-06-14 23:00:00','Regular Season - 3',1193,144,71,'PST','UTC');
/*!40000 ALTER TABLE `FIXTURE` ENABLE KEYS */;
UNLOCK TABLES;

--
-- Table structure for table `HOMEWORK`
--

DROP TABLE IF EXISTS `HOMEWORK`;
/*!40101 SET @saved_cs_client     = @@character_set_client */;
/*!50503 SET character_set_client = utf8mb4 */;
CREATE TABLE `HOMEWORK` (
  `fixture_id` int NOT NULL,
  `bookmaker_id` int DEFAULT NULL,
  `home_odds` float DEFAULT NULL,
  `home_bnews` blob,
  `away_odds` float DEFAULT NULL,
  `away_bnews` blob,
  `diff_market_cap` float NOT NULL,
  `favorite` int DEFAULT NULL,
  `favorite_market_cap` float DEFAULT NULL,
  `underdog` int DEFAULT NULL,
  `underdog_market_cap` float DEFAULT NULL,
  `updated_at` datetime NOT NULL,
  PRIMARY KEY (`fixture_id`)
) ENGINE=InnoDB DEFAULT CHARSET=utf8mb4 COLLATE=utf8mb4_0900_ai_ci;
/*!40101 SET character_set_client = @saved_cs_client */;

--
-- Dumping data for table `HOMEWORK`
--

LOCK TABLES `HOMEWORK` WRITE;
/*!40000 ALTER TABLE `HOMEWORK` DISABLE KEYS */;
INSERT INTO `HOMEWORK` VALUES (688929,2,1.37,NULL,9,NULL,1185.66,127,152.95,125,12.9,'2021-06-12 19:20:41'),(688930,2,1.89,NULL,4.33,NULL,254.697,121,145.05,131,56.95,'2021-06-12 19:20:41'),(688931,2,1.68,NULL,5.25,NULL,576.917,128,69.23,152,12,'2021-06-12 19:20:41'),(688932,2,2.18,NULL,3.64,NULL,108.008,1062,85.65,126,79.3,'2021-06-12 19:20:41'),(688933,2,1.81,NULL,5.1,NULL,172.868,130,95.25,134,55.1,'2021-06-12 19:20:41'),(688934,2,1.73,NULL,5.5,NULL,107.22,154,21.98,123,20.5,'2021-06-12 19:20:41'),(688935,2,2.88,NULL,2.67,NULL,318.513,119,69.85,118,21.93,'2021-06-12 19:20:41'),(688936,2,2.14,NULL,3.7,NULL,122.366,794,61.03,124,74.68,'2021-06-12 19:20:41'),(688937,2,2.95,NULL,2.49,NULL,130.239,129,19.08,132,14.65,'2021-06-12 19:20:41'),(688938,2,2.88,NULL,2.55,NULL,111.034,144,14.5,1193,16.1,'2021-06-11 17:17:47');
/*!40000 ALTER TABLE `HOMEWORK` ENABLE KEYS */;
UNLOCK TABLES;

--
-- Table structure for table `LEAGUE`
--

DROP TABLE IF EXISTS `LEAGUE`;
/*!40101 SET @saved_cs_client     = @@character_set_client */;
/*!50503 SET character_set_client = utf8mb4 */;
CREATE TABLE `LEAGUE` (
  `league_id` int NOT NULL,
  `league_name` varchar(100) NOT NULL,
  `country` varchar(100) DEFAULT NULL,
  `url_flag_country` varchar(300) NOT NULL,
  `clubs` int NOT NULL,
  `players` int NOT NULL,
  `total_market_value` varchar(100) DEFAULT NULL,
  `total_market_value_unit` varchar(2) NOT NULL,
  `total_market_value_currency` varchar(1) NOT NULL,
  `mean_market_value` varchar(100) DEFAULT NULL,
  `mean_market_value_unit` varchar(2) NOT NULL,
  `mean_market_value_currency` varchar(1) NOT NULL,
  `continent` varchar(100) DEFAULT NULL,
  `url_teams` varchar(300) NOT NULL,
  `url_logo` varchar(300) NOT NULL,
  PRIMARY KEY (`league_id`,`league_name`),
  KEY `new_index` (`league_id`)
) ENGINE=InnoDB DEFAULT CHARSET=utf8mb4 COLLATE=utf8mb4_0900_ai_ci;
/*!40101 SET character_set_client = @saved_cs_client */;

--
-- Dumping data for table `LEAGUE`
--

LOCK TABLES `LEAGUE` WRITE;
/*!40000 ALTER TABLE `LEAGUE` DISABLE KEYS */;
INSERT INTO `LEAGUE` VALUES (71,'Campeonato Brasileiro Série A','Brazil','https://tmssl.akamaized.net/images/flagge/verysmall/26.png?lm=1520611569',20,729,'1.1','bn','€','55.1','m','€','CONMEBOL','/campeonato-brasileiro-serie-a/startseite/wettbewerb/BRA1','https://tmssl.akamaized.net/images/logo/mediumsmall/bra1.png?lm=1501485979'),(128,'Copa de la Liga Profesional de Fútbol','Argentina','https://tmssl.akamaized.net/images/flagge/verysmall/9.png?lm=1520611569',26,755,'873.58','m','€','33.6','m','€','CONMEBOL','/copa-de-la-liga-profesional-de-futbol/startseite/wettbewerb/CDLP','https://tmssl.akamaized.net/images/logo/mediumsmall/cdlp.png?lm=1612538376');
/*!40000 ALTER TABLE `LEAGUE` ENABLE KEYS */;
UNLOCK TABLES;

--
-- Table structure for table `OPPORTUNITY`
--

DROP TABLE IF EXISTS `OPPORTUNITY`;
/*!40101 SET @saved_cs_client     = @@character_set_client */;
/*!50503 SET character_set_client = utf8mb4 */;
CREATE TABLE `OPPORTUNITY` (
  `fixture_id` int NOT NULL,
  `strategy_id` int NOT NULL
) ENGINE=InnoDB DEFAULT CHARSET=utf8mb4 COLLATE=utf8mb4_0900_ai_ci;
/*!40101 SET character_set_client = @saved_cs_client */;

--
-- Dumping data for table `OPPORTUNITY`
--

LOCK TABLES `OPPORTUNITY` WRITE;
/*!40000 ALTER TABLE `OPPORTUNITY` DISABLE KEYS */;
INSERT INTO `OPPORTUNITY` VALUES (688929,2),(688929,4),(688932,8),(688933,5),(688933,7),(688934,8),(688935,1),(688935,3),(688936,8),(688937,9),(688938,9),(688929,2),(688929,4),(688930,2),(688930,4),(688931,2),(688931,4),(688932,8),(688933,5),(688933,7),(688934,8),(688935,1),(688935,3),(688936,8),(688937,9);
/*!40000 ALTER TABLE `OPPORTUNITY` ENABLE KEYS */;
UNLOCK TABLES;

--
-- Table structure for table `PLAYER`
--

DROP TABLE IF EXISTS `PLAYER`;
/*!40101 SET @saved_cs_client     = @@character_set_client */;
/*!50503 SET character_set_client = utf8mb4 */;
CREATE TABLE `PLAYER` (
  `team_id` int NOT NULL,
  `position` enum('G','D','M','F','NC.') DEFAULT NULL,
  `name` varchar(300) NOT NULL,
  `birth_date` date NOT NULL,
  `market_value` float NOT NULL,
  `market_value_unit` varchar(2) NOT NULL,
  `market_value_currency` varchar(1) NOT NULL,
  `last_update` datetime NOT NULL,
  PRIMARY KEY (`team_id`,`name`,`birth_date`)
) ENGINE=InnoDB DEFAULT CHARSET=utf8mb4 COLLATE=utf8mb4_0900_ai_ci;
/*!40101 SET character_set_client = @saved_cs_client */;

--
-- Dumping data for table `PLAYER`
--

LOCK TABLES `PLAYER` WRITE;
/*!40000 ALTER TABLE `PLAYER` DISABLE KEYS */;
INSERT INTO `PLAYER` VALUES (118,'M','Alesson','1999-02-16',500,'th','€','2021-06-14 11:52:04'),(118,'M','Danielzinho','1996-01-11',1.4,'m','€','2021-06-14 11:52:04'),(118,'G','Douglas Friedrich','1988-12-12',900,'th','€','2021-06-14 11:52:04'),(118,'M','Edson','1998-04-24',200,'th','€','2021-06-14 11:52:04'),(118,'D','Éverson','1997-07-24',100,'th','€','2021-06-14 11:52:04'),(118,'D','Germán Conti','1994-06-03',2.5,'m','€','2021-06-14 11:52:04'),(118,'F','Gilberto','1989-06-05',900,'th','€','2021-06-14 11:52:04'),(118,'D','João Pedro','1996-11-15',900,'th','€','2021-06-14 11:52:04'),(118,'M','Jonas','1991-10-08',275,'th','€','2021-06-14 11:52:04'),(118,'M','Juan Pablo Ramírez','1997-11-26',700,'th','€','2021-06-14 11:52:04'),(118,'D','Juninho','1995-02-01',950,'th','€','2021-06-14 11:52:04'),(118,'D','Juninho Capixaba','1997-07-06',1,'m','€','2021-06-14 11:52:04'),(118,'G','Júnior','1998-08-10',50,'th','€','2021-06-14 11:52:04'),(118,'G','Leandro Matheus','2001-01-28',50,'th','€','2021-06-14 11:52:04'),(118,'M','Lucas Araújo','1999-05-21',50,'th','€','2021-06-14 11:52:04'),(118,'D','Lucas Fonseca','1985-08-02',450,'th','€','2021-06-14 11:52:04'),(118,'D','Luiz Otávio','1992-10-09',600,'th','€','2021-06-14 11:52:04'),(118,'F','Marcelo Ryan','2002-06-08',500,'th','€','2021-06-14 11:52:04'),(118,'G','Mateus Claus','1994-08-03',50,'th','€','2021-06-14 11:52:04'),(118,'D','Matheus Bahia','1999-08-11',1,'m','€','2021-06-14 11:52:04'),(118,'M','Matheus Galdezani','1992-03-13',800,'th','€','2021-06-14 11:52:04'),(118,'G','Matheus Teixeira','1999-03-08',500,'th','€','2021-06-14 11:52:04'),(118,'F','Maycon Douglas','1996-08-27',400,'th','€','2021-06-14 11:52:04'),(118,'D','Nino Paraíba','1986-01-10',400,'th','€','2021-06-14 11:52:04'),(118,'M','Óscar Ruiz','1991-05-14',500,'th','€','2021-06-14 11:52:04'),(118,'M','Pablo','1999-11-14',50,'th','€','2021-06-14 11:52:04'),(118,'M','Patrick de Lucca','2000-03-02',1,'m','€','2021-06-14 11:52:04'),(118,'D','Renan Guedes','1998-01-19',500,'th','€','2021-06-14 11:52:04'),(118,'M','Rodriguinho','1988-03-27',1.3,'m','€','2021-06-14 11:52:04'),(118,'F','Rossi','1993-04-22',1,'m','€','2021-06-14 11:52:04'),(118,'M','Thaciano','1995-05-12',800,'th','€','2021-06-14 11:52:04'),(118,'M','Thonny Anderson','1997-12-27',1.6,'m','€','2021-06-14 11:52:04'),(119,'M','Bruno Praxedes','2002-02-08',5,'m','€','2021-06-14 11:52:05'),(119,'F','Caio Vidal','2000-11-04',900,'th','€','2021-06-14 11:52:05'),(119,'F','Carlos Palacios','2000-07-20',2,'m','€','2021-06-14 11:52:05'),(119,'G','Daniel','1994-05-06',50,'th','€','2021-06-14 11:52:05'),(119,'G','Danilo Fernandes','1988-04-03',750,'th','€','2021-06-14 11:52:05'),(119,'M','Edenilson','1989-12-18',2.4,'m','€','2021-06-14 11:52:05'),(119,'M','Gabriel Boschilia','1996-03-05',3,'m','€','2021-06-14 11:52:05'),(119,'D','Heitor','2000-11-05',3,'m','€','2021-06-14 11:52:05'),(119,'M','Johnny','2001-09-20',900,'th','€','2021-06-14 11:52:05'),(119,'M','Juan Manuel Cuesta','2002-02-09',350,'th','€','2021-06-14 11:52:05'),(119,'D','Léo Borges','2001-01-03',800,'th','€','2021-06-14 11:52:05'),(119,'M','Lucas Ramos','2001-01-03',500,'th','€','2021-06-14 11:52:05'),(119,'D','Lucas Ribeiro','1999-01-19',2,'m','€','2021-06-14 11:52:05'),(119,'G','Marcelo Lomba','1986-12-18',1.3,'m','€','2021-06-14 11:52:05'),(119,'M','Mauricio','2001-06-22',1.5,'m','€','2021-06-14 11:52:05'),(119,'D','Moisés','1995-03-11',1.1,'m','€','2021-06-14 11:52:05'),(119,'M','Nonato','1998-03-03',1.8,'m','€','2021-06-14 11:52:05'),(119,'F','Paolo Guerrero','1984-01-01',750,'th','€','2021-06-14 11:52:05'),(119,'M','Patrick','1992-07-29',4.5,'m','€','2021-06-14 11:52:05'),(119,'D','Pedro Henrique','2001-01-31',650,'th','€','2021-06-14 11:52:05'),(119,'F','Pedro Lucas','1998-09-05',500,'th','€','2021-06-14 11:52:05'),(119,'F','Peglow','2002-01-07',4,'m','€','2021-06-14 11:52:05'),(119,'D','Roberto','1998-06-03',500,'th','€','2021-06-14 11:52:05'),(119,'M','Rodrigo Dourado','1994-06-17',4,'m','€','2021-06-14 11:52:05'),(119,'M','Rodrigo Lindoso','1989-06-06',1.5,'m','€','2021-06-14 11:52:05'),(119,'D','Rodrigo Moledo','1987-10-27',1.4,'m','€','2021-06-14 11:52:05'),(119,'D','Saravia','1993-06-16',3.2,'m','€','2021-06-14 11:52:05'),(119,'F','Taison','1988-01-13',7,'m','€','2021-06-14 11:52:05'),(119,'F','Thiago Galhardo','1989-07-20',2.5,'m','€','2021-06-14 11:52:05'),(119,'D','Víctor Cuesta','1988-11-19',4,'m','€','2021-06-14 11:52:05'),(119,'F','Yuri Alberto','2001-03-18',6,'m','€','2021-06-14 11:52:05'),(119,'D','Zé Gabriel','1999-01-21',2,'m','€','2021-06-14 11:52:05'),(121,'D','Alan Empereur','1994-03-10',1,'m','€','2021-06-14 11:52:06'),(121,'M','Alanzinho','2000-03-08',300,'th','€','2021-06-14 11:52:06'),(121,'D','Benjamín Kuscevic','1996-05-02',1.3,'m','€','2021-06-14 11:52:06'),(121,'F','Breno Lopes','1996-01-24',1.5,'m','€','2021-06-14 11:52:06'),(121,'M','Danilo','2001-04-29',8,'m','€','2021-06-14 11:52:06'),(121,'M','Danilo Barbosa','1996-02-28',6.5,'m','€','2021-06-14 11:52:06'),(121,'F','Deyverson','1991-05-08',2.8,'m','€','2021-06-14 11:52:06'),(121,'F','Dudu','1992-01-07',12,'m','€','2021-06-14 11:52:06'),(121,'M','Felipe Melo','1983-06-26',600,'th','€','2021-06-14 11:52:06'),(121,'M','Gabriel Menino','2000-09-29',14,'m','€','2021-06-14 11:52:06'),(121,'F','Gabriel Silva','2002-03-22',900,'th','€','2021-06-14 11:52:06'),(121,'F','Gabriel Veron','2002-09-03',18,'m','€','2021-06-14 11:52:06'),(121,'F','Giovani','2004-01-01',5,'m','€','2021-06-14 11:52:06'),(121,'D','Gustavo Garcia','2002-01-04',0,'m','€','2021-06-14 11:52:06'),(121,'D','Gustavo Gómez','1993-05-06',6,'m','€','2021-06-14 11:52:06'),(121,'M','Gustavo Scarpa','1994-01-05',3.5,'m','€','2021-06-14 11:52:06'),(121,'D','Henri','2002-02-19',2,'m','€','2021-06-14 11:52:06'),(121,'F','Iván Angulo','1999-03-22',750,'th','€','2021-06-14 11:52:06'),(121,'G','Jaílson','1981-07-20',250,'th','€','2021-06-14 11:52:06'),(121,'M','Jean','1986-06-24',800,'th','€','2021-06-14 11:52:06'),(121,'NC.','Kevin','2003-01-04',0,'m','€','2021-06-14 11:52:06'),(121,'D','Luan','1993-05-10',3,'m','€','2021-06-14 11:52:06'),(121,'F','Luan Silva','1999-02-26',100,'th','€','2021-06-14 11:52:06'),(121,'D','Lucas Esteves','2000-06-24',800,'th','€','2021-06-14 11:52:06'),(121,'M','Lucas Lima','1990-07-09',3,'m','€','2021-06-14 11:52:06'),(121,'F','Luiz Adriano','1987-04-12',2.5,'m','€','2021-06-14 11:52:06'),(121,'D','Marcos Rocha','1988-12-11',1.5,'m','€','2021-06-14 11:52:06'),(121,'D','Matías Viña','1997-11-09',4,'m','€','2021-06-14 11:52:06'),(121,'D','Mayke','1992-11-10',1.1,'m','€','2021-06-14 11:52:06'),(121,'D','Michel','2003-05-20',0,'m','€','2021-06-14 11:52:06'),(121,'M','Patrick de Paula','1999-09-08',12,'m','€','2021-06-14 11:52:06'),(121,'M','Raphael Veiga','1995-06-19',4.5,'m','€','2021-06-14 11:52:06'),(121,'D','Renan','2002-05-19',7,'m','€','2021-06-14 11:52:06'),(121,'F','Rony','1995-05-11',9,'m','€','2021-06-14 11:52:06'),(121,'D','Victor Luis','1993-06-23',1.5,'m','€','2021-06-14 11:52:06'),(121,'G','Vinicius Silvestre','1994-03-28',150,'th','€','2021-06-14 11:52:06'),(121,'F','Wesley','1999-03-30',2.3,'m','€','2021-06-14 11:52:06'),(121,'G','Wéverton','1987-12-13',5,'m','€','2021-06-14 11:52:06'),(121,'F','Willian','1986-11-19',1.2,'m','€','2021-06-14 11:52:06'),(121,'NC.','Yago Santos','2003-04-03',0,'m','€','2021-06-14 11:52:06'),(121,'M','Zé Rafael','1993-06-16',4,'m','€','2021-06-14 11:52:06'),(123,'D','Adryelson','1998-03-23',1,'m','€','2021-06-14 11:52:04'),(123,'F','André','1990-09-27',750,'th','€','2021-06-14 11:52:04'),(123,'M','Betinho','1992-04-04',600,'th','€','2021-06-14 11:52:04'),(123,'G','Carlos Eduardo','1992-02-24',50,'th','€','2021-06-14 11:52:04'),(123,'M','Carlos Rentería','1995-07-05',550,'th','€','2021-06-14 11:52:04'),(123,'D','Chico','1998-09-14',250,'th','€','2021-06-14 11:52:04'),(123,'F','Everaldo','1994-05-28',800,'th','€','2021-06-14 11:52:04'),(123,'D','Ewerthon','2000-11-10',200,'th','€','2021-06-14 11:52:04'),(123,'M','Gustavo','2002-09-11',250,'th','€','2021-06-14 11:52:04'),(123,'D','Hayner','1995-10-02',200,'th','€','2021-06-14 11:52:04'),(123,'F','Hernane','1986-08-04',500,'th','€','2021-06-14 11:52:04'),(123,'D','Iago Maidana','1996-02-06',1,'m','€','2021-06-14 11:52:04'),(123,'M','João Igor','1996-03-14',175,'th','€','2021-06-14 11:52:04'),(123,'F','Jonas Toró','1999-05-30',1.7,'m','€','2021-06-14 11:52:04'),(123,'M','José Welison','1995-03-11',650,'th','€','2021-06-14 11:52:04'),(123,'D','Júnior Tavares','1996-08-07',800,'th','€','2021-06-14 11:52:04'),(123,'F','Leandro Barcia','1992-10-08',750,'th','€','2021-06-14 11:52:04'),(123,'G','Luan Polli','1993-04-06',600,'th','€','2021-06-14 11:52:04'),(123,'G','Mailson','1996-08-20',500,'th','€','2021-06-14 11:52:04'),(123,'M','Marcão Silva','1991-01-14',400,'th','€','2021-06-14 11:52:04'),(123,'F','Marquinhos','1997-01-26',850,'th','€','2021-06-14 11:52:04'),(123,'M','Maxwell','1995-02-11',200,'th','€','2021-06-14 11:52:04'),(123,'F','Mikael','1999-05-28',500,'th','€','2021-06-14 11:52:04'),(123,'F','Neílton','1994-02-17',1,'m','€','2021-06-14 11:52:04'),(123,'M','Pablo Pardal','1999-04-21',50,'th','€','2021-06-14 11:52:04'),(123,'D','Patric','1989-03-25',800,'th','€','2021-06-14 11:52:04'),(123,'NC.','Paulinho Mocelin','1994-03-16',300,'th','€','2021-06-14 11:52:04'),(123,'D','Rafael Thyere','1993-05-17',450,'th','€','2021-06-14 11:52:04'),(123,'M','Ricardinho','1989-03-27',500,'th','€','2021-06-14 11:52:04'),(123,'M','Ronaldo','1994-06-27',375,'th','€','2021-06-14 11:52:04'),(123,'D','Sabino','1996-10-25',950,'th','€','2021-06-14 11:52:04'),(123,'D','Sander','1990-10-03',650,'th','€','2021-06-14 11:52:04'),(123,'F','Santiago Tréllez','1990-01-17',700,'th','€','2021-06-14 11:52:04'),(123,'M','Thiago Lopes','1996-10-27',450,'th','€','2021-06-14 11:52:04'),(123,'M','Thiago Neves','1985-02-27',1,'m','€','2021-06-14 11:52:04'),(124,'F','Abel Hernández','1990-08-08',2.4,'m','€','2021-06-14 11:52:06'),(124,'M','André Trindade','2001-07-16',500,'th','€','2021-06-14 11:52:06'),(124,'F','Caio Paulista','1998-05-11',1.5,'m','€','2021-06-14 11:52:06'),(124,'D','Calegari','2002-02-27',4,'m','€','2021-06-14 11:52:06'),(124,'D','Daniel','1999-06-18',50,'th','€','2021-06-14 11:52:06'),(124,'D','Danilo Barcelos','1991-08-17',850,'th','€','2021-06-14 11:52:06'),(124,'D','David Braz','1987-05-21',900,'th','€','2021-06-14 11:52:06'),(124,'D','Egídio','1986-06-16',800,'th','€','2021-06-14 11:52:06'),(124,'F','Fred','1983-10-03',750,'th','€','2021-06-14 11:52:06'),(124,'F','Gabriel Teixeira','2001-04-01',1.5,'m','€','2021-06-14 11:52:06'),(124,'M','Ganso','1989-10-12',800,'th','€','2021-06-14 11:52:06'),(124,'D','Gustavo Apis','1999-06-14',0,'m','€','2021-06-14 11:52:06'),(124,'G','Gustavo Ramalho','2002-09-16',100,'th','€','2021-06-14 11:52:06'),(124,'M','Húdson','1988-01-30',800,'th','€','2021-06-14 11:52:06'),(124,'D','Igor Julião','1994-08-23',850,'th','€','2021-06-14 11:52:06'),(124,'G','João Lopes','1996-01-16',50,'th','€','2021-06-14 11:52:06'),(124,'F','John Kennedy','2002-05-18',500,'th','€','2021-06-14 11:52:06'),(124,'M','Juan Cazares','1992-04-03',2.5,'m','€','2021-06-14 11:52:06'),(124,'F','Kayky','2003-06-11',14,'m','€','2021-06-14 11:52:06'),(124,'F','Lucca','1990-02-14',700,'th','€','2021-06-14 11:52:06'),(124,'D','Luccas Claro','1991-10-20',1.2,'m','€','2021-06-14 11:52:06'),(124,'F','Luiz Henrique','2001-01-02',3.5,'m','€','2021-06-14 11:52:06'),(124,'D','Manoel','1990-02-26',550,'th','€','2021-06-14 11:52:06'),(124,'G','Marcos Felipe','1996-04-13',1,'m','€','2021-06-14 11:52:06'),(124,'F','Marcos Paulo','2001-02-01',9,'m','€','2021-06-14 11:52:06'),(124,'M','Martinelli','2001-10-05',2.3,'m','€','2021-06-14 11:52:06'),(124,'D','Matheus Ferraz','1985-02-12',400,'th','€','2021-06-14 11:52:06'),(124,'F','Matheus Martins','2003-07-16',4.5,'m','€','2021-06-14 11:52:06'),(124,'D','Matheus Mascarenhas','1998-07-27',200,'th','€','2021-06-14 11:52:06'),(124,'M','Metinho','2003-04-23',5,'m','€','2021-06-14 11:52:06'),(124,'F','Michel Araújo','1996-09-28',1.4,'m','€','2021-06-14 11:52:06'),(124,'M','Miguel','2003-03-26',2,'m','€','2021-06-14 11:52:06'),(124,'G','Muriel','1987-02-14',800,'th','€','2021-06-14 11:52:06'),(124,'M','Nenê','1981-07-19',750,'th','€','2021-06-14 11:52:06'),(124,'D','Nino','1997-04-10',4,'m','€','2021-06-14 11:52:06'),(124,'G','Pedro Rangel','2000-06-29',100,'th','€','2021-06-14 11:52:06'),(124,'D','Rafael Ribeiro','1996-01-18',75,'th','€','2021-06-14 11:52:06'),(124,'F','Raúl Bobadilla','1987-06-18',400,'th','€','2021-06-14 11:52:06'),(124,'D','Reginaldo','1992-07-08',600,'th','€','2021-06-14 11:52:06'),(124,'D','Samuel Xavier','1990-06-06',750,'th','€','2021-06-14 11:52:06'),(124,'M','Wellington','1991-01-28',1.1,'m','€','2021-06-14 11:52:06'),(124,'M','Wiris Gustavo','2000-07-04',100,'th','€','2021-06-14 11:52:06'),(124,'M','Yago Felipe','1995-02-03',1.4,'m','€','2021-06-14 11:52:06'),(125,'F','Ademir','1995-02-16',500,'th','€','2021-06-14 11:52:07'),(125,'G','Airton','1994-05-29',250,'th','€','2021-06-14 11:52:07'),(125,'D','Alan Ruschel','1989-08-23',325,'th','€','2021-06-14 11:52:07'),(125,'M','Alê','1990-06-06',500,'th','€','2021-06-14 11:52:07'),(125,'D','Anderson','1995-03-02',500,'th','€','2021-06-14 11:52:07'),(125,'M','Bruno Nazário','1995-02-09',800,'th','€','2021-06-14 11:52:07'),(125,'F','Carlos Alberto','2002-04-14',50,'th','€','2021-06-14 11:52:07'),(125,'D','Diego Ferreira','1996-02-26',200,'th','€','2021-06-14 11:52:07'),(125,'D','Eduardo','1986-11-20',350,'th','€','2021-06-14 11:52:07'),(125,'D','Eduardo Bauermann','1996-02-13',500,'th','€','2021-06-14 11:52:07'),(125,'G','Elzo','2000-04-27',50,'th','€','2021-06-14 11:52:07'),(125,'F','Felipe Azevedo','1987-01-10',500,'th','€','2021-06-14 11:52:07'),(125,'M','Gabriel Alves','2000-05-31',50,'th','€','2021-06-14 11:52:07'),(125,'M','Geovane','1998-06-15',200,'th','€','2021-06-14 11:52:07'),(125,'M','Gustavinho','2001-10-29',200,'th','€','2021-06-14 11:52:07'),(125,'D','João Paulo','1986-07-01',475,'th','€','2021-06-14 11:52:07'),(125,'G','Jory','1996-03-13',300,'th','€','2021-06-14 11:52:07'),(125,'M','Juninho','1986-03-20',500,'th','€','2021-06-14 11:52:07'),(125,'M','Juninho','1987-10-23',750,'th','€','2021-06-14 11:52:07'),(125,'F','Leandro Carvalho','1995-05-10',700,'th','€','2021-06-14 11:52:07'),(125,'NC.','Léo Passos','1999-03-13',150,'th','€','2021-06-14 11:52:07'),(125,'F','Lohan','1995-09-20',100,'th','€','2021-06-14 11:52:07'),(125,'M','Lucas Gabriel','2002-04-12',50,'th','€','2021-06-14 11:52:07'),(125,'D','Lucas Luan','1999-09-06',50,'th','€','2021-06-14 11:52:07'),(125,'F','Luiz Fernando','1999-07-11',50,'th','€','2021-06-14 11:52:07'),(125,'F','Marcelo Toscano','1985-05-12',400,'th','€','2021-06-14 11:52:07'),(125,'D','Marlon','1994-02-13',50,'th','€','2021-06-14 11:52:07'),(125,'G','Matheus Cavichioli','1986-07-27',200,'th','€','2021-06-14 11:52:07'),(125,'M','Ramon','1997-05-19',200,'th','€','2021-06-14 11:52:07'),(125,'F','Ribamar','1997-05-21',600,'th','€','2021-06-14 11:52:07'),(125,'D','Ricardo Silva','1992-08-13',100,'th','€','2021-06-14 11:52:07'),(125,'F','Rodolfo','1992-05-21',1,'m','€','2021-06-14 11:52:07'),(125,'M','Sabino','1999-05-18',100,'th','€','2021-06-14 11:52:07'),(125,'M','Yan Sasse','1997-06-24',500,'th','€','2021-06-14 11:52:07'),(125,'M','Zé Ricardo','1996-03-09',1.5,'m','€','2021-06-14 11:52:07'),(125,'D','Zé Vitor','2001-02-09',50,'th','€','2021-06-14 11:52:07'),(125,'D','Zé Vitor','2001-10-02',100,'th','€','2021-06-14 11:52:07'),(126,'D','Anilson','2001-09-04',200,'th','€','2021-06-14 11:52:05'),(126,'F','Antonio Galeano','2000-03-22',700,'th','€','2021-06-14 11:52:05'),(126,'G','Arthur Gazze','2000-04-12',200,'th','€','2021-06-14 11:52:05'),(126,'D','Bruno Alves','1991-04-16',1.9,'m','€','2021-06-14 11:52:05'),(126,'F','Bruno Rodrigues','1997-03-07',300,'th','€','2021-06-14 11:52:05'),(126,'D','Caio Felipe','1999-02-02',200,'th','€','2021-06-14 11:52:05'),(126,'D','Caique','1998-06-14',0,'m','€','2021-06-14 11:52:05'),(126,'D','Dani Alves','1983-05-06',2,'m','€','2021-06-14 11:52:05'),(126,'D','Diego Costa','1999-07-21',1.8,'m','€','2021-06-14 11:52:05'),(126,'NC.','Éder','1986-11-15',800,'th','€','2021-06-14 11:52:05'),(126,'F','Emiliano Rigoni','1993-02-04',2.5,'m','€','2021-06-14 11:52:05'),(126,'M','Everton Felipe','1997-07-28',750,'th','€','2021-06-14 11:52:05'),(126,'M','Gabriel Falcão','2001-01-11',400,'th','€','2021-06-14 11:52:05'),(126,'M','Gabriel Sara','1999-06-26',6.5,'m','€','2021-06-14 11:52:05'),(126,'M','Hernanes','1985-05-29',650,'th','€','2021-06-14 11:52:05'),(126,'M','Igor Gomes','1999-03-17',8.5,'m','€','2021-06-14 11:52:05'),(126,'D','Igor Vinícius','1997-04-01',3.2,'m','€','2021-06-14 11:52:05'),(126,'F','Joao Rojas','1989-06-14',1.4,'m','€','2021-06-14 11:52:05'),(126,'F','Juan','2002-03-07',500,'th','€','2021-06-14 11:52:05'),(126,'D','Léo','1996-01-06',2.3,'m','€','2021-06-14 11:52:05'),(126,'M','Liziero','1998-02-07',4,'m','€','2021-06-14 11:52:05'),(126,'M','Luan','1999-05-14',5,'m','€','2021-06-14 11:52:05'),(126,'G','Lucas Perri','1997-12-10',1.4,'m','€','2021-06-14 11:52:05'),(126,'NC.','Luciano','1993-05-18',4,'m','€','2021-06-14 11:52:05'),(126,'D','Luis Manuel Orejuela','1995-08-20',1.7,'m','€','2021-06-14 11:52:05'),(126,'F','Marquinhos','2003-04-07',250,'th','€','2021-06-14 11:52:05'),(126,'F','Marquinhos Calazans','1996-06-14',250,'th','€','2021-06-14 11:52:05'),(126,'M','Martín Benítez','1994-06-17',4,'m','€','2021-06-14 11:52:05'),(126,'D','Miranda','1984-09-07',1,'m','€','2021-06-14 11:52:05'),(126,'F','Pablo','1992-06-23',3,'m','€','2021-06-14 11:52:05'),(126,'M','Pablo Maia','2002-01-10',0,'m','€','2021-06-14 11:52:05'),(126,'F','Paulinho Bóia','1998-06-26',1,'m','€','2021-06-14 11:52:05'),(126,'M','Pedrinho','2002-02-18',250,'th','€','2021-06-14 11:52:05'),(126,'D','Reinaldo','1989-09-28',2.5,'m','€','2021-06-14 11:52:05'),(126,'D','Robert Arboleda','1991-10-22',1.6,'m','€','2021-06-14 11:52:05'),(126,'D','Rodrigo','1998-06-17',400,'th','€','2021-06-14 11:52:05'),(126,'M','Rodrigo Nestor','2000-08-09',2.5,'m','€','2021-06-14 11:52:05'),(126,'M','Shaylon','1997-04-27',700,'th','€','2021-06-14 11:52:05'),(126,'M','Talles','2002-08-02',1.2,'m','€','2021-06-14 11:52:05'),(126,'G','Thiago Couto','1999-03-26',50,'th','€','2021-06-14 11:52:05'),(126,'G','Tiago Volpi','1990-12-19',4,'m','€','2021-06-14 11:52:05'),(126,'F','Vitinho','2001-04-23',300,'th','€','2021-06-14 11:52:05'),(126,'NC.','Vitor Bueno','1994-09-05',1.6,'m','€','2021-06-14 11:52:05'),(126,'D','Walce','1999-02-02',1.8,'m','€','2021-06-14 11:52:05'),(126,'D','Welington','2001-02-19',1,'m','€','2021-06-14 11:52:05'),(126,'M','William','1986-11-20',1,'m','€','2021-06-14 11:52:05'),(127,'F','Bruno Henrique','1990-12-30',4.5,'m','€','2021-06-14 11:52:06'),(127,'D','Bruno Viana','1995-02-05',7,'m','€','2021-06-14 11:52:06'),(127,'G','César','1992-01-27',350,'th','€','2021-06-14 11:52:06'),(127,'M','Diego','1985-02-28',1.3,'m','€','2021-06-14 11:52:06'),(127,'G','Diego Alves','1985-06-24',1.5,'m','€','2021-06-14 11:52:06'),(127,'M','Éverton Ribeiro','1989-04-10',8,'m','€','2021-06-14 11:52:06'),(127,'D','Filipe Luís','1985-08-09',1.5,'m','€','2021-06-14 11:52:06'),(127,'F','Gabriel Barbosa','1996-08-30',26,'m','€','2021-06-14 11:52:06'),(127,'G','Gabriel Batista','1998-06-03',500,'th','€','2021-06-14 11:52:06'),(127,'D','Gabriel Noga','2002-01-25',2,'m','€','2021-06-14 11:52:06'),(127,'M','Gerson','1997-05-20',20,'m','€','2021-06-14 11:52:06'),(127,'F','Giorgian de Arrascaeta','1994-06-01',18,'m','€','2021-06-14 11:52:06'),(127,'D','Gustavo Henrique','1993-03-24',2.6,'m','€','2021-06-14 11:52:06'),(127,'M','Hugo Moura','1998-01-03',850,'th','€','2021-06-14 11:52:06'),(127,'G','Hugo Souza','1999-01-31',3.5,'m','€','2021-06-14 11:52:06'),(127,'D','Jhonata Ventura','2004-02-01',0,'m','€','2021-06-14 11:52:06'),(127,'M','João Gomes','2001-02-12',3.5,'m','€','2021-06-14 11:52:06'),(127,'M','Lázaro','2002-03-12',2.5,'m','€','2021-06-14 11:52:06'),(127,'D','Léo Pereira','1996-01-31',3,'m','€','2021-06-14 11:52:06'),(127,'D','Matheuzinho','2000-09-08',900,'th','€','2021-06-14 11:52:06'),(127,'D','Mauricio Isla','1988-06-12',950,'th','€','2021-06-14 11:52:06'),(127,'F','Michael','1996-03-12',3,'m','€','2021-06-14 11:52:06'),(127,'F','Pedro','1997-06-20',14,'m','€','2021-06-14 11:52:06'),(127,'M','Piris da Motta','1994-07-26',1.2,'m','€','2021-06-14 11:52:06'),(127,'D','Ramon','2001-03-13',800,'th','€','2021-06-14 11:52:06'),(127,'D','Renê','1992-09-14',1.5,'m','€','2021-06-14 11:52:06'),(127,'D','Rodinei','1992-01-29',1.2,'m','€','2021-06-14 11:52:06'),(127,'D','Rodrigo Caio','1993-08-17',6.5,'m','€','2021-06-14 11:52:06'),(127,'F','Rodrigo Muniz','2001-05-04',3,'m','€','2021-06-14 11:52:06'),(127,'M','Ronaldo','1996-10-23',800,'th','€','2021-06-14 11:52:06'),(127,'M','Thiago Maia','1997-03-23',3,'m','€','2021-06-14 11:52:06'),(127,'D','Thuler','1999-03-10',500,'th','€','2021-06-14 11:52:06'),(127,'F','Vitinho','1993-10-09',4,'m','€','2021-06-14 11:52:06'),(127,'M','Willian Arão','1992-12-03',5,'m','€','2021-06-14 11:52:06'),(128,'D','Alex','1999-05-10',450,'th','€','2021-06-14 11:52:05'),(128,'M','Alexandre Tam','1999-03-30',75,'th','€','2021-06-14 11:52:05'),(128,'M','Alison','1993-03-01',2,'m','€','2021-06-14 11:52:05'),(128,'F','Allanzinho','2000-04-04',150,'th','€','2021-06-14 11:52:05'),(128,'M','Anderson Ceará','1999-05-21',300,'th','€','2021-06-14 11:52:05'),(128,'F','Ângelo Gabriel','2004-12-21',7,'m','€','2021-06-14 11:52:05'),(128,'F','Bruno Marques','1999-02-22',700,'th','€','2021-06-14 11:52:05'),(128,'D','Cadu','2002-02-21',50,'th','€','2021-06-14 11:52:05'),(128,'M','Carlos Sánchez','1984-12-02',1.2,'m','€','2021-06-14 11:52:05'),(128,'D','Cléber Reis','1990-12-05',800,'th','€','2021-06-14 11:52:05'),(128,'D','Danilo Boza','1998-05-06',150,'th','€','2021-06-14 11:52:05'),(128,'D','Derick','2002-05-16',100,'th','€','2021-06-14 11:52:05'),(128,'D','Felipe Jonatan','1998-02-15',4,'m','€','2021-06-14 11:52:05'),(128,'F','Fernandinho','2003-03-20',200,'th','€','2021-06-14 11:52:05'),(128,'M','Gabriel Pirani','2002-04-12',2.5,'m','€','2021-06-14 11:52:05'),(128,'M','Guilherme','1998-07-12',50,'th','€','2021-06-14 11:52:05'),(128,'M','Ivonei','2002-04-16',750,'th','€','2021-06-14 11:52:05'),(128,'M','Jean Mota','1993-10-15',1.3,'m','€','2021-06-14 11:52:05'),(128,'D','Jhonnathan','2001-03-04',100,'th','€','2021-06-14 11:52:05'),(128,'G','João Paulo','1995-06-29',1.4,'m','€','2021-06-14 11:52:05'),(128,'M','Jobson','1995-09-13',950,'th','€','2021-06-14 11:52:05'),(128,'G','John','1996-02-13',500,'th','€','2021-06-14 11:52:05'),(128,'F','Jonathan Copete','1988-01-23',800,'th','€','2021-06-14 11:52:05'),(128,'D','Kaiky','2004-01-12',6,'m','€','2021-06-14 11:52:05'),(128,'F','Kaio Jorge','2002-01-24',12,'m','€','2021-06-14 11:52:05'),(128,'M','Kevin Malthus','2003-01-11',0,'m','€','2021-06-14 11:52:05'),(128,'D','Luan Peres','1994-07-19',2,'m','€','2021-06-14 11:52:05'),(128,'M','Lucas Barbosa','2001-02-22',100,'th','€','2021-06-14 11:52:05'),(128,'F','Lucas Braga','1996-11-10',2,'m','€','2021-06-14 11:52:05'),(128,'M','Lucas Lourenço','2001-01-23',400,'th','€','2021-06-14 11:52:05'),(128,'F','Lucas Venuto','1995-01-14',450,'th','€','2021-06-14 11:52:05'),(128,'D','Luiz Felipe','1993-09-09',400,'th','€','2021-06-14 11:52:05'),(128,'D','Madson','1992-01-13',900,'th','€','2021-06-14 11:52:05'),(128,'F','Marcos Guilherme','1995-08-05',2.5,'m','€','2021-06-14 11:52:05'),(128,'F','Marcos Leonardo','2003-05-02',2.9,'m','€','2021-06-14 11:52:05'),(128,'F','Marinho','1990-05-29',4,'m','€','2021-06-14 11:52:05'),(128,'D','Mikael','2000-01-24',100,'th','€','2021-06-14 11:52:05'),(128,'D','Moraes','1997-10-03',300,'th','€','2021-06-14 11:52:05'),(128,'D','Pará','1986-02-14',800,'th','€','2021-06-14 11:52:05'),(128,'M','Rafael Longuine','1990-05-30',300,'th','€','2021-06-14 11:52:05'),(128,'F','Raniel','1996-06-11',1.8,'m','€','2021-06-14 11:52:05'),(128,'D','Robson Reis','2000-05-21',100,'th','€','2021-06-14 11:52:05'),(128,'D','Sandro Perpetuo','2001-06-29',0,'m','€','2021-06-14 11:52:05'),(128,'M','Sandry','2002-08-30',3.5,'m','€','2021-06-14 11:52:05'),(128,'M','Victor Yan','2001-04-09',50,'th','€','2021-06-14 11:52:05'),(128,'M','Vinicius Balieiro','1999-05-28',1.5,'m','€','2021-06-14 11:52:05'),(128,'M','Vinicius Zanocelo','2001-01-30',900,'th','€','2021-06-14 11:52:05'),(128,'G','Vladimir','1989-07-16',700,'th','€','2021-06-14 11:52:05'),(128,'D','Wellington Tim','2001-06-05',0,'m','€','2021-06-14 11:52:05'),(129,'D','Alan','1999-03-26',250,'th','€','2021-06-14 11:52:06'),(129,'D','Bruno Pacheco','1991-12-08',800,'th','€','2021-06-14 11:52:06'),(129,'D','Buiú','1996-04-27',125,'th','€','2021-06-14 11:52:06'),(129,'M','Charles','1996-06-19',850,'th','€','2021-06-14 11:52:06'),(129,'F','Cléber','1996-10-22',1,'m','€','2021-06-14 11:52:06'),(129,'M','Fabinho','1986-11-19',500,'th','€','2021-06-14 11:52:06'),(129,'M','Felipe','1990-05-28',375,'th','€','2021-06-14 11:52:06'),(129,'F','Felipe Vizeu','1997-03-12',1.2,'m','€','2021-06-14 11:52:06'),(129,'M','Fernando Sobral','1994-12-17',900,'th','€','2021-06-14 11:52:06'),(129,'D','Gabriel Dias','1994-05-10',750,'th','€','2021-06-14 11:52:06'),(129,'D','Gabriel Lacerda','1999-08-29',300,'th','€','2021-06-14 11:52:06'),(129,'F','Hélio','2000-05-15',0,'m','€','2021-06-14 11:52:06'),(129,'F','Jael','1988-10-30',450,'th','€','2021-06-14 11:52:06'),(129,'G','João Ricardo','1988-09-06',400,'th','€','2021-06-14 11:52:06'),(129,'D','Jordan','1999-04-22',50,'th','€','2021-06-14 11:52:06'),(129,'M','Jorginho','1991-01-05',800,'th','€','2021-06-14 11:52:06'),(129,'D','Kelvyn','1999-05-07',200,'th','€','2021-06-14 11:52:06'),(129,'D','Klaus','1994-01-11',450,'th','€','2021-06-14 11:52:06'),(129,'F','Lima','1996-06-11',1.1,'m','€','2021-06-14 11:52:06'),(129,'D','Luiz Otávio','1988-09-14',600,'th','€','2021-06-14 11:52:06'),(129,'M','Marlon','1990-02-26',325,'th','€','2021-06-14 11:52:06'),(129,'D','Messias','1994-11-03',525,'th','€','2021-06-14 11:52:06'),(129,'M','Pedro Naressi','1998-01-10',250,'th','€','2021-06-14 11:52:06'),(129,'G','Richard','1991-03-01',500,'th','€','2021-06-14 11:52:06'),(129,'F','Rick','1999-09-02',50,'th','€','2021-06-14 11:52:06'),(129,'F','Saulo Mineiro','1997-06-17',250,'th','€','2021-06-14 11:52:06'),(129,'F','Stiven Mendoza','1992-06-27',2,'m','€','2021-06-14 11:52:06'),(129,'M','Vina','1991-04-15',1.5,'m','€','2021-06-14 11:52:06'),(129,'G','Vinicius Machado','2000-02-29',50,'th','€','2021-06-14 11:52:06'),(129,'F','Vítor Jacaré','1999-10-24',300,'th','€','2021-06-14 11:52:06'),(129,'NC.','Wendson','1997-08-22',0,'m','€','2021-06-14 11:52:06'),(129,'M','William Oliveira','1992-02-25',300,'th','€','2021-06-14 11:52:06'),(129,'M','Willian','1993-05-16',325,'th','€','2021-06-14 11:52:06'),(129,'F','Yony González','1994-07-11',1.6,'m','€','2021-06-14 11:52:06'),(130,'G','Adriel','2001-01-14',100,'th','€','2021-06-14 11:52:08'),(130,'F','Alisson','1993-06-25',2.5,'m','€','2021-06-14 11:52:08'),(130,'G','Brenno','1999-04-01',3.5,'m','€','2021-06-14 11:52:08'),(130,'D','Bruno Cortez','1987-03-11',800,'th','€','2021-06-14 11:52:08'),(130,'M','César Pinares','1991-05-23',1.4,'m','€','2021-06-14 11:52:08'),(130,'M','Darlan','1998-04-16',3,'m','€','2021-06-14 11:52:08'),(130,'F','Diego Churín','1989-12-01',700,'th','€','2021-06-14 11:52:08'),(130,'F','Diego Souza','1985-06-17',1.5,'m','€','2021-06-14 11:52:08'),(130,'D','Diogo Barbosa','1992-08-17',2,'m','€','2021-06-14 11:52:08'),(130,'F','Douglas Costa','1990-09-14',6,'m','€','2021-06-14 11:52:08'),(130,'F','Elias Manoel','2001-11-30',1,'m','€','2021-06-14 11:52:08'),(130,'D','Emanuel','1999-11-01',150,'th','€','2021-06-14 11:52:08'),(130,'F','Éverton','1988-12-11',900,'th','€','2021-06-14 11:52:08'),(130,'F','Ferreira','1997-12-31',7.5,'m','€','2021-06-14 11:52:08'),(130,'G','Gabriel Chapecó','2000-03-29',400,'th','€','2021-06-14 11:52:08'),(130,'F','Guilherme Azevedo','2001-05-21',400,'th','€','2021-06-14 11:52:08'),(130,'D','Guilherme Guedes','1999-05-18',50,'th','€','2021-06-14 11:52:08'),(130,'M','Jean Pyerre','1998-05-07',9,'m','€','2021-06-14 11:52:08'),(130,'F','Léo Chú','2000-06-04',1.5,'m','€','2021-06-14 11:52:08'),(130,'D','Léo Gomes','1996-06-30',1.5,'m','€','2021-06-14 11:52:08'),(130,'F','Léo Pereira','2000-06-29',1,'m','€','2021-06-14 11:52:08'),(130,'M','Lucas Silva','1993-02-16',2,'m','€','2021-06-14 11:52:08'),(130,'F','Luiz Fernando','1996-10-16',850,'th','€','2021-06-14 11:52:08'),(130,'M','Maicon','1985-09-14',400,'th','€','2021-06-14 11:52:08'),(130,'M','Matheus Henrique','1997-12-19',15,'m','€','2021-06-14 11:52:08'),(130,'M','Patrick','1998-11-23',1.3,'m','€','2021-06-14 11:52:08'),(130,'D','Paulo Miranda','1988-08-16',450,'th','€','2021-06-14 11:52:08'),(130,'G','Paulo Victor','1987-01-12',500,'th','€','2021-06-14 11:52:08'),(130,'D','Pedro Geromel','1985-09-21',1.5,'m','€','2021-06-14 11:52:08'),(130,'M','Pedro Lucas','2002-07-26',1.5,'m','€','2021-06-14 11:52:08'),(130,'F','Pepê','1997-02-24',13,'m','€','2021-06-14 11:52:08'),(130,'D','Rafinha','1985-09-07',1,'m','€','2021-06-14 11:52:08'),(130,'F','Ricardinho','2001-04-23',900,'th','€','2021-06-14 11:52:08'),(130,'M','Rildo','2000-01-21',450,'th','€','2021-06-14 11:52:08'),(130,'D','Rodrigues','1997-10-10',1.8,'m','€','2021-06-14 11:52:08'),(130,'D','Ruan','1999-06-07',1.5,'m','€','2021-06-14 11:52:08'),(130,'M','Thiago Santos','1989-09-05',1.2,'m','€','2021-06-14 11:52:08'),(130,'D','Vanderson','2001-06-21',2,'m','€','2021-06-14 11:52:08'),(130,'D','Victor Ferraz','1988-01-14',1,'m','€','2021-06-14 11:52:08'),(130,'D','Wálter Kannemann','1991-03-14',4,'m','€','2021-06-14 11:52:08'),(131,'F','Adson','2000-10-06',300,'th','€','2021-06-14 11:52:06'),(131,'M','Ángelo Araos','1997-01-06',3.2,'m','€','2021-06-14 11:52:06'),(131,'D','Bruno Méndez','1999-09-10',1.8,'m','€','2021-06-14 11:52:06'),(131,'G','Caíque França','1995-06-03',250,'th','€','2021-06-14 11:52:06'),(131,'G','Cássio','1987-06-06',2,'m','€','2021-06-14 11:52:06'),(131,'F','Cauê','2002-11-16',1,'m','€','2021-06-14 11:52:06'),(131,'D','Danilo Avelar','1989-06-09',1.8,'m','€','2021-06-14 11:52:06'),(131,'D','Fábio Santos','1985-09-16',650,'th','€','2021-06-14 11:52:06'),(131,'D','Fágner','1989-06-11',3,'m','€','2021-06-14 11:52:06'),(131,'M','Gabriel','1992-07-10',3,'m','€','2021-06-14 11:52:06'),(131,'F','Gabriel Pereira','2001-08-01',700,'th','€','2021-06-14 11:52:06'),(131,'D','Gil','1987-06-12',2.7,'m','€','2021-06-14 11:52:06'),(131,'M','Guilherme Camacho','1990-03-02',900,'th','€','2021-06-14 11:52:06'),(131,'G','Guilherme Vicentini','2000-05-25',50,'th','€','2021-06-14 11:52:06'),(131,'F','Gustavo Silva','1997-09-07',1.5,'m','€','2021-06-14 11:52:06'),(131,'D','Jemerson','1992-08-24',3,'m','€','2021-06-14 11:52:06'),(131,'F','Jô','1987-03-20',1.5,'m','€','2021-06-14 11:52:06'),(131,'D','João Victor','1998-07-17',800,'th','€','2021-06-14 11:52:06'),(131,'F','Léo Natel','1997-03-14',1,'m','€','2021-06-14 11:52:06'),(131,'D','Léo Santos','1998-12-09',2,'m','€','2021-06-14 11:52:06'),(131,'M','Luan','1993-03-27',3.5,'m','€','2021-06-14 11:52:06'),(131,'D','Lucas Piton','2000-10-09',5.5,'m','€','2021-06-14 11:52:06'),(131,'M','Mateus Vital','1998-02-12',3.5,'m','€','2021-06-14 11:52:06'),(131,'D','Matheus Alexandre','1999-04-07',0,'m','€','2021-06-14 11:52:06'),(131,'G','Matheus Donelli','2002-05-17',1,'m','€','2021-06-14 11:52:06'),(131,'M','Ramiro','1993-05-22',2.3,'m','€','2021-06-14 11:52:06'),(131,'D','Raul Gustavo','1999-04-24',1.5,'m','€','2021-06-14 11:52:06'),(131,'NC.','Rodrigo Varanda','2003-01-11',500,'th','€','2021-06-14 11:52:06'),(131,'M','Rómulo Otero','1992-11-09',2.2,'m','€','2021-06-14 11:52:06'),(131,'M','Roni','1999-04-15',600,'th','€','2021-06-14 11:52:06'),(131,'M','Thiaguinho','1997-04-11',1.1,'m','€','2021-06-14 11:52:06'),(131,'M','Víctor Cantillo','1993-10-15',3.2,'m','€','2021-06-14 11:52:06'),(131,'M','Vitinho','2000-01-04',100,'th','€','2021-06-14 11:52:06'),(131,'M','Xavier','2000-03-02',800,'th','€','2021-06-14 11:52:06'),(132,'M','Alan Santos','1991-04-24',400,'th','€','2021-06-14 11:52:05'),(132,'M','Anderson Leite','1993-05-04',175,'th','€','2021-06-14 11:52:05'),(132,'F','Anselmo Ramon','1988-06-23',400,'th','€','2021-06-14 11:52:05'),(132,'M','Brayan','1998-02-11',100,'th','€','2021-06-14 11:52:05'),(132,'F','Bruno Silva','2000-03-28',1.1,'m','€','2021-06-14 11:52:05'),(132,'D','Busanello','1998-10-29',700,'th','€','2021-06-14 11:52:05'),(132,'D','Derlan','1996-02-03',200,'th','€','2021-06-14 11:52:05'),(132,'G','Elias','1995-07-12',100,'th','€','2021-06-14 11:52:05'),(132,'D','Ezequiel','1993-02-22',450,'th','€','2021-06-14 11:52:05'),(132,'F','Fabinho','1999-11-18',1.5,'m','€','2021-06-14 11:52:05'),(132,'D','Felipe Santana','1986-03-17',100,'th','€','2021-06-14 11:52:05'),(132,'F','Fernandinho','1997-07-19',400,'th','€','2021-06-14 11:52:05'),(132,'F','Geuvânio','1992-04-05',1.1,'m','€','2021-06-14 11:52:05'),(132,'M','Guedes','1999-08-09',100,'th','€','2021-06-14 11:52:05'),(132,'D','Hiago','1997-11-04',50,'th','€','2021-06-14 11:52:05'),(132,'D','Ignácio','1996-12-01',50,'th','€','2021-06-14 11:52:05'),(132,'G','João Paulo','2001-03-08',50,'th','€','2021-06-14 11:52:05'),(132,'D','Joílson','1991-05-25',250,'th','€','2021-06-14 11:52:05'),(132,'D','Kadu','1986-07-20',100,'th','€','2021-06-14 11:52:05'),(132,'F','Kaio','1996-01-11',300,'th','€','2021-06-14 11:52:05'),(132,'G','Keiller','1996-10-29',50,'th','€','2021-06-14 11:52:05'),(132,'D','Laércio','1993-03-22',400,'th','€','2021-06-14 11:52:05'),(132,'M','Léo Gomes','1997-04-30',150,'th','€','2021-06-14 11:52:05'),(132,'M','Lima','1999-05-09',100,'th','€','2021-06-14 11:52:05'),(132,'M','Lorhan','2002-06-30',50,'th','€','2021-06-14 11:52:05'),(132,'D','Mancha','2001-02-13',50,'th','€','2021-06-14 11:52:05'),(132,'D','Matheus Ribeiro','1993-02-23',300,'th','€','2021-06-14 11:52:05'),(132,'F','Mike','1993-03-08',600,'th','€','2021-06-14 11:52:05'),(132,'M','Moisés Ribeiro','1991-03-03',300,'th','€','2021-06-14 11:52:05'),(132,'F','Perotti','1997-11-22',1,'m','€','2021-06-14 11:52:05'),(132,'M','Ravanelli','1997-08-29',1.5,'m','€','2021-06-14 11:52:05'),(132,'M','Régis','1998-01-16',500,'th','€','2021-06-14 11:52:05'),(132,'M','Ronei','1998-02-22',150,'th','€','2021-06-14 11:52:05'),(132,'G','Sivaldo','2001-02-04',50,'th','€','2021-06-14 11:52:05'),(132,'M','Tharlis','1998-01-07',50,'th','€','2021-06-14 11:52:05'),(132,'F','Thiago Ribeiro','1986-02-24',300,'th','€','2021-06-14 11:52:05'),(132,'D','Tiago','2004-01-16',100,'th','€','2021-06-14 11:52:05'),(132,'G','Tiepo','1998-02-08',800,'th','€','2021-06-14 11:52:05'),(132,'G','Vagner','1989-08-24',325,'th','€','2021-06-14 11:52:05'),(132,'F','Vinicius Foguinho','2000-07-17',250,'th','€','2021-06-14 11:52:05'),(134,'D','Abner','2000-05-27',7.5,'m','€','2021-06-14 11:52:03'),(134,'G','Anderson Paixão','1998-03-05',200,'th','€','2021-06-14 11:52:03'),(134,'G','Bento','1999-06-10',50,'th','€','2021-06-14 11:52:03'),(134,'F','Carlos Eduardo','1996-10-10',3,'m','€','2021-06-14 11:52:03'),(134,'M','Christian','2000-12-19',4.5,'m','€','2021-06-14 11:52:03'),(134,'NC.','David Terans','1994-08-11',1.4,'m','€','2021-06-14 11:52:03'),(134,'M','Erick','1997-11-14',1.5,'m','€','2021-06-14 11:52:03'),(134,'D','Felipe Aguilar','1993-01-20',1.2,'m','€','2021-06-14 11:52:03'),(134,'M','Fernando Canesin','1992-02-27',1.1,'m','€','2021-06-14 11:52:03'),(134,'M','Jádson','1983-10-05',500,'th','€','2021-06-14 11:52:03'),(134,'M','Jaime Alvarado','1999-07-26',450,'th','€','2021-06-14 11:52:03'),(134,'G','Jandrei','1993-03-01',1,'m','€','2021-06-14 11:52:03'),(134,'D','Khellven','2001-02-25',4.7,'m','€','2021-06-14 11:52:03'),(134,'M','Léo Cittadini','1994-02-27',2,'m','€','2021-06-14 11:52:03'),(134,'D','Lucas Halter','2000-05-02',4,'m','€','2021-06-14 11:52:03'),(134,'D','Marcinho','1996-05-16',1,'m','€','2021-06-14 11:52:03'),(134,'D','Márcio Azevedo','1986-02-05',600,'th','€','2021-06-14 11:52:03'),(134,'F','Matheus Babi','1997-07-18',2,'m','€','2021-06-14 11:52:03'),(134,'D','Nicolas','1997-02-24',700,'th','€','2021-06-14 11:52:03'),(134,'M','Nikão','1992-07-29',1.4,'m','€','2021-06-14 11:52:03'),(134,'D','Pedro Henrique','1995-10-02',2.5,'m','€','2021-06-14 11:52:03'),(134,'F','Reinaldo','2001-06-06',750,'th','€','2021-06-14 11:52:03'),(134,'F','Renato Kayzer','1996-02-17',2,'m','€','2021-06-14 11:52:03'),(134,'M','Richard','1994-02-18',1.5,'m','€','2021-06-14 11:52:03'),(134,'G','Santos','1990-03-17',2.5,'m','€','2021-06-14 11:52:03'),(134,'D','Thiago Heleno','1988-09-17',1.6,'m','€','2021-06-14 11:52:03'),(134,'F','Vinicius Mingotti','2000-01-07',800,'th','€','2021-06-14 11:52:03'),(134,'M','Vitinho','1999-04-01',3.5,'m','€','2021-06-14 11:52:03'),(134,'F','Yago César','1997-05-26',400,'th','€','2021-06-14 11:52:03'),(134,'D','Zé Ivaldo','1997-02-21',750,'th','€','2021-06-14 11:52:03'),(144,'M','André','2000-04-07',100,'th','€','2021-06-14 11:52:04'),(144,'F','André Luis','1997-04-21',900,'th','€','2021-06-14 11:52:04'),(144,'D','Arnaldo','1992-04-15',550,'th','€','2021-06-14 11:52:04'),(144,'F','Arthur Gomes','1998-07-03',1.8,'m','€','2021-06-14 11:52:04'),(144,'D','Arthur Henrique','1994-05-17',475,'th','€','2021-06-14 11:52:04'),(144,'D','Dudu','1997-05-30',850,'th','€','2021-06-14 11:52:04'),(144,'D','Éder','1995-04-05',850,'th','€','2021-06-14 11:52:04'),(144,'G','Fernando Miguel','1985-02-02',650,'th','€','2021-06-14 11:52:04'),(144,'M','Gabriel Baralhas','1998-10-10',100,'th','€','2021-06-14 11:52:04'),(144,'D','Igor Cariús','1993-05-01',325,'th','€','2021-06-14 11:52:04'),(144,'F','Janderson','1999-02-26',2,'m','€','2021-06-14 11:52:04'),(144,'M','João Paulo','1990-05-04',650,'th','€','2021-06-14 11:52:04'),(144,'G','Leonardo','1997-02-23',25,'th','€','2021-06-14 11:52:04'),(144,'NC.','Lucão','2000-05-29',0,'m','€','2021-06-14 11:52:04'),(144,'M','Marlon Freitas','1995-03-27',1,'m','€','2021-06-14 11:52:04'),(144,'M','Matheus Oliveira','1997-09-28',50,'th','€','2021-06-14 11:52:04'),(144,'G','Mauricio Kozlinski','1991-06-18',350,'th','€','2021-06-14 11:52:04'),(144,'D','Michel','2001-01-06',50,'th','€','2021-06-14 11:52:04'),(144,'D','Natanael','1990-12-25',1.3,'m','€','2021-06-14 11:52:04'),(144,'D','Nathan Silva','1997-05-06',600,'th','€','2021-06-14 11:52:04'),(144,'D','Oliveira','1996-02-02',400,'th','€','2021-06-14 11:52:04'),(144,'NC.','Pablo Dyego','1994-03-08',350,'th','€','2021-06-14 11:52:04'),(144,'M','Willian Maranhão','1995-12-14',700,'th','€','2021-06-14 11:52:04'),(144,'F','Zé Roberto','1993-09-14',900,'th','€','2021-06-14 11:52:04'),(152,'D','Alyson','1996-04-05',250,'th','€','2021-06-14 11:52:06'),(152,'M','Bruninho','2000-04-27',500,'th','€','2021-06-14 11:52:06'),(152,'F','Capixaba','1997-01-09',300,'th','€','2021-06-14 11:52:06'),(152,'M','Chico','1991-05-16',600,'th','€','2021-06-14 11:52:06'),(152,'D','Cleberson','1992-08-17',400,'th','€','2021-06-14 11:52:06'),(152,'D','Didi','1991-05-25',100,'th','€','2021-06-14 11:52:06'),(152,'F','Edwin Mosquera','2001-06-27',300,'th','€','2021-06-14 11:52:06'),(152,'D','Eltinho','1987-07-07',300,'th','€','2021-06-14 11:52:06'),(152,'M','Elton','1990-03-17',500,'th','€','2021-06-14 11:52:06'),(152,'F','Fernando Pacheco','1999-06-26',700,'th','€','2021-06-14 11:52:06'),(152,'M','Guilherme Castilho','1999-09-19',600,'th','€','2021-06-14 11:52:06'),(152,'M','João Paulo','1985-02-22',400,'th','€','2021-06-14 11:52:06'),(152,'D','Kelvin','2000-03-07',50,'th','€','2021-06-14 11:52:06'),(152,'G','Marcelo Carné','1990-02-06',150,'th','€','2021-06-14 11:52:06'),(152,'F','Marcos Vinicios','2001-02-23',300,'th','€','2021-06-14 11:52:06'),(152,'M','Matheus Jesus','1997-04-10',950,'th','€','2021-06-14 11:52:06'),(152,'F','Matheus Peixoto','1995-11-16',700,'th','€','2021-06-14 11:52:06'),(152,'M','Matheuzinho','1993-02-21',600,'th','€','2021-06-14 11:52:06'),(152,'D','Míchel','1990-02-15',1,'m','€','2021-06-14 11:52:06'),(152,'M','Nicolas','2000-09-23',50,'th','€','2021-06-14 11:52:06'),(152,'D','Paulo Henrique','1996-07-25',150,'th','€','2021-06-14 11:52:06'),(152,'D','Rafael Forster','1990-07-23',850,'th','€','2021-06-14 11:52:06'),(152,'F','Rafael Grampola','1987-04-09',200,'th','€','2021-06-14 11:52:06'),(152,'M','Renan Bressan','1988-11-03',300,'th','€','2021-06-14 11:52:06'),(152,'F','Roberson','1989-04-02',200,'th','€','2021-06-14 11:52:06'),(152,'D','Vitor Mendes','1999-02-13',200,'th','€','2021-06-14 11:52:06'),(152,'M','Wagner','1985-01-29',100,'th','€','2021-06-14 11:52:06'),(152,'M','Wescley','1991-10-11',400,'th','€','2021-06-14 11:52:06'),(152,'G','Willian','1998-01-21',50,'th','€','2021-06-14 11:52:06'),(152,'M','Yago','1995-07-07',800,'th','€','2021-06-14 11:52:06'),(154,'D','Bruno Melo','1992-10-26',700,'th','€','2021-06-14 11:52:07'),(154,'D','Carlinhos','1986-11-29',400,'th','€','2021-06-14 11:52:07'),(154,'D','Daniel Guedes','1994-04-02',550,'th','€','2021-06-14 11:52:07'),(154,'F','David','1995-10-17',1.3,'m','€','2021-06-14 11:52:07'),(154,'M','Éderson','1999-07-07',4,'m','€','2021-06-14 11:52:07'),(154,'M','Felipe','1994-04-10',900,'th','€','2021-06-14 11:52:07'),(154,'G','Felipe Alves','1988-05-21',650,'th','€','2021-06-14 11:52:07'),(154,'M','Geilson','2001-06-15',50,'th','€','2021-06-14 11:52:07'),(154,'M','Gustavo Blanco','1994-10-03',750,'th','€','2021-06-14 11:52:07'),(154,'F','Gustavo Coutinho','1999-01-19',200,'th','€','2021-06-14 11:52:07'),(154,'F','Igor Torres','2000-03-11',25,'th','€','2021-06-14 11:52:07'),(154,'M','Isaque','1997-04-22',1.3,'m','€','2021-06-14 11:52:07'),(154,'D','Jackson','1990-05-01',600,'th','€','2021-06-14 11:52:07'),(154,'D','João Paulo','1997-07-04',50,'th','€','2021-06-14 11:52:07'),(154,'D','Juan Quintero','1995-03-23',750,'th','€','2021-06-14 11:52:07'),(154,'G','Kennedy','1999-12-08',50,'th','€','2021-06-14 11:52:07'),(154,'M','Lucas Crispim','1994-04-19',300,'th','€','2021-06-14 11:52:07'),(154,'M','Luiz Henrique','1999-03-18',75,'th','€','2021-06-14 11:52:07'),(154,'D','Marcelo Benevenuto','1996-01-07',800,'th','€','2021-06-14 11:52:07'),(154,'G','Marcelo Boeck','1984-11-28',200,'th','€','2021-06-14 11:52:07'),(154,'M','Mariano Vázquez','1992-12-20',550,'th','€','2021-06-14 11:52:07'),(154,'M','Matheus Jussa','1996-03-22',500,'th','€','2021-06-14 11:52:07'),(154,'M','Matheus Vargas','1996-06-18',400,'th','€','2021-06-14 11:52:07'),(154,'G','Max Walef','1993-10-23',50,'th','€','2021-06-14 11:52:07'),(154,'F','Osvaldo','1987-04-11',500,'th','€','2021-06-14 11:52:07'),(154,'M','Pablo','1997-01-26',25,'th','€','2021-06-14 11:52:07'),(154,'NC.','Robson','1991-05-30',850,'th','€','2021-06-14 11:52:07'),(154,'F','Romarinho','1994-03-01',950,'th','€','2021-06-14 11:52:07'),(154,'M','Ronald','1997-06-18',400,'th','€','2021-06-14 11:52:07'),(154,'D','Tinga','1993-09-01',700,'th','€','2021-06-14 11:52:07'),(154,'D','Titi','1988-03-12',250,'th','€','2021-06-14 11:52:07'),(154,'D','Vinicius','1999-11-06',50,'th','€','2021-06-14 11:52:07'),(154,'D','Vitor Ricardo','2000-04-14',50,'th','€','2021-06-14 11:52:07'),(154,'D','Wanderson','1991-02-07',350,'th','€','2021-06-14 11:52:07'),(154,'M','Wandson','1999-09-05',0,'m','€','2021-06-14 11:52:07'),(154,'F','Wellington Nem','1992-02-06',800,'th','€','2021-06-14 11:52:07'),(154,'F','Wellington Paulista','1984-04-22',500,'th','€','2021-06-14 11:52:07'),(154,'D','Yago Pikachu','1992-06-05',1.4,'m','€','2021-06-14 11:52:07'),(434,'M','Brahian Alemán','1989-12-23',800,'th','€','2021-06-14 11:53:27'),(434,'D','Bruno Palazzo','2000-11-18',0,'m','€','2021-06-14 11:53:27'),(434,'M','Emanuel Cecchini','1996-12-24',600,'th','€','2021-06-14 11:53:27'),(434,'F','Eric Ramírez','1996-09-21',500,'th','€','2021-06-14 11:53:27'),(434,'D','Germán Guiffrey','1997-12-31',450,'th','€','2021-06-14 11:53:27'),(434,'M','Harrinson Mancilla','1991-12-22',600,'th','€','2021-06-14 11:53:27'),(434,'F','Horacio Tijanovich','1996-02-28',250,'th','€','2021-06-14 11:53:27'),(434,'M','Ignacio Miramón','2003-06-12',0,'m','€','2021-06-14 11:53:27'),(434,'F','Johan Carbonero','1999-07-20',3,'m','€','2021-06-14 11:53:27'),(434,'M','Lautaro Chávez','2001-01-17',100,'th','€','2021-06-14 11:53:27'),(434,'D','Leonardo Morales','1991-04-11',350,'th','€','2021-06-14 11:53:27'),(434,'F','Lucas Barrios','1984-11-13',250,'th','€','2021-06-14 11:53:27'),(434,'D','Lucas Licht','1981-04-06',50,'th','€','2021-06-14 11:53:27'),(434,'D','Marcelo Weigandt','2000-01-11',2,'m','€','2021-06-14 11:53:27'),(434,'D','Matías Melluso','1998-06-09',1.8,'m','€','2021-06-14 11:53:27'),(434,'M','Matías Miranda','2000-05-05',350,'th','€','2021-06-14 11:53:27'),(434,'M','Matías Pérez García','1984-10-13',175,'th','€','2021-06-14 11:53:27'),(434,'F','Maximiliano Comba','1994-01-16',300,'th','€','2021-06-14 11:53:27'),(434,'D','Maximiliano Coronel','1989-04-28',350,'th','€','2021-06-14 11:53:27'),(434,'G','Nelson Insfrán','1995-05-24',50,'th','€','2021-06-14 11:53:27'),(434,'M','Nicolás Colazo','1990-07-08',275,'th','€','2021-06-14 11:53:27'),(434,'F','Nicolás Contin','1995-12-07',750,'th','€','2021-06-14 11:53:27'),(434,'G','Rodrigo Rey','1991-03-08',750,'th','€','2021-06-14 11:53:27'),(434,'F','Sebastián Cocimano','2000-05-19',250,'th','€','2021-06-14 11:53:27'),(434,'G','Tomás Durso','1999-02-26',50,'th','€','2021-06-14 11:53:27'),(434,'D','Tomás Fernández','1999-05-18',25,'th','€','2021-06-14 11:53:27'),(434,'M','Víctor Ayala','1988-01-01',500,'th','€','2021-06-14 11:53:27'),(435,'F','Agustín Fontana','1996-06-11',1.8,'m','€','2021-06-14 11:53:27'),(435,'M','Agustín Palavecino','1996-11-09',4,'m','€','2021-06-14 11:53:27'),(435,'D','Alex Vigo','1999-04-28',4,'m','€','2021-06-14 11:53:27'),(435,'F','Benjamín Rollheiser','2000-03-24',700,'th','€','2021-06-14 11:53:27'),(435,'M','Bruno Zuculini','1993-04-02',2,'m','€','2021-06-14 11:53:27'),(435,'G','Enrique Bologna','1982-02-13',150,'th','€','2021-06-14 11:53:27'),(435,'M','Enzo Pérez','1986-02-22',2,'m','€','2021-06-14 11:53:27'),(435,'D','Fabrizio Angileri','1994-03-15',3.5,'m','€','2021-06-14 11:53:27'),(435,'F','Federico Girotti','1999-06-02',4,'m','€','2021-06-14 11:53:27'),(435,'D','Felipe Peña Biafore','2001-04-05',200,'th','€','2021-06-14 11:53:27'),(435,'G','Franco Armani','1986-10-16',6,'m','€','2021-06-14 11:53:27'),(435,'G','Germán Lux','1982-07-06',100,'th','€','2021-06-14 11:53:27'),(435,'D','Gonzalo Montiel','1997-01-01',14.5,'m','€','2021-06-14 11:53:27'),(435,'D','Héctor Martínez','1998-01-21',5,'m','€','2021-06-14 11:53:27'),(435,'D','Javier Pinola','1983-02-24',700,'th','€','2021-06-14 11:53:27'),(435,'D','Jonatan Maidana','1985-07-29',600,'th','€','2021-06-14 11:53:27'),(435,'M','Jorge Carrascal','1998-05-25',7,'m','€','2021-06-14 11:53:27'),(435,'D','Jorge Moreira','1990-02-01',300,'th','€','2021-06-14 11:53:27'),(435,'M','José Paradela','1998-12-15',2,'m','€','2021-06-14 11:53:27'),(435,'F','Julián Álvarez','2000-01-31',15,'m','€','2021-06-14 11:53:27'),(435,'M','Leonardo Ponzio','1982-01-29',250,'th','€','2021-06-14 11:53:27'),(435,'F','Lucas Beltrán','2001-03-20',500,'th','€','2021-06-14 11:53:27'),(435,'F','Matías Suárez','1988-05-09',3.2,'m','€','2021-06-14 11:53:27'),(435,'D','Milton Casco','1988-04-11',2.2,'m','€','2021-06-14 11:53:27'),(435,'M','Nicolás De La Cruz','1997-06-01',18,'m','€','2021-06-14 11:53:27'),(435,'D','Paulo Díaz','1994-08-25',6.5,'m','€','2021-06-14 11:53:27'),(435,'D','Robert Rojas','1996-04-30',4.8,'m','€','2021-06-14 11:53:27'),(435,'F','Santiago Simón','2002-06-13',550,'th','€','2021-06-14 11:53:27'),(435,'F','Santos Borré','1995-09-15',17,'m','€','2021-06-14 11:53:27'),(436,'D','Alexis Soto','1993-10-20',1,'m','€','2021-06-14 11:53:26'),(436,'M','Aníbal Moreno','1999-05-13',4,'m','€','2021-06-14 11:53:26'),(436,'F','Benjamín Garré','2000-07-11',300,'th','€','2021-06-14 11:53:26'),(436,'M','Carlos Alcaraz','2002-11-30',1.5,'m','€','2021-06-14 11:53:26'),(436,'F','Darío Cvitanich','1984-05-16',600,'th','€','2021-06-14 11:53:26'),(436,'F','Enzo Copetti','1996-01-16',2.5,'m','€','2021-06-14 11:53:26'),(436,'D','Eugenio Mena','1988-07-18',1.8,'m','€','2021-06-14 11:53:26'),(436,'D','Ezequiel Schelotto','1989-05-23',800,'th','€','2021-06-14 11:53:26'),(436,'M','Fabricio Domínguez','1998-06-24',600,'th','€','2021-06-14 11:53:26'),(436,'G','Gabriel Arias','1987-09-13',3.8,'m','€','2021-06-14 11:53:26'),(436,'G','Gastón Gómez','1996-03-04',200,'th','€','2021-06-14 11:53:26'),(436,'F','Héctor Fértoli','1994-12-03',1.5,'m','€','2021-06-14 11:53:26'),(436,'F','Ignacio Piatti','1985-02-04',1,'m','€','2021-06-14 11:53:26'),(436,'F','Iván Maggi','1999-06-14',100,'th','€','2021-06-14 11:53:26'),(436,'D','Iván Pillud','1986-04-24',200,'th','€','2021-06-14 11:53:26'),(436,'D','Joaquín Novillo','1998-02-19',625,'th','€','2021-06-14 11:53:26'),(436,'D','Juan José Cáceres','2000-06-01',1.3,'m','€','2021-06-14 11:53:26'),(436,'M','Julián López','2000-01-08',200,'th','€','2021-06-14 11:53:26'),(436,'M','Kevin Gutiérrez','1997-06-03',800,'th','€','2021-06-14 11:53:26'),(436,'D','Leonardo Sigali','1987-05-29',1.7,'m','€','2021-06-14 11:53:26'),(436,'M','Leonel Miranda','1994-01-07',2.5,'m','€','2021-06-14 11:53:26'),(436,'F','Lorenzo Melgarejo','1990-08-10',1.8,'m','€','2021-06-14 11:53:26'),(436,'D','Lucas Orbán','1989-02-03',900,'th','€','2021-06-14 11:53:26'),(436,'M','Marcelo Díaz','1986-12-30',900,'th','€','2021-06-14 11:53:26'),(436,'M','Matías Rojas','1995-11-03',4.8,'m','€','2021-06-14 11:53:26'),(436,'G','Matías Tagliamonte','1998-02-19',75,'th','€','2021-06-14 11:53:26'),(436,'D','Mauricio Martínez','1993-02-20',425,'th','€','2021-06-14 11:53:26'),(436,'F','Maximiliano Cuadra','1995-06-06',300,'th','€','2021-06-14 11:53:26'),(436,'NC.','Maximiliano Lovera','1999-03-09',2.2,'m','€','2021-06-14 11:53:26'),(436,'D','Nery Domínguez','1990-04-09',1.9,'m','€','2021-06-14 11:53:26'),(436,'F','Nicolás Reniero','1995-03-18',2,'m','€','2021-06-14 11:53:26'),(436,'F','Tomás Chancalay','1999-01-01',4,'m','€','2021-06-14 11:53:26'),(437,'F','Alan Marinelli','1999-04-07',2,'m','€','2021-06-14 11:53:26'),(437,'D','Damián Martínez','1990-01-31',1,'m','€','2021-06-14 11:53:26'),(437,'M','Diego Zabala','1991-09-19',1.5,'m','€','2021-06-14 11:53:26'),(437,'M','Emiliano Vecchio','1988-11-16',1.3,'m','€','2021-06-14 11:53:26'),(437,'M','Emmanuel Ojeda','1997-11-05',300,'th','€','2021-06-14 11:53:26'),(437,'M','Fabián Rinaudo','1987-05-08',650,'th','€','2021-06-14 11:53:26'),(437,'D','Facundo Almada','1998-07-10',600,'th','€','2021-06-14 11:53:26'),(437,'D','Fernando Torrent','1991-10-02',350,'th','€','2021-06-14 11:53:26'),(437,'M','Francesco Lo Celso','2000-03-05',350,'th','€','2021-06-14 11:53:26'),(437,'D','Gastón Ávila','2001-09-30',2.5,'m','€','2021-06-14 11:53:26'),(437,'F','Ignacio Russo','2000-12-13',50,'th','€','2021-06-14 11:53:26'),(437,'D','Joan Mazzaco','2000-04-25',25,'th','€','2021-06-14 11:53:26'),(437,'D','Joaquín Laso','1990-07-04',1,'m','€','2021-06-14 11:53:26'),(437,'G','Jorge Broun','1986-05-26',400,'th','€','2021-06-14 11:53:26'),(437,'G','Josué Ayala','1988-05-30',125,'th','€','2021-06-14 11:53:26'),(437,'G','Juan Pablo Romero','1998-06-02',100,'th','€','2021-06-14 11:53:26'),(437,'D','Lautaro Blanco','1999-02-19',350,'th','€','2021-06-14 11:53:26'),(437,'M','Lautaro Giaccone','2001-02-01',50,'th','€','2021-06-14 11:53:26'),(437,'F','Luca Martínez Dupuy','2001-06-05',600,'th','€','2021-06-14 11:53:26'),(437,'F','Lucas Gamba','1987-06-24',1.1,'m','€','2021-06-14 11:53:26'),(437,'F','Luciano Ferreyra','2002-02-19',750,'th','€','2021-06-14 11:53:26'),(437,'F','Marco Ruben','1986-10-26',500,'th','€','2021-06-14 11:53:26'),(437,'M','Martín Rabuñal','1994-04-22',1,'m','€','2021-06-14 11:53:26'),(437,'M','Mateo Tanlongo','2003-08-12',50,'th','€','2021-06-14 11:53:26'),(437,'D','Nicolás Ferreyra','1993-03-30',300,'th','€','2021-06-14 11:53:26'),(437,'F','Patricio Cucchi','1993-05-03',500,'th','€','2021-06-14 11:53:26'),(437,'D','Rafael Sangiovani','1998-03-31',50,'th','€','2021-06-14 11:53:26'),(437,'M','Rodrigo Villagra','2001-02-14',700,'th','€','2021-06-14 11:53:26'),(438,'F','Agustín Bouzat','1994-03-28',2.5,'m','€','2021-06-14 11:53:28'),(438,'M','Agustín Mulet','2000-02-22',1.1,'m','€','2021-06-14 11:53:28'),(438,'G','Alexander Domínguez','1987-06-05',550,'th','€','2021-06-14 11:53:28'),(438,'F','Cristian Tarragona','1991-04-09',1.6,'m','€','2021-06-14 11:53:28'),(438,'D','Damián Fernández','2002-01-02',0,'m','€','2021-06-14 11:53:28'),(438,'M','Federico Mancuello','1989-03-26',900,'th','€','2021-06-14 11:53:28'),(438,'F','Florián Monzón','2001-01-03',250,'th','€','2021-06-14 11:53:28'),(438,'D','Francisco Ortega','1999-03-19',4,'m','€','2021-06-14 11:53:28'),(438,'M','Gerónimo Poblete','1993-01-02',600,'th','€','2021-06-14 11:53:28'),(438,'D','Hernán De La Fuente','1997-01-07',1.8,'m','€','2021-06-14 11:53:28'),(438,'F','Juan Martín Lucero','1991-11-30',675,'th','€','2021-06-14 11:53:28'),(438,'D','Lautaro Giannetti','1993-11-13',4.7,'m','€','2021-06-14 11:53:28'),(438,'F','Luca Orellano','2000-03-22',8,'m','€','2021-06-14 11:53:28'),(438,'G','Lucas Hoyos','1989-04-29',600,'th','€','2021-06-14 11:53:28'),(438,'F','Lucas Janson','1994-08-16',4.2,'m','€','2021-06-14 11:53:28'),(438,'D','Luis Abram','1996-02-27',6.8,'m','€','2021-06-14 11:53:28'),(438,'G','Matías Borgogno','1998-08-21',150,'th','€','2021-06-14 11:53:28'),(438,'D','Matías De los Santos','1992-11-22',700,'th','€','2021-06-14 11:53:28'),(438,'D','Miguel Brizuela','1997-01-15',400,'th','€','2021-06-14 11:53:28'),(438,'M','Pablo Galdames','1996-12-30',3.1,'m','€','2021-06-14 11:53:28'),(438,'M','Ricardo Álvarez','1988-04-12',1,'m','€','2021-06-14 11:53:28'),(438,'F','Ricardo Centurión','1993-01-19',2.2,'m','€','2021-06-14 11:53:28'),(438,'M','Santiago Cáseres','1997-02-25',4.8,'m','€','2021-06-14 11:53:28'),(438,'M','Thiago Almada','2001-04-26',20,'m','€','2021-06-14 11:53:28'),(438,'D','Tomás Cavanagh','2001-01-05',50,'th','€','2021-06-14 11:53:28'),(438,'D','Tomás Guidara','1996-03-13',3.5,'m','€','2021-06-14 11:53:28'),(439,'M','Agustín Álvarez','2000-01-08',75,'th','€','2021-06-14 11:53:25'),(439,'F','Alan Cantero','1998-06-28',75,'th','€','2021-06-14 11:53:25'),(439,'D','Augusto Aguirre','1999-08-02',50,'th','€','2021-06-14 11:53:25'),(439,'F','Cristian Colmán','1994-02-26',500,'th','€','2021-06-14 11:53:25'),(439,'D','Damián Pérez','1988-12-22',450,'th','€','2021-06-14 11:53:25'),(439,'D','Elías López','2000-07-08',300,'th','€','2021-06-14 11:53:25'),(439,'NC.','Ezequiel Bullaude','2000-10-26',1,'m','€','2021-06-14 11:53:25'),(439,'M','Ezequiel Cirigliano','1992-01-24',300,'th','€','2021-06-14 11:53:25'),(439,'M','Fabián Henríquez','1995-06-08',300,'th','€','2021-06-14 11:53:25'),(439,'D','Gianluca Ferrari','1997-06-30',1.4,'m','€','2021-06-14 11:53:25'),(439,'M','Gonzalo Abrego','2000-01-07',450,'th','€','2021-06-14 11:53:25'),(439,'D','Gonzalo Goñi','1998-08-16',525,'th','€','2021-06-14 11:53:25'),(439,'D','Hugo Silva','1992-02-04',225,'th','€','2021-06-14 11:53:25'),(439,'D','Ian Escobar','1996-05-29',250,'th','€','2021-06-14 11:53:25'),(439,'F','Jeison Chalá','1994-12-08',600,'th','€','2021-06-14 11:53:25'),(439,'G','Juan Espínola','1994-11-20',350,'th','€','2021-06-14 11:53:25'),(439,'D','Leonel González','1994-03-15',325,'th','€','2021-06-14 11:53:25'),(439,'M','Luciano Pizarro','1997-07-14',75,'th','€','2021-06-14 11:53:25'),(439,'F','Martín Ojeda','1998-11-27',450,'th','€','2021-06-14 11:53:25'),(439,'F','Matías González','1999-03-07',50,'th','€','2021-06-14 11:53:25'),(439,'NC.','Matías Ramírez','1999-03-14',100,'th','€','2021-06-14 11:53:25'),(439,'D','Mauro dos Santos','1989-07-07',450,'th','€','2021-06-14 11:53:25'),(439,'G','Nelson Ibáñez','1981-11-13',75,'th','€','2021-06-14 11:53:25'),(439,'F','Renzo Tesuri','1996-06-07',700,'th','€','2021-06-14 11:53:25'),(439,'G','Roberto Ramírez','1996-07-07',450,'th','€','2021-06-14 11:53:25'),(439,'F','Sebastián Lomónaco','1998-09-17',400,'th','€','2021-06-14 11:53:25'),(439,'F','Tomás Badaloni','2000-05-02',2.8,'m','€','2021-06-14 11:53:25'),(439,'M','Valentín Burgoa','2000-08-16',1,'m','€','2021-06-14 11:53:25'),(439,'M','Wilder Cartagena','1994-09-23',1.2,'m','€','2021-06-14 11:53:25'),(441,'D','Brian Blasi','1996-02-08',350,'th','€','2021-06-14 11:53:28'),(441,'D','Claudio Corvalán','1989-03-23',425,'th','€','2021-06-14 11:53:28'),(441,'F','Cristian Insaurralde','1991-07-20',250,'th','€','2021-06-14 11:53:28'),(441,'F','Daniel Juárez','2001-07-30',300,'th','€','2021-06-14 11:53:28'),(441,'M','Enzo Roldán','2000-12-07',50,'th','€','2021-06-14 11:53:28'),(441,'G','Federico Bonansea','1998-03-13',50,'th','€','2021-06-14 11:53:28'),(441,'D','Federico Vera','1998-03-24',75,'th','€','2021-06-14 11:53:28'),(441,'F','Fernando Márquez','1987-12-10',650,'th','€','2021-06-14 11:53:28'),(441,'D','Francisco Gerometta','1999-09-01',150,'th','€','2021-06-14 11:53:28'),(441,'D','Franco Calderón','1998-05-13',600,'th','€','2021-06-14 11:53:28'),(441,'M','Gastón Comas','1998-06-13',150,'th','€','2021-06-14 11:53:28'),(441,'F','Gastón González','2001-06-27',450,'th','€','2021-06-14 11:53:28'),(441,'M','Imanol Machuca','2000-01-15',0,'m','€','2021-06-14 11:53:28'),(441,'D','Jonathan Galván','1992-06-25',650,'th','€','2021-06-14 11:53:28'),(441,'D','Juan Carlos Portillo','2000-05-18',0,'m','€','2021-06-14 11:53:28'),(441,'M','Juan Ignacio Nardoni','2002-07-14',500,'th','€','2021-06-14 11:53:28'),(441,'F','Juan Manuel García','1992-11-14',550,'th','€','2021-06-14 11:53:28'),(441,'M','Kevin Zenón','2001-07-29',500,'th','€','2021-06-14 11:53:28'),(441,'F','Marco Borgnino','1997-10-25',225,'th','€','2021-06-14 11:53:28'),(441,'M','Martín Cañete','1999-06-17',900,'th','€','2021-06-14 11:53:28'),(441,'D','Matias Nani','1998-03-26',500,'th','€','2021-06-14 11:53:28'),(441,'F','Mauro Luna Diale','1999-04-26',675,'th','€','2021-06-14 11:53:28'),(441,'M','Mauro Pittón','1994-08-08',1.5,'m','€','2021-06-14 11:53:28'),(441,'M','Nelson Acevedo','1988-07-11',300,'th','€','2021-06-14 11:53:28'),(441,'M','Nery Leyes','1989-09-05',250,'th','€','2021-06-14 11:53:28'),(441,'F','Nicolás Andereggen','1999-09-22',200,'th','€','2021-06-14 11:53:28'),(441,'D','Nicolás Peñailillo','1991-06-13',450,'th','€','2021-06-14 11:53:28'),(441,'G','Sebastián Moyano','1990-08-26',350,'th','€','2021-06-14 11:53:28'),(442,'D','Adonis Frías','1998-03-17',2.5,'m','€','2021-06-14 11:53:28'),(442,'D','Agustín Sienra','1999-07-14',50,'th','€','2021-06-14 11:53:28'),(442,'F','Braian Romero','1991-06-15',4,'m','€','2021-06-14 11:53:28'),(442,'F','Carlos Rotondi','1997-03-12',1,'m','€','2021-06-14 11:53:28'),(442,'F','Ciro Rius','1988-10-27',800,'th','€','2021-06-14 11:53:28'),(442,'D','Emanuel Brítez','1992-03-26',1.4,'m','€','2021-06-14 11:53:28'),(442,'M','Enzo Fernández','2001-01-17',5,'m','€','2021-06-14 11:53:28'),(442,'F','Eugenio Isnaldo','1994-01-07',1.5,'m','€','2021-06-14 11:53:28'),(442,'G','Ezequiel Unsain','1995-03-09',3.5,'m','€','2021-06-14 11:53:28'),(442,'D','Fernando Meza','1990-03-21',1.5,'m','€','2021-06-14 11:53:28'),(442,'F','Francisco Pizzini','1993-09-19',1.5,'m','€','2021-06-14 11:53:28'),(442,'D','Franco Paredes','1999-03-18',2,'m','€','2021-06-14 11:53:28'),(442,'F','Gabriel Hachen','1990-10-16',450,'th','€','2021-06-14 11:53:28'),(442,'F','José González','1999-02-24',50,'th','€','2021-06-14 11:53:28'),(442,'D','Juan Rodríguez','1994-02-28',800,'th','€','2021-06-14 11:53:28'),(442,'M','Lautaro Escalante','1999-07-02',75,'th','€','2021-06-14 11:53:28'),(442,'D','Marcelo Benítez','1991-01-13',800,'th','€','2021-06-14 11:53:28'),(442,'G','Marcos Ledesma','1996-09-15',350,'th','€','2021-06-14 11:53:28'),(442,'D','Matías Rodríguez','1986-04-14',400,'th','€','2021-06-14 11:53:28'),(442,'D','Mauricio Duarte','1992-06-24',350,'th','€','2021-06-14 11:53:28'),(442,'M','Maximiliano Luayza','2002-04-15',75,'th','€','2021-06-14 11:53:28'),(442,'F','Miguel Merentiel','1996-02-24',600,'th','€','2021-06-14 11:53:28'),(442,'D','Nahuel Gallardo','1998-05-09',900,'th','€','2021-06-14 11:53:28'),(442,'D','Néstor Breitenbruch','1995-09-13',650,'th','€','2021-06-14 11:53:28'),(442,'D','Nicolás Tripichio','1996-01-05',500,'th','€','2021-06-14 11:53:28'),(442,'M','Raúl Loaiza','1994-06-08',1,'m','€','2021-06-14 11:53:28'),(442,'D','Rodrigo Herrera','2000-08-02',75,'th','€','2021-06-14 11:53:28'),(442,'M','Tomás Martínez','1995-03-07',2,'m','€','2021-06-14 11:53:28'),(442,'M','Tomás Ortiz','2000-03-10',50,'th','€','2021-06-14 11:53:28'),(442,'M','Valentín Larralde','2000-11-15',1.5,'m','€','2021-06-14 11:53:28'),(442,'F','Walter Bou','1993-08-25',4,'m','€','2021-06-14 11:53:28'),(444,'F','Agustín Pastorelli','1997-09-09',250,'th','€','2021-06-14 11:53:27'),(444,'M','Brian Nievas','1998-04-28',150,'th','€','2021-06-14 11:53:27'),(444,'D','Bruno Urribarri','1986-11-06',50,'th','€','2021-06-14 11:53:27'),(444,'M','Damián Lemos','1989-01-31',200,'th','€','2021-06-14 11:53:27'),(444,'D','Dylan Gissi','1991-04-27',275,'th','€','2021-06-14 11:53:27'),(444,'F','Faustino Dettler','1998-06-11',325,'th','€','2021-06-14 11:53:27'),(444,'M','Franco Leys','1993-10-18',400,'th','€','2021-06-14 11:53:27'),(444,'G','Franco Rivasseau','1997-07-10',25,'th','€','2021-06-14 11:53:27'),(444,'F','Gabriel Gudiño','1992-03-19',400,'th','€','2021-06-14 11:53:27'),(444,'D','Gustavo Canto','1994-02-25',450,'th','€','2021-06-14 11:53:27'),(444,'M','Héctor Canteros','1989-03-15',600,'th','€','2021-06-14 11:53:27'),(444,'F','José Barreto','2000-02-22',150,'th','€','2021-06-14 11:53:27'),(444,'M','Juan Pablo Barinaga','2000-06-13',50,'th','€','2021-06-14 11:53:27'),(444,'F','Junior Arias','1993-05-17',900,'th','€','2021-06-14 11:53:27'),(444,'NC.','Lautaro Comas','1995-01-15',300,'th','€','2021-06-14 11:53:27'),(444,'D','Lautaro Geminiani','1991-03-02',75,'th','€','2021-06-14 11:53:27'),(444,'M','Lautaro Torres','1996-09-28',275,'th','€','2021-06-14 11:53:27'),(444,'D','Leandro Marín','1992-01-22',275,'th','€','2021-06-14 11:53:27'),(444,'D','Lucas Kruspzky','1992-04-06',150,'th','€','2021-06-14 11:53:27'),(444,'F','Martín Garay','1999-06-12',500,'th','€','2021-06-14 11:53:27'),(444,'G','Matías Ibáñez','1986-12-16',350,'th','€','2021-06-14 11:53:27'),(444,'M','Matías Palavecino','1998-05-23',0,'m','€','2021-06-14 11:53:27'),(444,'F','Neri Bandiera','1989-07-03',25,'th','€','2021-06-14 11:53:27'),(444,'F','Nicolás Delgadillo','1997-10-02',250,'th','€','2021-06-14 11:53:27'),(444,'F','Nicolas Franco','1996-04-29',100,'th','€','2021-06-14 11:53:27'),(444,'D','Oliver Benítez','1991-06-07',325,'th','€','2021-06-14 11:53:27'),(444,'D','Rolando García','1990-02-10',250,'th','€','2021-06-14 11:53:27'),(444,'F','Sebastián Sosa','1994-03-13',300,'th','€','2021-06-14 11:53:27'),(444,'D','Sergio Ojeda','1992-01-04',450,'th','€','2021-06-14 11:53:27'),(445,'M','Agostino Spina','2001-10-31',0,'m','€','2021-06-14 11:53:27'),(445,'F','Agustín Curruhinca','2000-01-06',100,'th','€','2021-06-14 11:53:27'),(445,'F','Andrés Chávez','1991-03-21',1.8,'m','€','2021-06-14 11:53:27'),(445,'F','Braian Maidana','1999-07-22',50,'th','€','2021-06-14 11:53:27'),(445,'M','Claudio Yacob','1987-07-18',800,'th','€','2021-06-14 11:53:27'),(445,'F','Cristian Núñez','2000-08-12',100,'th','€','2021-06-14 11:53:27'),(445,'F','Diego Mendoza','1992-09-30',250,'th','€','2021-06-14 11:53:27'),(445,'M','Diego Mercado','1997-01-03',75,'th','€','2021-06-14 11:53:27'),(445,'M','Esteban Rolón','1995-03-25',1,'m','€','2021-06-14 11:53:27'),(445,'D','Ezequiel Bonifacio','1994-05-09',1,'m','€','2021-06-14 11:53:27'),(445,'M','Ezequiel Navarro','2001-07-06',100,'th','€','2021-06-14 11:53:27'),(445,'G','Facundo Cambeses','1997-04-09',1.5,'m','€','2021-06-14 11:53:27'),(445,'M','Federico Marín','1998-03-24',75,'th','€','2021-06-14 11:53:27'),(445,'M','Franco Cristaldo','1996-08-15',1.4,'m','€','2021-06-14 11:53:27'),(445,'D','Iván Erquiaga','1999-03-26',750,'th','€','2021-06-14 11:53:27'),(445,'G','Joaquín Mendive','1996-08-08',50,'th','€','2021-06-14 11:53:27'),(445,'D','José Moya','1992-08-07',700,'th','€','2021-06-14 11:53:27'),(445,'F','Juan Garro','1992-11-24',1.2,'m','€','2021-06-14 11:53:27'),(445,'D','Leandro Grimi','1985-02-09',50,'th','€','2021-06-14 11:53:27'),(445,'D','Lucas Merolla','1995-06-27',1.5,'m','€','2021-06-14 11:53:27'),(445,'F','Nicolás Cordero','1999-04-11',500,'th','€','2021-06-14 11:53:27'),(445,'F','Nicolás Silva','1990-01-24',250,'th','€','2021-06-14 11:53:27'),(445,'F','Norberto Briasco','1996-02-29',1.8,'m','€','2021-06-14 11:53:27'),(445,'M','Pablo Oro','2002-08-09',200,'th','€','2021-06-14 11:53:27'),(445,'M','Patricio Toranzo','1982-03-19',50,'th','€','2021-06-14 11:53:27'),(445,'G','Rafael Ferrario','2000-04-30',25,'th','€','2021-06-14 11:53:27'),(445,'D','Raúl Lozano','1997-09-02',450,'th','€','2021-06-14 11:53:27'),(445,'D','Renato Civelli','1983-10-14',250,'th','€','2021-06-14 11:53:27'),(445,'F','Rodrigo Cabral','2000-08-08',150,'th','€','2021-06-14 11:53:27'),(445,'M','Santiago Hezze','2001-10-22',750,'th','€','2021-06-14 11:53:27'),(445,'G','Sebastián Meza','2000-03-14',700,'th','€','2021-06-14 11:53:27'),(445,'F','Sebastián Ramírez','2000-09-04',200,'th','€','2021-06-14 11:53:27'),(445,'D','Walter Pérez','1998-10-23',1,'m','€','2021-06-14 11:53:27'),(446,'D','Alexandro Bernabéi','2000-09-24',3,'m','€','2021-06-14 11:53:24'),(446,'D','Alexis Pérez','1994-03-25',1.5,'m','€','2021-06-14 11:53:24'),(446,'D','Braian Aguirre','2000-07-28',2,'m','€','2021-06-14 11:53:24'),(446,'M','Facundo Pérez','1999-07-31',500,'th','€','2021-06-14 11:53:24'),(446,'M','Facundo Quignón','1993-05-02',2.4,'m','€','2021-06-14 11:53:24'),(446,'F','Franco Orozco','2002-01-09',3,'m','€','2021-06-14 11:53:24'),(446,'D','Guillermo Burdisso','1988-09-26',1.1,'m','€','2021-06-14 11:53:24'),(446,'M','Ignacio Cechi','2001-07-26',50,'th','€','2021-06-14 11:53:24'),(446,'D','José Luis Gómez','1993-09-13',400,'th','€','2021-06-14 11:53:24'),(446,'F','José Manuel López','2000-12-06',0,'m','€','2021-06-14 11:53:24'),(446,'F','José Sand','1980-07-17',100,'th','€','2021-06-14 11:53:24'),(446,'D','Julián Aude','2003-03-24',650,'th','€','2021-06-14 11:53:24'),(446,'F','Lautaro Acosta','1988-03-14',1.75,'m','€','2021-06-14 11:53:24'),(446,'G','Lautaro Morales','1999-12-16',3,'m','€','2021-06-14 11:53:24'),(446,'D','Leonel Di Placido','1994-01-28',1.5,'m','€','2021-06-14 11:53:24'),(446,'G','Lucas Acosta','1995-03-12',425,'th','€','2021-06-14 11:53:24'),(446,'F','Lucas Besozzi','2003-01-22',75,'th','€','2021-06-14 11:53:24'),(446,'M','Lucas Vera','1997-04-18',2.75,'m','€','2021-06-14 11:53:24'),(446,'M','Matías Esquivel','1999-03-22',2.5,'m','€','2021-06-14 11:53:24'),(446,'D','Matías Pérez','1999-09-24',150,'th','€','2021-06-14 11:53:24'),(446,'D','Nicolás Morgantini','1994-09-11',350,'th','€','2021-06-14 11:53:24'),(446,'F','Nicolás Orsini','1994-09-12',2,'m','€','2021-06-14 11:53:24'),(446,'D','Nicolás Thaller','1998-09-07',500,'th','€','2021-06-14 11:53:24'),(446,'M','Pablo Aranda','2001-05-14',75,'th','€','2021-06-14 11:53:24'),(446,'F','Pedro de La Vega','2001-02-07',10,'m','€','2021-06-14 11:53:24'),(446,'M','Tomás Belmonte','1998-05-27',6,'m','€','2021-06-14 11:53:24'),(448,'M','Alexis Castro','1994-10-18',2,'m','€','2021-06-14 11:53:24'),(448,'D','Bruno Bianchi','1989-02-17',600,'th','€','2021-06-14 11:53:24'),(448,'F','Cristian Bernardi','1990-04-10',1.5,'m','€','2021-06-14 11:53:24'),(448,'M','Cristian Ferreira','1999-09-12',2.5,'m','€','2021-06-14 11:53:24'),(448,'D','Eric Meza','1999-04-08',1.8,'m','€','2021-06-14 11:53:24'),(448,'M','Facundo Farías','2002-08-28',7,'m','€','2021-06-14 11:53:24'),(448,'D','Facundo Garcés','1999-09-05',3.5,'m','€','2021-06-14 11:53:24'),(448,'D','Facundo Mura','1999-03-23',2.8,'m','€','2021-06-14 11:53:24'),(448,'M','Federico Lértora','1990-07-01',1.8,'m','€','2021-06-14 11:53:24'),(448,'D','Gonzalo Escobar','1997-03-16',2.5,'m','€','2021-06-14 11:53:24'),(448,'D','Gonzalo Piovi','1994-09-08',700,'th','€','2021-06-14 11:53:24'),(448,'M','Guillermo Gozalvez','2003-03-05',0,'m','€','2021-06-14 11:53:24'),(448,'G','Ignacio Chicco','1996-06-30',100,'th','€','2021-06-14 11:53:24'),(448,'G','Joaquín Hass','1998-03-27',25,'th','€','2021-06-14 11:53:24'),(448,'G','Leonardo Burián','1984-01-21',1.1,'m','€','2021-06-14 11:53:24'),(448,'D','Lucas Acevedo','1991-11-08',350,'th','€','2021-06-14 11:53:24'),(448,'NC.','Luis Miguel Rodríguez','1985-01-01',2,'m','€','2021-06-14 11:53:24'),(448,'F','Nicolás Leguizamón','1995-01-26',950,'th','€','2021-06-14 11:53:24'),(448,'D','Paolo Goltz','1985-05-12',750,'th','€','2021-06-14 11:53:24'),(448,'D','Rafael Delgado','1990-01-13',1.9,'m','€','2021-06-14 11:53:24'),(448,'M','Rodrigo Aliendro','1991-02-16',2.3,'m','€','2021-06-14 11:53:24'),(448,'M','Santiago Pierotti','2001-04-03',2,'m','€','2021-06-14 11:53:24'),(448,'F','Tomás Sandoval','1999-03-30',600,'th','€','2021-06-14 11:53:24'),(448,'F','Wilson Morelo','1987-05-21',600,'th','€','2021-06-14 11:53:24'),(448,'M','Yéiler Góez','1999-11-01',700,'th','€','2021-06-14 11:53:24'),(449,'F','Agustín Urzi','2000-05-04',6,'m','€','2021-06-14 11:53:24'),(449,'M','Alejandro Cabrera','1992-09-30',800,'th','€','2021-06-14 11:53:24'),(449,'D','Alexis Maldonado','1997-09-02',2,'m','€','2021-06-14 11:53:24'),(449,'D','Alexis Sosa','1999-07-22',150,'th','€','2021-06-14 11:53:24'),(449,'D','Emanuel Coronel','1997-02-01',1.2,'m','€','2021-06-14 11:53:24'),(449,'F','Fabián Bordagaray','1987-02-15',325,'th','€','2021-06-14 11:53:24'),(449,'G','Facundo Altamirano','1996-03-21',400,'th','€','2021-06-14 11:53:24'),(449,'D','Franco Quinteros','1998-10-13',250,'th','€','2021-06-14 11:53:24'),(449,'M','Giuliano Galoppo','1999-06-18',6,'m','€','2021-06-14 11:53:24'),(449,'G','Iván Arboleda','1996-04-21',2.5,'m','€','2021-06-14 11:53:24'),(449,'M','Jesús Dátolo','1984-05-19',150,'th','€','2021-06-14 11:53:24'),(449,'M','Jonás Gutiérrez','1983-07-05',75,'th','€','2021-06-14 11:53:24'),(449,'F','Juan Manuel Cruz','1999-07-19',25,'th','€','2021-06-14 11:53:24'),(449,'F','Juan Pablo Álvarez','1996-02-10',2.5,'m','€','2021-06-14 11:53:24'),(449,'D','Luciano Gómez','1996-03-22',900,'th','€','2021-06-14 11:53:24'),(449,'D','Luciano Lollo','1987-03-29',400,'th','€','2021-06-14 11:53:24'),(449,'F','Luciano Pons','1990-04-18',400,'th','€','2021-06-14 11:53:24'),(449,'M','Martín Payero','1998-09-11',5,'m','€','2021-06-14 11:53:24'),(449,'M','Matías González','2002-02-28',50,'th','€','2021-06-14 11:53:24'),(449,'F','Mauricio Cuero','1993-01-28',2.3,'m','€','2021-06-14 11:53:24'),(449,'M','Nicolás Linares','1996-03-06',200,'th','€','2021-06-14 11:53:24'),(449,'NC.','Ramiro Enrique','2001-05-04',300,'th','€','2021-06-14 11:53:24'),(450,'D','Agustín Rogel','1997-10-17',1.5,'m','€','2021-06-14 11:53:26'),(450,'F','Ángel González','1994-05-16',2.3,'m','€','2021-06-14 11:53:26'),(450,'D','Bruno Valdez','2002-01-04',0,'m','€','2021-06-14 11:53:26'),(450,'F','Darío Sarmiento','2003-03-29',5.5,'m','€','2021-06-14 11:53:26'),(450,'M','David Ayala','2002-07-26',2,'m','€','2021-06-14 11:53:26'),(450,'M','Deian Verón','2000-09-25',0,'m','€','2021-06-14 11:53:26'),(450,'G','Emiliano González','1996-05-29',25,'th','€','2021-06-14 11:53:26'),(450,'D','Fabián Noguera','1993-03-20',1.4,'m','€','2021-06-14 11:53:26'),(450,'F','Federico González','1987-01-06',600,'th','€','2021-06-14 11:53:26'),(450,'D','Fernando Tobio','1989-10-18',550,'th','€','2021-06-14 11:53:26'),(450,'F','Francisco Apaolaza','1997-06-19',250,'th','€','2021-06-14 11:53:26'),(450,'M','Iván Gómez','1997-02-28',1.6,'m','€','2021-06-14 11:53:26'),(450,'G','Jerónimo Pourtau','2000-01-23',300,'th','€','2021-06-14 11:53:26'),(450,'M','Jorge Rodríguez','1995-09-15',2.6,'m','€','2021-06-14 11:53:26'),(450,'D','Juan Sánchez Miño','1990-01-01',2.5,'m','€','2021-06-14 11:53:26'),(450,'F','Leandro Díaz','1992-06-06',1.3,'m','€','2021-06-14 11:53:26'),(450,'D','Leonardo Godoy','1995-04-28',2.6,'m','€','2021-06-14 11:53:26'),(450,'F','Lucas Rodríguez','1997-04-27',3,'m','€','2021-06-14 11:53:26'),(450,'D','Luciano Squadrone','1999-11-18',25,'th','€','2021-06-14 11:53:26'),(450,'M','Manuel Castro','1995-09-27',800,'th','€','2021-06-14 11:53:26'),(450,'G','Mariano Andújar','1983-07-30',1.1,'m','€','2021-06-14 11:53:26'),(450,'F','Martín Cauteruccio','1987-04-14',800,'th','€','2021-06-14 11:53:26'),(450,'D','Mauricio Guzmán','1999-09-16',250,'th','€','2021-06-14 11:53:26'),(450,'M','Mauro Díaz','1991-03-10',800,'th','€','2021-06-14 11:53:26'),(450,'D','Nazareno Colombo','1999-03-20',400,'th','€','2021-06-14 11:53:26'),(450,'D','Nicolás Pasquini','1991-01-02',1.5,'m','€','2021-06-14 11:53:26'),(450,'F','Pablo Sabbag','1997-06-11',800,'th','€','2021-06-14 11:53:26'),(451,'M','Agustín Almendra','2000-02-11',4.5,'m','€','2021-06-14 11:53:27'),(451,'F','Agustín Obando','2000-03-11',3.2,'m','€','2021-06-14 11:53:27'),(451,'G','Agustín Rossi','1995-08-21',2,'m','€','2021-06-14 11:53:27'),(451,'D','Agustín Sández','2001-01-16',50,'th','€','2021-06-14 11:53:27'),(451,'M','Alan Varela','2001-07-04',7,'m','€','2021-06-14 11:53:27'),(451,'D','Carlos Izquierdoz','1988-11-03',3.3,'m','€','2021-06-14 11:53:27'),(451,'NC.','Carlos Tevez','1984-02-05',1,'m','€','2021-06-14 11:53:27'),(451,'D','Carlos Zambrano','1989-07-10',1.2,'m','€','2021-06-14 11:53:27'),(451,'M','Cristian Medina','2002-06-01',6,'m','€','2021-06-14 11:53:27'),(451,'F','Cristian Pavón','1996-01-21',12,'m','€','2021-06-14 11:53:27'),(451,'M','Diego González','1988-02-09',450,'th','€','2021-06-14 11:53:27'),(451,'F','Eduardo Salvio','1990-07-13',7,'m','€','2021-06-14 11:53:27'),(451,'M','Edwin Cardona','1992-12-08',4.3,'m','€','2021-06-14 11:53:27'),(451,'D','Emmanuel Mas','1989-01-15',1,'m','€','2021-06-14 11:53:27'),(451,'G','Esteban Andrada','1991-01-26',8,'m','€','2021-06-14 11:53:27'),(451,'F','Exequiel Zeballos','2002-04-24',5,'m','€','2021-06-14 11:53:27'),(451,'F','Franco Soldano','1994-09-14',1.4,'m','€','2021-06-14 11:53:27'),(451,'D','Frank Fabra','1991-02-22',2.2,'m','€','2021-06-14 11:53:27'),(451,'M','Gonzalo Maroni','1999-03-18',3.7,'m','€','2021-06-14 11:53:27'),(451,'M','Ignacio Fernández','2002-07-25',450,'th','€','2021-06-14 11:53:27'),(451,'G','Javier García','1987-01-29',200,'th','€','2021-06-14 11:53:27'),(451,'M','Jorman Campuzano','1996-04-30',3,'m','€','2021-06-14 11:53:27'),(451,'D','Julio Buffarini','1988-08-18',1,'m','€','2021-06-14 11:53:27'),(451,'D','Leonardo Jara','1991-05-20',1,'m','€','2021-06-14 11:53:27'),(451,'D','Lisandro López','1989-09-01',2.9,'m','€','2021-06-14 11:53:27'),(451,'F','Luis Vázquez','2001-04-24',100,'th','€','2021-06-14 11:53:27'),(451,'D','Marcos Rojo','1990-03-20',3,'m','€','2021-06-14 11:53:27'),(451,'NC.','Mauro Zárate','1987-03-18',1,'m','€','2021-06-14 11:53:27'),(451,'M','Nicolás Capaldo','1998-09-14',5,'m','€','2021-06-14 11:53:27'),(451,'D','Renzo Giampaoli','2000-01-07',50,'th','€','2021-06-14 11:53:27'),(451,'F','Sebastián Villa','1996-05-19',7.5,'m','€','2021-06-14 11:53:27'),(453,'M','Adrián Arregui','1992-08-12',750,'th','€','2021-06-14 11:53:27'),(453,'M','Alan Soñora','1998-08-03',300,'th','€','2021-06-14 11:53:27'),(453,'F','Alan Velasco','2002-07-27',12,'m','€','2021-06-14 11:53:27'),(453,'M','Andrés Roa','1993-05-25',2,'m','€','2021-06-14 11:53:27'),(453,'D','Ayrton Costa','1999-07-12',450,'th','€','2021-06-14 11:53:27'),(453,'F','Braian Martínez','1999-08-18',350,'th','€','2021-06-14 11:53:27'),(453,'M','Carlos Benavidez','1998-03-30',200,'th','€','2021-06-14 11:53:27'),(453,'F','Cristian Chávez','1987-06-04',150,'th','€','2021-06-14 11:53:27'),(453,'M','Domingo Blanco','1995-04-22',3,'m','€','2021-06-14 11:53:27'),(453,'D','Ezequiel Muñoz','1990-10-08',450,'th','€','2021-06-14 11:53:27'),(453,'D','Fabricio Bustos','1996-04-28',5,'m','€','2021-06-14 11:53:27'),(453,'F','Gastón Togni','1997-09-20',1.3,'m','€','2021-06-14 11:53:27'),(453,'D','Gonzalo Asís','1996-03-28',350,'th','€','2021-06-14 11:53:27'),(453,'F','Jonathan Herrera','1991-09-16',1.2,'m','€','2021-06-14 11:53:27'),(453,'D','Juan Manuel Insaurralde','1984-10-03',600,'th','€','2021-06-14 11:53:27'),(453,'M','Juan Pacchini','2000-06-17',100,'th','€','2021-06-14 11:53:27'),(453,'M','Lucas González','2000-06-03',1.8,'m','€','2021-06-14 11:53:27'),(453,'D','Lucas Rodríguez','1993-09-27',375,'th','€','2021-06-14 11:53:27'),(453,'M','Lucas Romero','1994-04-18',3.5,'m','€','2021-06-14 11:53:27'),(453,'F','Marcos Landaburu','2000-08-26',0,'m','€','2021-06-14 11:53:27'),(453,'G','Milton Álvarez','1989-01-26',600,'th','€','2021-06-14 11:53:27'),(453,'F','Nicolás Messiniti','1996-02-21',350,'th','€','2021-06-14 11:53:27'),(453,'M','Pablo Hernández','1986-10-24',200,'th','€','2021-06-14 11:53:27'),(453,'D','Patricio Ostachuk','2000-05-05',0,'m','€','2021-06-14 11:53:27'),(453,'G','Renzo Bacchia','1999-01-23',325,'th','€','2021-06-14 11:53:27'),(453,'F','Sebastián Palacios','1992-01-20',3.5,'m','€','2021-06-14 11:53:27'),(453,'G','Sebastián Sosa','1986-08-19',2.3,'m','€','2021-06-14 11:53:27'),(453,'D','Sergio Barreto','1999-04-24',1.1,'m','€','2021-06-14 11:53:27'),(453,'F','Silvio Romero','1988-07-22',3,'m','€','2021-06-14 11:53:27'),(453,'D','Thomas Ortega','2000-12-06',300,'th','€','2021-06-14 11:53:27'),(455,'M','Abel Bustos','1999-05-18',25,'th','€','2021-06-14 11:53:24'),(455,'D','Agustín Lagos','2001-10-09',50,'th','€','2021-06-14 11:53:24'),(455,'NC.','Augusto Lotti','1996-06-10',1.5,'m','€','2021-06-14 11:53:24'),(455,'D','Camilo Albornoz','2000-10-24',0,'m','€','2021-06-14 11:53:24'),(455,'M','Cristian Erbes','1990-01-06',600,'th','€','2021-06-14 11:53:24'),(455,'G','Cristian Lucchetti','1978-06-26',100,'th','€','2021-06-14 11:53:24'),(455,'M','Emanuel Rosales','1999-02-08',25,'th','€','2021-06-14 11:53:24'),(455,'D','Fabián Monzón','1987-04-13',200,'th','€','2021-06-14 11:53:24'),(455,'M','Facundo Fernández','2000-02-14',0,'m','€','2021-06-14 11:53:24'),(455,'M','Franco Mussis','1992-04-19',650,'th','€','2021-06-14 11:53:24'),(455,'G','Franco Pizzicanella','1996-05-29',50,'th','€','2021-06-14 11:53:24'),(455,'D','Gabriel Risso Patrón','1995-11-05',700,'th','€','2021-06-14 11:53:24'),(455,'M','Guillermo Acosta','1988-10-31',600,'th','€','2021-06-14 11:53:24'),(455,'D','Guillermo Ortiz','1992-08-09',2,'m','€','2021-06-14 11:53:24'),(455,'D','Gustavo Toledo','1989-09-19',350,'th','€','2021-06-14 11:53:24'),(455,'F','Ignacio Maestro Puch','2003-08-13',0,'m','€','2021-06-14 11:53:24'),(455,'F','Javier Toledo','1986-04-24',300,'th','€','2021-06-14 11:53:24'),(455,'F','Kevin Isa Luna','2001-04-18',350,'th','€','2021-06-14 11:53:24'),(455,'M','Kevin Nickler','2001-04-12',0,'m','€','2021-06-14 11:53:24'),(455,'M','Leonardo Heredia','1996-01-11',1.5,'m','€','2021-06-14 11:53:24'),(455,'D','Marcelo Ortiz','1994-01-13',1.5,'m','€','2021-06-14 11:53:24'),(455,'F','Matías Alustiza','1984-05-31',200,'th','€','2021-06-14 11:53:24'),(455,'D','Mauro Osores','1997-02-20',400,'th','€','2021-06-14 11:53:24'),(455,'M','Nicolás Aguirre','1990-06-27',600,'th','€','2021-06-14 11:53:24'),(455,'F','Nicolás Laméndola','1998-12-12',25,'th','€','2021-06-14 11:53:24'),(455,'D','Nicolás Romero','2003-11-28',0,'m','€','2021-06-14 11:53:24'),(455,'F','Oscar Benítez','1993-01-14',450,'th','€','2021-06-14 11:53:24'),(455,'M','Ramiro Carrera','1993-10-24',350,'th','€','2021-06-14 11:53:24'),(455,'F','Ramiro Ruiz','2000-03-21',300,'th','€','2021-06-14 11:53:24'),(455,'D','Santiago Vergini','1988-08-03',150,'th','€','2021-06-14 11:53:24'),(455,'G','Tomás Marchiori','1995-06-20',200,'th','€','2021-06-14 11:53:24'),(456,'D','Ángelo Martino','1998-06-05',2,'m','€','2021-06-14 11:53:24'),(456,'D','Augusto Schott','2000-01-17',600,'th','€','2021-06-14 11:53:24'),(456,'F','Carlos Auzqui','1991-09-18',2.3,'m','€','2021-06-14 11:53:24'),(456,'M','Diego García','1996-12-29',550,'th','€','2021-06-14 11:53:24'),(456,'F','Diego Valoyes','1996-09-22',5,'m','€','2021-06-14 11:53:24'),(456,'D','Enzo Díaz','1995-12-07',2.4,'m','€','2021-06-14 11:53:24'),(456,'M','Federico Navarro','2000-03-09',5,'m','€','2021-06-14 11:53:24'),(456,'M','Francis Mac Allister','1995-10-30',1.3,'m','€','2021-06-14 11:53:24'),(456,'M','Gastón Torres','2000-02-02',50,'th','€','2021-06-14 11:53:24'),(456,'M','Gonzalo Álvez','2003-11-23',50,'th','€','2021-06-14 11:53:24'),(456,'G','Guido Herrera','1992-02-29',1.6,'m','€','2021-06-14 11:53:24'),(456,'F','Guilherme Parede','1995-09-19',800,'th','€','2021-06-14 11:53:24'),(456,'F','Ignacio Lago','2002-08-05',50,'th','€','2021-06-14 11:53:24'),(456,'G','Joaquín Blázquez','2001-01-28',400,'th','€','2021-06-14 11:53:24'),(456,'M','Joel Soñora','1996-09-15',1.2,'m','€','2021-06-14 11:53:24'),(456,'M','José Mauri','1996-05-16',400,'th','€','2021-06-14 11:53:24'),(456,'M','Juan Ignacio Méndez','1997-04-28',2.1,'m','€','2021-06-14 11:53:24'),(456,'D','Juan Komar','1996-08-13',3.5,'m','€','2021-06-14 11:53:24'),(456,'D','Julián Malatini','2001-05-31',50,'th','€','2021-06-14 11:53:24'),(456,'D','Julián Velázquez','1990-10-23',1,'m','€','2021-06-14 11:53:24'),(456,'G','Marcos Díaz','1986-02-05',700,'th','€','2021-06-14 11:53:24'),(456,'NC.','Mateo Mamani','2002-06-06',50,'th','€','2021-06-14 11:53:24'),(456,'F','Mateo Retegui','1999-04-29',900,'th','€','2021-06-14 11:53:24'),(456,'F','Matías Córdoba','1999-04-16',350,'th','€','2021-06-14 11:53:24'),(456,'F','Matías Sosa','2001-08-18',0,'m','€','2021-06-14 11:53:24'),(456,'F','Mauro Ortíz','1994-12-27',250,'th','€','2021-06-14 11:53:24'),(456,'F','Michael Santos','1993-03-13',1,'m','€','2021-06-14 11:53:24'),(456,'D','Nahuel Tenaglia','1996-02-21',3.5,'m','€','2021-06-14 11:53:24'),(456,'D','Piero Hincapié','2002-01-09',5,'m','€','2021-06-14 11:53:24'),(456,'D','Rafael Pérez','1990-01-09',1.5,'m','€','2021-06-14 11:53:24'),(456,'D','Renzo Paparelli','1997-03-24',300,'th','€','2021-06-14 11:53:24'),(457,'G','Alan Aguerre','1990-08-23',800,'th','€','2021-06-14 11:53:28'),(457,'F','Alexis Rodríguez','1996-03-21',800,'th','€','2021-06-14 11:53:28'),(457,'M','Braian Rivero','1996-02-22',450,'th','€','2021-06-14 11:53:28'),(457,'D','Cristian Lema','1990-03-24',2.2,'m','€','2021-06-14 11:53:28'),(457,'M','Denis Rodríguez','1996-03-21',500,'th','€','2021-06-14 11:53:28'),(457,'M','Diego Calcaterra','2001-07-26',0,'m','€','2021-06-14 11:53:28'),(457,'F','Enzo Cabrera','1999-11-20',400,'th','€','2021-06-14 11:53:28'),(457,'D','Facundo Nadalín','1997-08-19',850,'th','€','2021-06-14 11:53:28'),(457,'M','Fernando Belluschi','1983-09-10',200,'th','€','2021-06-14 11:53:28'),(457,'F','Francisco González','2001-04-06',500,'th','€','2021-06-14 11:53:28'),(457,'D','Franco Escobar','1995-02-21',850,'th','€','2021-06-14 11:53:28'),(457,'D','Franco Negri','1995-02-20',600,'th','€','2021-06-14 11:53:28'),(457,'F','Ignacio Scocco','1985-05-29',800,'th','€','2021-06-14 11:53:28'),(457,'M','Jerónimo Cacciabue','1998-01-24',2.5,'m','€','2021-06-14 11:53:28'),(457,'F','Jonathan Cristaldo','1989-03-05',1.5,'m','€','2021-06-14 11:53:28'),(457,'D','Juan Pablo Freytes','2000-01-11',250,'th','€','2021-06-14 11:53:28'),(457,'M','Juan Sforza','2002-02-14',3.5,'m','€','2021-06-14 11:53:28'),(457,'M','Julián Fernández','1995-04-22',700,'th','€','2021-06-14 11:53:28'),(457,'F','Julián Marcioni','1998-03-19',500,'th','€','2021-06-14 11:53:28'),(457,'NC.','Justo Giani','1999-04-07',450,'th','€','2021-06-14 11:53:28'),(457,'F','Luciano Cingolani','2001-04-06',75,'th','€','2021-06-14 11:53:28'),(457,'D','Manuel Capasso','1996-04-19',375,'th','€','2021-06-14 11:53:28'),(457,'D','Manuel Guanini','1996-02-14',600,'th','€','2021-06-14 11:53:28'),(457,'D','Manuel Llano','1999-08-26',300,'th','€','2021-06-14 11:53:28'),(457,'D','Mariano Bíttolo','1990-04-24',1.1,'m','€','2021-06-14 11:53:28'),(457,'D','Matías Orihuela','1992-02-17',75,'th','€','2021-06-14 11:53:28'),(457,'M','Mauro Formica','1988-04-04',600,'th','€','2021-06-14 11:53:28'),(457,'F','Maxi Rodríguez','1981-01-02',300,'th','€','2021-06-14 11:53:28'),(457,'M','Nicolás Castro','2000-11-01',150,'th','€','2021-06-14 11:53:28'),(457,'M','Pablo Pérez','1985-08-10',700,'th','€','2021-06-14 11:53:28'),(457,'G','Ramiro Macagno','1997-03-18',600,'th','€','2021-06-14 11:53:28'),(457,'F','Ramiro Sordo','2000-06-29',50,'th','€','2021-06-14 11:53:28'),(457,'D','Santiago Gentiletti','1985-01-09',200,'th','€','2021-06-14 11:53:28'),(457,'G','Williams Barlasina','1998-06-29',25,'th','€','2021-06-14 11:53:28'),(457,'D','Yonathan Cabral','1992-05-10',1,'m','€','2021-06-14 11:53:28'),(458,'D','Carlos Quintana','1988-02-11',600,'th','€','2021-06-14 11:53:26'),(458,'NC.','Daniel Saggiomo','1998-07-02',280,'th','€','2021-06-14 11:53:26'),(458,'M','Diego Sosa','1991-10-24',300,'th','€','2021-06-14 11:53:26'),(458,'D','Elías Gómez','1994-06-09',3.2,'m','€','2021-06-14 11:53:26'),(458,'F','Emanuel Herrera','1987-04-13',650,'th','€','2021-06-14 11:53:26'),(458,'M','Enzo Kalinski','1987-03-10',300,'th','€','2021-06-14 11:53:26'),(458,'M','Facundo Mater','1998-07-23',250,'th','€','2021-06-14 11:53:26'),(458,'M','Fausto Vera','2000-03-26',10,'m','€','2021-06-14 11:53:26'),(458,'G','Federico Lanzillotta','1992-12-01',400,'th','€','2021-06-14 11:53:26'),(458,'M','Franco Moyano','1997-09-13',1.2,'m','€','2021-06-14 11:53:26'),(458,'F','Gabriel Ávalos','1990-10-12',600,'th','€','2021-06-14 11:53:26'),(458,'M','Gabriel Carabajal','1991-12-09',1,'m','€','2021-06-14 11:53:26'),(458,'M','Gabriel Florentín','1999-03-13',1.5,'m','€','2021-06-14 11:53:26'),(458,'F','Gabriel Hauche','1986-11-27',375,'th','€','2021-06-14 11:53:26'),(458,'M','Iván Colman','1995-05-06',675,'th','€','2021-06-14 11:53:26'),(458,'F','Javier Cabrera','1992-03-18',450,'th','€','2021-06-14 11:53:26'),(458,'M','Jonatan Gómez','1989-12-21',1,'m','€','2021-06-14 11:53:26'),(458,'D','Jonathan Sandoval','1987-06-25',275,'th','€','2021-06-14 11:53:26'),(458,'F','Juan Román Pucheta','2001-07-11',250,'th','€','2021-06-14 11:53:26'),(458,'D','Kevin Mac Allister','1997-11-07',800,'th','€','2021-06-14 11:53:26'),(458,'G','Leandro Finochietto','1997-04-25',50,'th','€','2021-06-14 11:53:26'),(458,'F','Lucas Ambrogio','1999-07-04',100,'th','€','2021-06-14 11:53:26'),(458,'G','Lucas Chaves','1995-08-09',2.8,'m','€','2021-06-14 11:53:26'),(458,'D','Lucas Villalba','1994-08-19',1,'m','€','2021-06-14 11:53:26'),(458,'D','Marco Di Cesare','2002-01-30',350,'th','€','2021-06-14 11:53:26'),(458,'M','Mateo Coronel','1998-10-24',225,'th','€','2021-06-14 11:53:26'),(458,'D','Matías Caruzzo','1984-08-15',200,'th','€','2021-06-14 11:53:26'),(458,'F','Matías Pisano','1991-12-13',1.3,'m','€','2021-06-14 11:53:26'),(458,'M','Matías Romero','1996-02-01',400,'th','€','2021-06-14 11:53:26'),(458,'D','Maximiliano Centurión','1999-02-20',750,'th','€','2021-06-14 11:53:26'),(458,'D','Miguel Torrén','1988-08-12',400,'th','€','2021-06-14 11:53:26'),(458,'D','Pablo Minissale','2001-01-14',0,'m','€','2021-06-14 11:53:26'),(459,'M','Alan Ruiz','1993-08-19',450,'th','€','2021-06-14 11:53:27'),(459,'G','Alejandro Medina','1986-12-17',25,'th','€','2021-06-14 11:53:27'),(459,'G','Alejandro Rivero','1998-06-12',50,'th','€','2021-06-14 11:53:27'),(459,'M','Alejo Antilef','1998-07-20',700,'th','€','2021-06-14 11:53:27'),(459,'M','Brian Farioli','1998-02-19',400,'th','€','2021-06-14 11:53:27'),(459,'F','Bruno Sepúlveda','1992-09-17',475,'th','€','2021-06-14 11:53:27'),(459,'M','Emiliano Méndez','1989-02-15',200,'th','€','2021-06-14 11:53:27'),(459,'D','Emiliano Papa','1982-04-19',50,'th','€','2021-06-14 11:53:27'),(459,'D','Gastón Benavídez','1995-10-23',300,'th','€','2021-06-14 11:53:27'),(459,'D','Gastón Suso','1991-03-12',350,'th','€','2021-06-14 11:53:27'),(459,'D','Ignacio Gariglio','1998-04-25',50,'th','€','2021-06-14 11:53:27'),(459,'M','Jesús Soraire','1989-12-03',350,'th','€','2021-06-14 11:53:27'),(459,'F','Jhonatan Candia','1995-03-15',800,'th','€','2021-06-14 11:53:27'),(459,'D','Jonathan Bottinelli','1984-09-14',200,'th','€','2021-06-14 11:53:27'),(459,'M','Jorge Ortiz','1984-06-20',50,'th','€','2021-06-14 11:53:27'),(459,'M','Juan Andrada','1995-01-04',350,'th','€','2021-06-14 11:53:27'),(459,'D','Julián Navas','1993-11-30',325,'th','€','2021-06-14 11:53:27'),(459,'M','Leonel Picco','1998-10-22',400,'th','€','2021-06-14 11:53:27'),(459,'F','Lucas Albertengo','1991-01-30',800,'th','€','2021-06-14 11:53:27'),(459,'M','Lucas Necul','1999-08-21',600,'th','€','2021-06-14 11:53:27'),(459,'D','Lucas Suárez','1995-03-17',125,'th','€','2021-06-14 11:53:27'),(459,'D','Marcos Abreliano','1998-04-09',150,'th','€','2021-06-14 11:53:27'),(459,'D','Mateo Carabajal','1997-02-21',900,'th','€','2021-06-14 11:53:27'),(459,'F','Matías Belloso','2000-02-16',25,'th','€','2021-06-14 11:53:27'),(459,'NC.','Maximiliano Rogoski','1994-06-17',0,'m','€','2021-06-14 11:53:27'),(459,'M','Nicolás Castro','1990-08-15',400,'th','€','2021-06-14 11:53:27'),(459,'F','Nicolás Miracco','1991-04-12',150,'th','€','2021-06-14 11:53:27'),(459,'G','Nicolás Navarro','1985-03-25',200,'th','€','2021-06-14 11:53:27'),(459,'M','Ramiro Luna','1995-07-21',250,'th','€','2021-06-14 11:53:27'),(460,'D','Alejandro Donatti','1986-10-24',1.2,'m','€','2021-06-14 11:53:25'),(460,'F','Alexander Díaz','2000-03-22',2,'m','€','2021-06-14 11:53:25'),(460,'M','Alexis Sabella','2001-06-20',400,'th','€','2021-06-14 11:53:25'),(460,'F','Ángel Romero','1992-07-04',5,'m','€','2021-06-14 11:53:25'),(460,'D','Bruno Pittón','1993-02-11',2.5,'m','€','2021-06-14 11:53:25'),(460,'D','Diego Braghieri','1987-02-23',950,'th','€','2021-06-14 11:53:25'),(460,'M','Diego Rodríguez','1989-09-04',1.7,'m','€','2021-06-14 11:53:25'),(460,'D','Fabricio Coloccini','1982-01-22',100,'th','€','2021-06-14 11:53:25'),(460,'D','Federico Gattoni','1999-02-16',1.8,'m','€','2021-06-14 11:53:25'),(460,'G','Fernando Monetti','1989-02-21',1.2,'m','€','2021-06-14 11:53:25'),(460,'D','Francisco Flores','2002-01-11',2.3,'m','€','2021-06-14 11:53:25'),(460,'F','Franco Di Santo','1989-04-07',1,'m','€','2021-06-14 11:53:25'),(460,'F','Franco Troyansky','1997-03-06',1.6,'m','€','2021-06-14 11:53:25'),(460,'D','Gabriel Rojas','1997-06-22',1.3,'m','€','2021-06-14 11:53:25'),(460,'D','Gino Peruzzi','1992-06-09',1.1,'m','€','2021-06-14 11:53:25'),(460,'M','Jalil Elías','1996-04-25',1.7,'m','€','2021-06-14 11:53:25'),(460,'G','José Devecchi','1995-07-09',300,'th','€','2021-06-14 11:53:25'),(460,'M','Juan Ramírez','1993-05-25',3.5,'m','€','2021-06-14 11:53:25'),(460,'M','Julián Palacios','1999-02-04',700,'th','€','2021-06-14 11:53:25'),(460,'F','Lucas Melano','1993-03-01',800,'th','€','2021-06-14 11:53:25'),(460,'M','Manuel Insaurralde','1999-01-31',600,'th','€','2021-06-14 11:53:25'),(460,'D','Marcelo Herrera','1998-11-03',3.5,'m','€','2021-06-14 11:53:25'),(460,'F','Mariano Peralta Bauer','1998-02-20',1.3,'m','€','2021-06-14 11:53:25'),(460,'F','Nicolás Fernández','1996-02-08',3,'m','€','2021-06-14 11:53:25'),(460,'D','Nicolás Fernández Mercau','2000-01-11',150,'th','€','2021-06-14 11:53:25'),(460,'M','Óscar Romero','1992-07-04',4,'m','€','2021-06-14 11:53:25'),(460,'G','Sebastián Torrico','1980-02-22',100,'th','€','2021-06-14 11:53:25'),(460,'M','Siro Rosané','2000-06-07',450,'th','€','2021-06-14 11:53:25'),(460,'D','Víctor Salazar','1993-05-26',700,'th','€','2021-06-14 11:53:25'),(460,'M','Yeison Gordillo','1992-06-25',1.4,'m','€','2021-06-14 11:53:25'),(463,'D','Emanuel Iñiguez','1996-09-16',800,'th','€','2021-06-14 11:53:26'),(463,'D','Emanuel Insúa','1991-04-10',600,'th','€','2021-06-14 11:53:26'),(463,'D','Emiliano Insúa','1989-01-07',1,'m','€','2021-06-14 11:53:26'),(463,'G','Fabián Assmann','1986-03-23',100,'th','€','2021-06-14 11:53:26'),(463,'F','Federico Andrada','1994-03-03',1,'m','€','2021-06-14 11:53:26'),(463,'D','Federico Milo','1992-01-10',300,'th','€','2021-06-14 11:53:26'),(463,'D','Fernando Román','1998-11-20',125,'th','€','2021-06-14 11:53:26'),(463,'M','Francisco Grahl','1992-03-05',650,'th','€','2021-06-14 11:53:26'),(463,'M','Franco Perinciolo','1997-04-30',50,'th','€','2021-06-14 11:53:26'),(463,'M','Gastón Gil Romero','1993-05-06',275,'th','€','2021-06-14 11:53:26'),(463,'M','Gastón Lodico','1998-05-28',1.2,'m','€','2021-06-14 11:53:26'),(463,'F','Javier Iritier','1994-12-20',500,'th','€','2021-06-14 11:53:26'),(463,'M','Joaquín Indacoechea','2000-09-08',450,'th','€','2021-06-14 11:53:26'),(463,'D','Jonathan Schunke','1987-02-22',425,'th','€','2021-06-14 11:53:26'),(463,'F','Jonathan Zacaría','1990-02-06',175,'th','€','2021-06-14 11:53:26'),(463,'F','Lautaro Guzmán','2000-01-18',350,'th','€','2021-06-14 11:53:26'),(463,'F','Lautaro Rinaldi','1993-12-30',200,'th','€','2021-06-14 11:53:26'),(463,'M','Leandro Maciel','1995-12-29',400,'th','€','2021-06-14 11:53:26'),(463,'F','Lucas Di Yorio','1996-11-22',125,'th','€','2021-06-14 11:53:26'),(463,'G','Luciano Pocrnjic','1981-08-04',100,'th','€','2021-06-14 11:53:26'),(463,'F','Malcom Braida','1997-05-17',325,'th','€','2021-06-14 11:53:26'),(463,'NC.','Manuel Panaro','2002-02-28',50,'th','€','2021-06-14 11:53:26'),(463,'D','Marcos Miers','1990-03-24',150,'th','€','2021-06-14 11:53:26'),(463,'D','Mario López','1995-07-06',300,'th','€','2021-06-14 11:53:26'),(463,'M','Matías Villarreal','1992-01-16',225,'th','€','2021-06-14 11:53:26'),(463,'D','Nahuel Yeri','1991-11-12',200,'th','€','2021-06-14 11:53:26'),(463,'M','Pablo Becker','1993-04-29',100,'th','€','2021-06-14 11:53:26'),(463,'F','Rodrigo Contreras','1995-10-27',800,'th','€','2021-06-14 11:53:26'),(463,'F','Uriel Ramírez','1999-08-19',25,'th','€','2021-06-14 11:53:26'),(474,'F','Benjamin Borasi','1997-11-11',150,'th','€','2021-06-14 11:53:23'),(474,'D','Braian Salvareschi','1999-04-13',450,'th','€','2021-06-14 11:53:23'),(474,'M','Braian Sánchez','1993-06-11',150,'th','€','2021-06-14 11:53:23'),(474,'M','Claudio Pombo','1994-04-28',475,'th','€','2021-06-14 11:53:23'),(474,'F','Édson Montaño','1991-03-15',250,'th','€','2021-06-14 11:53:23'),(474,'M','Fabio Vázquez','1994-02-19',350,'th','€','2021-06-14 11:53:23'),(474,'D','Facundo Castet','1998-09-11',600,'th','€','2021-06-14 11:53:23'),(474,'G','Facundo Ferrero','1995-04-05',25,'th','€','2021-06-14 11:53:23'),(474,'M','Fausto Montero','1988-10-22',75,'th','€','2021-06-14 11:53:23'),(474,'M','Federico Bravo','1993-10-05',275,'th','€','2021-06-14 11:53:23'),(474,'D','Federico Mancinelli','1982-05-08',100,'th','€','2021-06-14 11:53:23'),(474,'M','Federico Vismara','1983-05-09',100,'th','€','2021-06-14 11:53:23'),(474,'M','Gabriel Alanís','1994-03-16',175,'th','€','2021-06-14 11:53:23'),(474,'M','Gabriel Graciani','1993-11-28',500,'th','€','2021-06-14 11:53:23'),(474,'F','Guido Vadalá','1997-02-08',300,'th','€','2021-06-14 11:53:23'),(474,'F','Jonathan Torres','1996-12-29',675,'th','€','2021-06-14 11:53:23'),(474,'D','Juan Antonini','1999-03-04',75,'th','€','2021-06-14 11:53:23'),(474,'M','Juan Caviglia','1997-06-16',75,'th','€','2021-06-14 11:53:23'),(474,'D','Laureano Puñet','1999-08-20',0,'m','€','2021-06-14 11:53:23'),(474,'D','Lautaro Montoya','1994-10-07',325,'th','€','2021-06-14 11:53:23'),(474,'F','Luciano Gondou','2001-06-22',200,'th','€','2021-06-14 11:53:23'),(474,'D','Luis Garnier','1982-12-22',25,'th','€','2021-06-14 11:53:23'),(474,'G','Manuel Vicentini','1990-04-19',425,'th','€','2021-06-14 11:53:23'),(474,'D','Marcelo Herrera','1992-02-26',650,'th','€','2021-06-14 11:53:23'),(474,'D','Martín García','1998-08-25',350,'th','€','2021-06-14 11:53:23'),(474,'D','Matias Molina','1993-06-13',150,'th','€','2021-06-14 11:53:23'),(474,'D','Nicolás Bazzana','1996-02-23',250,'th','€','2021-06-14 11:53:23'),(474,'F','Sebastián Rincón','1994-01-14',475,'th','€','2021-06-14 11:53:23'),(474,'M','Sergio Quiroga','1994-06-07',425,'th','€','2021-06-14 11:53:23'),(474,'F','Yair Arismendi','1998-04-05',100,'th','€','2021-06-14 11:53:23'),(790,'F','Abel Argañaraz','1998-07-21',400,'th','€','2021-06-14 11:53:25'),(790,'D','Alejandro Maciel','1997-04-22',400,'th','€','2021-06-14 11:53:25'),(790,'G','Alejandro Sánchez','1986-10-25',200,'th','€','2021-06-14 11:53:25'),(790,'G','Andrés Mehring','1994-04-19',300,'th','€','2021-06-14 11:53:25'),(790,'M','Ariel Rojas','1986-01-16',300,'th','€','2021-06-14 11:53:25'),(790,'F','Carlo Lattanzio','1997-07-25',250,'th','€','2021-06-14 11:53:25'),(790,'G','César Taborda','1984-01-23',50,'th','€','2021-06-14 11:53:25'),(790,'F','Claudio Riaño','1988-08-16',400,'th','€','2021-06-14 11:53:25'),(790,'M','Cristian Vega','1993-09-17',700,'th','€','2021-06-14 11:53:25'),(790,'D','Dixon Rentería','1995-09-24',350,'th','€','2021-06-14 11:53:25'),(790,'D','Federico Andueza','1997-05-25',250,'th','€','2021-06-14 11:53:25'),(790,'M','Francisco Cerro','1988-02-09',200,'th','€','2021-06-14 11:53:25'),(790,'D','Franco Sbuttoni','1989-05-06',200,'th','€','2021-06-14 11:53:25'),(790,'D','Gonzalo Bettini','1992-09-26',500,'th','€','2021-06-14 11:53:25'),(790,'F','Hernán López','2000-09-07',0,'m','€','2021-06-14 11:53:25'),(790,'D','Hugo Vera Oviedo','1991-01-01',175,'th','€','2021-06-14 11:53:25'),(790,'D','Ismael Quílez','1988-10-02',275,'th','€','2021-06-14 11:53:25'),(790,'D','Jonathan Bay','1993-02-01',425,'th','€','2021-06-14 11:53:25'),(790,'M','Juan Galeano','1988-07-03',125,'th','€','2021-06-14 11:53:25'),(790,'D','Juan González','1996-12-02',300,'th','€','2021-06-14 11:53:25'),(790,'F','Leonardo Sequeira','1995-04-26',550,'th','€','2021-06-14 11:53:25'),(790,'F','Lucas Brochero','1999-01-23',250,'th','€','2021-06-14 11:53:25'),(790,'M','Mateo Montenegro','1998-08-28',100,'th','€','2021-06-14 11:53:25'),(790,'F','Milton Giménez','1996-08-12',750,'th','€','2021-06-14 11:53:25'),(790,'D','Nahuel Banegas','1996-10-06',300,'th','€','2021-06-14 11:53:25'),(790,'F','Nahuel Barrios','1998-05-07',1.8,'m','€','2021-06-14 11:53:25'),(790,'D','Oscar Salomón','1999-03-22',600,'th','€','2021-06-14 11:53:25'),(790,'F','Santiago Rosales','1995-03-22',400,'th','€','2021-06-14 11:53:25'),(790,'F','Sebastián Ribas','1988-03-11',450,'th','€','2021-06-14 11:53:25'),(794,'D','Aderlan','1990-08-18',800,'th','€','2021-06-14 11:52:04'),(794,'F','Alerrandro','2000-01-12',2.7,'m','€','2021-06-14 11:52:04'),(794,'F','Artur','1998-02-15',5,'m','€','2021-06-14 11:52:04'),(794,'F','Bruno Tubarão','1995-03-28',700,'th','€','2021-06-14 11:52:04'),(794,'D','César Haydar','2001-03-31',1.5,'m','€','2021-06-14 11:52:04'),(794,'F','Chrigor','2000-11-13',250,'th','€','2021-06-14 11:52:04'),(794,'M','Claudinho','1997-01-28',11,'m','€','2021-06-14 11:52:04'),(794,'G','Cleiton','1997-08-19',5,'m','€','2021-06-14 11:52:04'),(794,'D','Edimar','1986-05-21',800,'th','€','2021-06-14 11:52:04'),(794,'D','Fabrício Bruno','1996-02-12',1.2,'m','€','2021-06-14 11:52:04'),(794,'F','Gabriel Novaes','1999-04-05',600,'th','€','2021-06-14 11:52:04'),(794,'F','Helinho','2000-04-25',4,'m','€','2021-06-14 11:52:04'),(794,'M','Jadsom','2001-05-20',400,'th','€','2021-06-14 11:52:04'),(794,'F','Jan Hurtado','2000-03-05',4.5,'m','€','2021-06-14 11:52:04'),(794,'G','Júlio César','1984-10-27',250,'th','€','2021-06-14 11:52:04'),(794,'F','Leandrinho','1998-10-11',475,'th','€','2021-06-14 11:52:04'),(794,'D','Léo Ortiz','1996-01-03',2,'m','€','2021-06-14 11:52:04'),(794,'D','Leonardo Realpe','2001-02-26',700,'th','€','2021-06-14 11:52:04'),(794,'D','Ligger','1988-05-18',700,'th','€','2021-06-14 11:52:04'),(794,'D','Luan Cândido','2001-02-02',3.5,'m','€','2021-06-14 11:52:04'),(794,'M','Lucas Evangelista','1995-05-06',2.5,'m','€','2021-06-14 11:52:04'),(794,'F','Luis Phelipe','2001-02-12',500,'th','€','2021-06-14 11:52:04'),(794,'G','Maycon Cleiton','1998-11-08',100,'th','€','2021-06-14 11:52:04'),(794,'D','Natan','2001-02-06',1,'m','€','2021-06-14 11:52:04'),(794,'F','Pedrinho','1999-11-10',1.5,'m','€','2021-06-14 11:52:04'),(794,'D','Rafael','2002-05-09',50,'th','€','2021-06-14 11:52:04'),(794,'M','Ramires','2000-08-10',3,'m','€','2021-06-14 11:52:04'),(794,'M','Raul','1996-07-11',1.5,'m','€','2021-06-14 11:52:04'),(794,'NC.','Reginaldo Ramires','2001-04-25',0,'m','€','2021-06-14 11:52:04'),(794,'M','Ricardo Ryller','1994-02-27',1.1,'m','€','2021-06-14 11:52:04'),(794,'M','Tomás Cuello','2000-03-05',800,'th','€','2021-06-14 11:52:04'),(794,'M','Vitinho','1998-03-24',600,'th','€','2021-06-14 11:52:04'),(794,'D','Wallison','2001-07-24',300,'th','€','2021-06-14 11:52:04'),(794,'D','Weverson','2000-07-05',500,'th','€','2021-06-14 11:52:04'),(794,'D','Weverton','1999-06-15',600,'th','€','2021-06-14 11:52:04'),(794,'F','Ytalo','1988-01-12',900,'th','€','2021-06-14 11:52:04'),(1062,'M','Alan Franco','1998-08-21',3,'m','€','2021-06-14 11:52:04'),(1062,'M','Allan','1997-03-03',3.5,'m','€','2021-06-14 11:52:04'),(1062,'D','Bueno','1995-08-24',500,'th','€','2021-06-14 11:52:04'),(1062,'M','Calebe','2000-04-30',800,'th','€','2021-06-14 11:52:04'),(1062,'D','Dodô','1992-02-06',1,'m','€','2021-06-14 11:52:04'),(1062,'F','Dylan Borrero','2002-01-05',900,'th','€','2021-06-14 11:52:04'),(1062,'F','Eduardo Sasha','1992-02-24',3.2,'m','€','2021-06-14 11:52:04'),(1062,'NC.','Eduardo Vargas','1989-11-20',3,'m','€','2021-06-14 11:52:04'),(1062,'G','Éverson','1990-07-22',1.5,'m','€','2021-06-14 11:52:04'),(1062,'D','Gabriel','1995-03-14',950,'th','€','2021-06-14 11:52:04'),(1062,'D','Guga','1998-08-29',7,'m','€','2021-06-14 11:52:04'),(1062,'D','Guilherme Arana','1997-04-14',5.5,'m','€','2021-06-14 11:52:04'),(1062,'F','Hulk','1986-07-25',2.5,'m','€','2021-06-14 11:52:04'),(1062,'M','Hyoran','1993-05-25',2.2,'m','€','2021-06-14 11:52:04'),(1062,'M','Ignacio Fernández','1990-01-12',6,'m','€','2021-06-14 11:52:04'),(1062,'D','Igor Rabello','1995-04-28',3.5,'m','€','2021-06-14 11:52:04'),(1062,'M','Jair','1994-08-26',2.5,'m','€','2021-06-14 11:52:04'),(1062,'F','Jefferson Savarino','1996-11-11',5.5,'m','€','2021-06-14 11:52:04'),(1062,'D','Júnior Alonso','1993-02-09',3.5,'m','€','2021-06-14 11:52:04'),(1062,'F','Keno','1989-09-10',3,'m','€','2021-06-14 11:52:04'),(1062,'D','Mariano','1986-06-23',700,'th','€','2021-06-14 11:52:04'),(1062,'F','Marrony','1999-02-05',3.8,'m','€','2021-06-14 11:52:04'),(1062,'G','Matheus Mendes','1999-03-10',250,'th','€','2021-06-14 11:52:04'),(1062,'M','Matías Zaracho','1998-03-10',9,'m','€','2021-06-14 11:52:04'),(1062,'M','Nathan','1996-03-13',2,'m','€','2021-06-14 11:52:04'),(1062,'G','Rafael','1989-06-23',750,'th','€','2021-06-14 11:52:04'),(1062,'D','Réver','1985-01-04',600,'th','€','2021-06-14 11:52:04'),(1062,'F','Sávio','2004-04-10',5,'m','€','2021-06-14 11:52:04'),(1062,'M','Tchê Tchê','1992-08-30',4,'m','€','2021-06-14 11:52:04'),(1064,'M','Alexis Messidoro','1997-05-13',125,'th','€','2021-06-14 11:53:27'),(1064,'G','Andrés Desábato','1990-03-30',50,'th','€','2021-06-14 11:53:27'),(1064,'D','Brian Lluy','1989-04-25',200,'th','€','2021-06-14 11:53:27'),(1064,'D','Cristian Marcial','1996-01-10',50,'th','€','2021-06-14 11:53:27'),(1064,'M','Cristian Núñez','1997-09-20',25,'th','€','2021-06-14 11:53:27'),(1064,'F','Facundo Curuchet','1990-01-21',150,'th','€','2021-06-14 11:53:27'),(1064,'F','Francisco Ilarregui','1997-05-06',250,'th','€','2021-06-14 11:53:27'),(1064,'M','Franco Baldassarra','1998-09-29',550,'th','€','2021-06-14 11:53:27'),(1064,'F','Gastón Gerzel','2000-01-05',75,'th','€','2021-06-14 11:53:27'),(1064,'M','Hernán Lamberti','1984-05-03',100,'th','€','2021-06-14 11:53:27'),(1064,'F','Ignacio Schor','2000-08-04',350,'th','€','2021-06-14 11:53:27'),(1064,'G','Jorge De Olivera','1982-08-21',150,'th','€','2021-06-14 11:53:27'),(1064,'F','Jorge Pereyra Díaz','1990-08-05',550,'th','€','2021-06-14 11:53:27'),(1064,'F','José Luis Sinisterra','1998-07-23',225,'th','€','2021-06-14 11:53:27'),(1064,'D','Juan Infante','1996-01-07',475,'th','€','2021-06-14 11:53:27'),(1064,'D','Luciano Recalde','1995-08-12',400,'th','€','2021-06-14 11:53:27'),(1064,'G','Luis Ojeda','1990-03-21',300,'th','€','2021-06-14 11:53:27'),(1064,'F','Matías Tissera','1996-09-06',150,'th','€','2021-06-14 11:53:27'),(1064,'M','Mauro Bogado','1985-05-31',475,'th','€','2021-06-14 11:53:27'),(1064,'NC.','Nadir Zeineddin','2000-05-15',50,'th','€','2021-06-14 11:53:27'),(1064,'D','Nahuel Iribarren','1988-02-02',50,'th','€','2021-06-14 11:53:27'),(1064,'F','Nicolás Bertolo','1986-01-02',300,'th','€','2021-06-14 11:53:27'),(1064,'D','Nicolás Zalazar','1997-01-29',350,'th','€','2021-06-14 11:53:27'),(1064,'M','Roberto Bochi','1987-07-06',50,'th','€','2021-06-14 11:53:27'),(1064,'D','Stefano Callegari','1997-01-06',500,'th','€','2021-06-14 11:53:27'),(1064,'M','Tiago Palacios','2001-03-28',500,'th','€','2021-06-14 11:53:27'),(1193,'NC.','Alan Mendez','2001-01-19',200,'th','€','2021-06-14 11:52:05'),(1193,'D','Anderson Conceição','1989-10-24',350,'th','€','2021-06-14 11:52:05'),(1193,'D','Athirson','2002-05-16',50,'th','€','2021-06-14 11:52:05'),(1193,'M','Auremir','1991-09-10',600,'th','€','2021-06-14 11:52:05'),(1193,'F','Caio Mota','2001-07-10',50,'th','€','2021-06-14 11:52:05'),(1193,'M','Camilo','1999-02-23',1.3,'m','€','2021-06-14 11:52:05'),(1193,'F','Clayson','1995-03-19',900,'th','€','2021-06-14 11:52:05'),(1193,'F','Danilo Gomes','1999-02-05',450,'th','€','2021-06-14 11:52:05'),(1193,'M','Éder','2003-06-14',50,'th','€','2021-06-14 11:52:05'),(1193,'F','Élton','1985-08-01',400,'th','€','2021-06-14 11:52:05'),(1193,'F','Felipe Marques','1990-01-27',300,'th','€','2021-06-14 11:52:05'),(1193,'G','Fernando Caixeta','1997-08-01',50,'th','€','2021-06-14 11:52:05'),(1193,'F','Guilherme Pato','2001-02-17',700,'th','€','2021-06-14 11:52:05'),(1193,'F','Gustavo Nescau','2000-03-12',0,'m','€','2021-06-14 11:52:05'),(1193,'F','Jenison','1991-03-22',400,'th','€','2021-06-14 11:52:05'),(1193,'G','João Carlos','1988-04-06',400,'th','€','2021-06-14 11:52:05'),(1193,'M','João Lucas','1970-01-01',50,'th','€','2021-06-14 11:52:05'),(1193,'D','João Lucas','1998-03-09',300,'th','€','2021-06-14 11:52:05'),(1193,'M','João Victor','2000-05-03',50,'th','€','2021-06-14 11:52:05'),(1193,'D','Joaquim','1998-12-28',100,'th','€','2021-06-14 11:52:05'),(1193,'F','Jonathan Cafú','1991-07-10',1.1,'m','€','2021-06-14 11:52:05'),(1193,'D','Lucas Hernández','1992-08-05',1,'m','€','2021-06-14 11:52:05'),(1193,'D','Lucas Ramon','1994-03-07',300,'th','€','2021-06-14 11:52:05'),(1193,'D','Luiz Gustavo','1994-02-12',600,'th','€','2021-06-14 11:52:05'),(1193,'M','Marcos Brito','2001-01-30',50,'th','€','2021-06-14 11:52:05'),(1193,'D','Marllon','1992-04-16',500,'th','€','2021-06-14 11:52:05'),(1193,'F','Mateus Brun','2003-03-12',50,'th','€','2021-06-14 11:52:05'),(1193,'G','Matheus Nogueira','1997-09-20',100,'th','€','2021-06-14 11:52:05'),(1193,'F','Murilo Rangel','1991-08-01',300,'th','€','2021-06-14 11:52:05'),(1193,'F','Osman','1992-10-29',325,'th','€','2021-06-14 11:52:05'),(1193,'D','Paulão','1986-02-25',400,'th','€','2021-06-14 11:52:05'),(1193,'M','Pepê','1998-01-06',400,'th','€','2021-06-14 11:52:05'),(1193,'F','Pop','2002-05-16',50,'th','€','2021-06-14 11:52:05'),(1193,'F','Rafael Elias','1999-04-12',625,'th','€','2021-06-14 11:52:05'),(1193,'M','Rafael Gava','1993-05-20',300,'th','€','2021-06-14 11:52:05'),(1193,'F','Raulzinho','2000-08-14',500,'th','€','2021-06-14 11:52:05'),(1193,'NC.','Rikelme','2003-07-16',100,'th','€','2021-06-14 11:52:05'),(1193,'D','Thyller','2002-08-03',50,'th','€','2021-06-14 11:52:05'),(1193,'D','Uendel','1988-10-08',800,'th','€','2021-06-14 11:52:05'),(1193,'M','Uillian Correia','1989-09-27',600,'th','€','2021-06-14 11:52:05'),(1193,'NC.','Victor Kawã','2003-01-29',50,'th','€','2021-06-14 11:52:05'),(1193,'NC.','Vitor Hugo','2003-11-14',50,'th','€','2021-06-14 11:52:05'),(1193,'D','Wálber','1997-06-12',100,'th','€','2021-06-14 11:52:05'),(1193,'G','Walter','1987-11-18',400,'th','€','2021-06-14 11:52:05'),(1193,'F','Yan','2001-08-02',50,'th','€','2021-06-14 11:52:05'),(1193,'M','Yuri','1994-08-05',600,'th','€','2021-06-14 11:52:05');
/*!40000 ALTER TABLE `PLAYER` ENABLE KEYS */;
UNLOCK TABLES;

--
-- Table structure for table `RELIABILITY`
--

DROP TABLE IF EXISTS `RELIABILITY`;
/*!40101 SET @saved_cs_client     = @@character_set_client */;
/*!50503 SET character_set_client = utf8mb4 */;
CREATE TABLE `RELIABILITY` (
  `league_id` int NOT NULL,
  `reduction` int NOT NULL,
  PRIMARY KEY (`league_id`)
) ENGINE=InnoDB DEFAULT CHARSET=utf8mb4 COLLATE=utf8mb4_0900_ai_ci;
/*!40101 SET character_set_client = @saved_cs_client */;

--
-- Dumping data for table `RELIABILITY`
--

LOCK TABLES `RELIABILITY` WRITE;
/*!40000 ALTER TABLE `RELIABILITY` DISABLE KEYS */;
INSERT INTO `RELIABILITY` VALUES (39,1),(40,3),(61,3),(71,3),(78,1),(88,4),(94,3),(128,4),(135,2),(140,2),(144,4),(203,4);
/*!40000 ALTER TABLE `RELIABILITY` ENABLE KEYS */;
UNLOCK TABLES;

--
-- Table structure for table `STRATEGY`
--

DROP TABLE IF EXISTS `STRATEGY`;
/*!40101 SET @saved_cs_client     = @@character_set_client */;
/*!50503 SET character_set_client = utf8mb4 */;
CREATE TABLE `STRATEGY` (
  `strategy_id` int NOT NULL AUTO_INCREMENT,
  `level` int NOT NULL,
  `trade` enum('LAY','BACK','NIL') DEFAULT 'LAY',
  `underdog_type` varchar(10) DEFAULT NULL,
  `underdog_playing` varchar(4) NOT NULL,
  `underdog_odd` float NOT NULL,
  `marketcap_diff` float NOT NULL,
  PRIMARY KEY (`strategy_id`)
) ENGINE=InnoDB AUTO_INCREMENT=10 DEFAULT CHARSET=utf8mb4 COLLATE=utf8mb4_0900_ai_ci;
/*!40101 SET character_set_client = @saved_cs_client */;

--
-- Dumping data for table `STRATEGY`
--

LOCK TABLES `STRATEGY` WRITE;
/*!40000 ALTER TABLE `STRATEGY` DISABLE KEYS */;
INSERT INTO `STRATEGY` VALUES (1,1,'LAY','SUP UND','HOME',2,250),(2,1,'LAY','SUP UND','AWAY',2.2,250),(3,2,'LAY','SUP UND','HOME',1.4,250),(4,2,'LAY','SUP UND','AWAY',1.6,250),(5,3,'LAY','UND','AWAY',1.9,170),(6,4,'LAY','UND','HOME',1.5,170),(7,5,'LAY','UND','AWAY',1.5,170),(8,3,'LAY','WRONG FAV','NIL',1,0),(9,0,'NIL','NIL','NIL',0,0);
/*!40000 ALTER TABLE `STRATEGY` ENABLE KEYS */;
UNLOCK TABLES;

--
-- Table structure for table `TEAM`
--

DROP TABLE IF EXISTS `TEAM`;
/*!40101 SET @saved_cs_client     = @@character_set_client */;
/*!50503 SET character_set_client = utf8mb4 */;
CREATE TABLE `TEAM` (
  `team_id` int NOT NULL,
  `league_id` int NOT NULL,
  `country` varchar(150) NOT NULL,
  `name` varchar(100) NOT NULL,
  `short_name` varchar(100) NOT NULL,
  `total_market_value` float NOT NULL,
  `total_market_value_unit` varchar(2) NOT NULL,
  `total_market_value_currency` varchar(1) NOT NULL,
  `average_market_value_player` float NOT NULL,
  `average_market_value_player_unit` varchar(2) NOT NULL,
  `average_market_value_player_currency` varchar(1) NOT NULL,
  `url_logo` varchar(300) NOT NULL,
  `url_players` varchar(300) NOT NULL,
  PRIMARY KEY (`team_id`,`short_name`)
) ENGINE=InnoDB DEFAULT CHARSET=utf8mb4 COLLATE=utf8mb4_0900_ai_ci;
/*!40101 SET character_set_client = @saved_cs_client */;

--
-- Dumping data for table `TEAM`
--

LOCK TABLES `TEAM` WRITE;
/*!40000 ALTER TABLE `TEAM` DISABLE KEYS */;
INSERT INTO `TEAM` VALUES (118,71,'Brazil','Esporte Clube Bahia','Bahia',21.93,'m','€',685,'th','€','https://media.api-sports.io/football/teams/118.png','/esporte-clube-bahia/startseite/verein/10010/saison_id/2020'),(119,71,'Brazil','Sport Club Internacional','Internacional',69.85,'m','€',2.18,'m','€','https://media.api-sports.io/football/teams/119.png','/sc-internacional-porto-alegre/startseite/verein/6600/saison_id/2020'),(121,71,'Brazil','Sociedade Esportiva Palmeiras','Palmeiras',147.85,'m','€',3.61,'m','€','https://media.api-sports.io/football/teams/121.png','/se-palmeiras-sao-paulo/startseite/verein/1023/saison_id/2020'),(123,71,'Brazil','Sport Club do Recife','Sport Recife',20.5,'m','€',586,'th','€','https://media.api-sports.io/football/teams/123.png','/sport-club-do-recife/startseite/verein/8718/saison_id/2020'),(124,71,'Brazil','Fluminense Football Club','Fluminense',74.68,'m','€',1.74,'m','€','https://media.api-sports.io/football/teams/124.png','/fluminense-rio-de-janeiro/startseite/verein/2462/saison_id/2020'),(125,71,'Brazil','América Futebol Clube (MG)','America Mineiro',12.9,'m','€',349,'th','€','https://media.api-sports.io/football/teams/125.png','/america-futebol-clube-mg-/startseite/verein/2863/saison_id/2020'),(126,71,'Brazil','São Paulo Futebol Clube','São Paulo',79.3,'m','€',1.72,'m','€','https://media.api-sports.io/football/teams/126.png','/fc-sao-paulo/startseite/verein/585/saison_id/2020'),(127,71,'Brazil','Clube de Regatas do Flamengo','Flamengo',152.95,'m','€',4.37,'m','€','https://media.api-sports.io/football/teams/127.png','/flamengo-rio-de-janeiro/startseite/verein/614/saison_id/2020'),(128,71,'Brazil','Santos FC','Santos',69.23,'m','€',1.41,'m','€','https://media.api-sports.io/football/teams/128.png','/fc-santos/startseite/verein/221/saison_id/2020'),(129,71,'Brazil','Ceará Sporting Club','Ceara',19.08,'m','€',561,'th','€','https://media.api-sports.io/football/teams/129.png','/ceara-sporting-club/startseite/verein/2029/saison_id/2020'),(130,71,'Brazil','Grêmio Foot-Ball Porto Alegrense','Grêmio',95.25,'m','€',2.38,'m','€','https://media.api-sports.io/football/teams/130.png','/gremio-porto-alegre/startseite/verein/210/saison_id/2020'),(131,71,'Brazil','Sport Club Corinthians Paulista','Corinthians',56.95,'m','€',1.68,'m','€','https://media.api-sports.io/football/teams/131.png','/corinthians-sao-paulo/startseite/verein/199/saison_id/2020'),(132,71,'Brazil','Associação Chapecoense de Futebol','Chapecoense-sc',14.65,'m','€',366,'th','€','https://media.api-sports.io/football/teams/132.png','/chapecoense/startseite/verein/17776/saison_id/2020'),(134,71,'Brazil','Club Athletico Paranaense','Atletico Paranaense',55.1,'m','€',1.84,'m','€','https://media.api-sports.io/football/teams/134.png','/club-athletico-paranaense/startseite/verein/679/saison_id/2020'),(144,71,'Brazil','Atlético Clube Goianiense','Atletico Goianiense',14.98,'m','€',624,'th','€','https://media.api-sports.io/football/teams/144.png','/atletico-clube-goianiense/startseite/verein/15172/saison_id/2020'),(152,71,'Brazil','Esporte Clube Juventude','Juventude',12,'m','€',400,'th','€','https://media.api-sports.io/football/teams/152.png','/esporte-clube-juventude/startseite/verein/10492/saison_id/2020'),(154,71,'Brazil','Fortaleza Esporte Clube','Fortaleza EC',21.98,'m','€',578,'th','€','https://media.api-sports.io/football/teams/154.png','/fortaleza-esporte-clube/startseite/verein/10870/saison_id/2020'),(434,128,'Argentina','Club de Gimnasia y Esgrima La Plata','Gimnasia L.P.',14.58,'m','€',540,'th','€','https://media.api-sports.io/football/teams/434.png','/club-de-gimnasia-y-esgrima-la-plata/startseite/verein/1106/saison_id/2020'),(435,128,'Argentina','Club Atlético River Plate','River Plate',126.55,'m','€',4.36,'m','€','https://media.api-sports.io/football/teams/435.png','/club-atletico-river-plate/startseite/verein/209/saison_id/2020'),(436,128,'Argentina','Racing Club','Racing Club',46.33,'m','€',1.45,'m','€','https://media.api-sports.io/football/teams/436.png','/racing-club/startseite/verein/1444/saison_id/2020'),(437,128,'Argentina','Club Atlético Rosario Central','Rosario Central',18.2,'m','€',650,'th','€','https://media.api-sports.io/football/teams/437.png','/club-atletico-rosario-central/startseite/verein/1418/saison_id/2020'),(438,128,'Argentina','Club Atlético Vélez Sarsfield','Vélez Sarsfield',74.18,'m','€',2.85,'m','€','https://media.api-sports.io/football/teams/438.png','/club-atletico-velez-sarsfield/startseite/verein/1029/saison_id/2020'),(439,128,'Argentina','Club Deportivo Godoy Cruz Antonio Tomba','Godoy Cruz',14.93,'m','€',515,'th','€','https://media.api-sports.io/football/teams/439.png','/club-deportivo-godoy-cruz-antonio-tomba/startseite/verein/12574/saison_id/2020'),(441,128,'Argentina','Club Atlético Unión','Union Santa Fe',11.05,'m','€',395,'th','€','https://media.api-sports.io/football/teams/441.png','/club-atletico-union/startseite/verein/7097/saison_id/2020'),(442,128,'Argentina','Defensa y Justicia','Defensa Y Justicia',39.38,'m','€',1.27,'m','€','https://media.api-sports.io/football/teams/442.png','/defensa-y-justicia/startseite/verein/2402/saison_id/2020'),(444,128,'Argentina','Club Atlético Patronato','Patronato',7.85,'m','€',271,'th','€','https://media.api-sports.io/football/teams/444.png','/club-atletico-patronato/startseite/verein/19806/saison_id/2020'),(445,128,'Argentina','Club Atlético Huracán','Huracán',18.83,'m','€',570,'th','€','https://media.api-sports.io/football/teams/445.png','/club-atletico-huracan/startseite/verein/2063/saison_id/2020'),(446,128,'Argentina','Club Atlético Lanús','Lanús',45.78,'m','€',1.76,'m','€','https://media.api-sports.io/football/teams/446.png','/club-atletico-lanus/startseite/verein/333/saison_id/2020'),(448,128,'Argentina','Club Atlético Colón','Colon Santa Fe',40.08,'m','€',1.6,'m','€','https://media.api-sports.io/football/teams/448.png','/club-atletico-colon/startseite/verein/1070/saison_id/2020'),(449,128,'Argentina','Club Atlético Banfield','Banfield',31.93,'m','€',1.45,'m','€','https://media.api-sports.io/football/teams/449.png','/club-atletico-banfield/startseite/verein/830/saison_id/2020'),(450,128,'Argentina','Club Estudiantes de La Plata','Estudiantes L.P.',34.5,'m','€',1.28,'m','€','https://media.api-sports.io/football/teams/450.png','/club-estudiantes-de-la-plata/startseite/verein/288/saison_id/2020'),(451,128,'Argentina','Club Atlético Boca Juniors','Boca Juniors',98.5,'m','€',3.18,'m','€','https://media.api-sports.io/football/teams/451.png','/club-atletico-boca-juniors/startseite/verein/189/saison_id/2020'),(453,128,'Argentina','Club Atlético Independiente','Independiente',45.55,'m','€',1.52,'m','€','https://media.api-sports.io/football/teams/453.png','/club-atletico-independiente/startseite/verein/1234/saison_id/2020'),(455,128,'Argentina','Club Atlético Tucumán','Atletico Tucuman',13.23,'m','€',427,'th','€','https://media.api-sports.io/football/teams/455.png','/club-atletico-tucuman/startseite/verein/14554/saison_id/2020'),(456,128,'Argentina','Club Atlético Talleres','Talleres Cordoba',43.9,'m','€',1.42,'m','€','https://media.api-sports.io/football/teams/456.png','/club-atletico-talleres/startseite/verein/3938/saison_id/2020'),(457,128,'Argentina','Club Atlético Newell\'s Old Boys','Newells Old Boys',24.5,'m','€',700,'th','€','https://media.api-sports.io/football/teams/457.png','/club-atletico-newells-old-boys/startseite/verein/1286/saison_id/2020'),(458,128,'Argentina','Asociación Atlética Argentinos Juniors','Argentinos JRS',31.68,'m','€',990,'th','€','https://media.api-sports.io/football/teams/458.png','/argentinos-juniors/startseite/verein/1030/saison_id/2020'),(459,128,'Argentina','Arsenal Fútbol Club','Arsenal Sarandi',9.13,'m','€',315,'th','€','https://media.api-sports.io/football/teams/459.png','/arsenal-futbol-club/startseite/verein/4673/saison_id/2020'),(460,128,'Argentina','Club Atlético San Lorenzo de Almagro','San Lorenzo',46.35,'m','€',1.55,'m','€','https://media.api-sports.io/football/teams/460.png','/club-atletico-san-lorenzo-de-almagro/startseite/verein/1775/saison_id/2020'),(463,128,'Argentina','Club Atlético Aldosivi','Aldosivi',11,'m','€',379,'th','€','https://media.api-sports.io/football/teams/463.png','/club-atletico-aldosivi/startseite/verein/12301/saison_id/2020'),(474,128,'Argentina','Club Atlético Sarmiento (Junin)','Sarmiento Junin',8.18,'m','€',273,'th','€','https://media.api-sports.io/football/teams/474.png','/club-atletico-sarmiento-junin-/startseite/verein/12454/saison_id/2020'),(790,128,'Argentina','Club Atlético Central Córdoba (SdE)','Central Córdoba',11,'m','€',379,'th','€','https://media.api-sports.io/football/teams/790.png','/club-atletico-central-cordoba-sde-/startseite/verein/31284/saison_id/2020'),(794,71,'Brazil','Red Bull Bragantino','Bragantino',61.03,'m','€',1.7,'m','€','https://media.api-sports.io/football/teams/794.png','/red-bull-bragantino/startseite/verein/8793/saison_id/2020'),(1062,71,'Brazil','Clube Atlético Mineiro','Atlético-MG',85.65,'m','€',2.95,'m','€','https://media.api-sports.io/football/teams/1062.png','/clube-atletico-mineiro/startseite/verein/330/saison_id/2020'),(1064,128,'Argentina','Club Atlético Platense','Platense',6.45,'m','€',248,'th','€','https://media.api-sports.io/football/teams/1064.png','/club-atletico-platense/startseite/verein/928/saison_id/2020'),(1193,71,'Brazil','Cuiabá Esporte Clube (MT)','Cuiaba',16.1,'m','€',350,'th','€','https://media.api-sports.io/football/teams/1193.png','/cuiaba-ec-mt-/startseite/verein/28022/saison_id/2020');
/*!40000 ALTER TABLE `TEAM` ENABLE KEYS */;
UNLOCK TABLES;
/*!40103 SET TIME_ZONE=@OLD_TIME_ZONE */;

/*!40101 SET SQL_MODE=@OLD_SQL_MODE */;
/*!40014 SET FOREIGN_KEY_CHECKS=@OLD_FOREIGN_KEY_CHECKS */;
/*!40014 SET UNIQUE_CHECKS=@OLD_UNIQUE_CHECKS */;
/*!40101 SET CHARACTER_SET_CLIENT=@OLD_CHARACTER_SET_CLIENT */;
/*!40101 SET CHARACTER_SET_RESULTS=@OLD_CHARACTER_SET_RESULTS */;
/*!40101 SET COLLATION_CONNECTION=@OLD_COLLATION_CONNECTION */;
/*!40111 SET SQL_NOTES=@OLD_SQL_NOTES */;

-- Dump completed on 2021-06-14 13:56:24
