-- MySQL dump 10.13  Distrib 8.0.25, for macos10.15 (x86_64)
--
-- Host: localhost    Database: season_20_21
-- ------------------------------------------------------
-- Server version	8.0.25

/*!40101 SET @OLD_CHARACTER_SET_CLIENT=@@CHARACTER_SET_CLIENT */;
/*!40101 SET @OLD_CHARACTER_SET_RESULTS=@@CHARACTER_SET_RESULTS */;
/*!40101 SET @OLD_COLLATION_CONNECTION=@@COLLATION_CONNECTION */;
/*!50503 SET NAMES utf8mb4 */;
/*!40103 SET @OLD_TIME_ZONE=@@TIME_ZONE */;
/*!40103 SET TIME_ZONE='+00:00' */;
/*!40014 SET @OLD_UNIQUE_CHECKS=@@UNIQUE_CHECKS, UNIQUE_CHECKS=0 */;
/*!40014 SET @OLD_FOREIGN_KEY_CHECKS=@@FOREIGN_KEY_CHECKS, FOREIGN_KEY_CHECKS=0 */;
/*!40101 SET @OLD_SQL_MODE=@@SQL_MODE, SQL_MODE='NO_AUTO_VALUE_ON_ZERO' */;
/*!40111 SET @OLD_SQL_NOTES=@@SQL_NOTES, SQL_NOTES=0 */;

--
-- Table structure for table `FIXTURE`
--

DROP TABLE IF EXISTS `FIXTURE`;
/*!40101 SET @saved_cs_client     = @@character_set_client */;
/*!50503 SET character_set_client = utf8mb4 */;
CREATE TABLE `FIXTURE` (
  `fixture_id` int NOT NULL,
  `date_fixture` datetime NOT NULL,
  `round` varchar(50) NOT NULL,
  `home_team` int NOT NULL,
  `away_team` int NOT NULL,
  `league_id` int NOT NULL,
  `status` varchar(50) NOT NULL,
  `timezone` varchar(50) NOT NULL,
  PRIMARY KEY (`fixture_id`,`home_team`,`away_team`),
  KEY `new_index` (`fixture_id`,`home_team`,`away_team`)
) ENGINE=InnoDB DEFAULT CHARSET=utf8mb4 COLLATE=utf8mb4_0900_ai_ci;
/*!40101 SET character_set_client = @saved_cs_client */;

--
-- Dumping data for table `FIXTURE`
--

LOCK TABLES `FIXTURE` WRITE;
/*!40000 ALTER TABLE `FIXTURE` DISABLE KEYS */;
INSERT INTO `FIXTURE` VALUES (688929,'2021-06-13 19:00:00','Regular Season - 3',127,125,71,'NS','UTC'),(688932,'2021-06-13 19:00:00','Regular Season - 3',1062,126,71,'NS','UTC'),(688933,'2021-06-13 19:00:00','Regular Season - 3',130,134,71,'NS','UTC'),(688934,'2021-06-13 23:30:00','Regular Season - 3',154,123,71,'NS','UTC'),(688935,'2021-06-13 23:30:00','Regular Season - 3',118,119,71,'NS','UTC'),(688936,'2021-06-13 23:30:00','Regular Season - 3',794,124,71,'NS','UTC'),(688937,'2021-06-13 23:30:00','Regular Season - 3',132,129,71,'NS','UTC');
/*!40000 ALTER TABLE `FIXTURE` ENABLE KEYS */;
UNLOCK TABLES;

--
-- Table structure for table `HOMEWORK`
--

DROP TABLE IF EXISTS `HOMEWORK`;
/*!40101 SET @saved_cs_client     = @@character_set_client */;
/*!50503 SET character_set_client = utf8mb4 */;
CREATE TABLE `HOMEWORK` (
  `fixture_id` int NOT NULL,
  `bookmaker_id` int DEFAULT NULL,
  `home_odds` float DEFAULT NULL,
  `home_bnews` blob,
  `away_odds` float DEFAULT NULL,
  `away_bnews` blob,
  `diff_market_cap` float NOT NULL,
  `favorite` int DEFAULT NULL,
  `favorite_market_cap` float DEFAULT NULL,
  `underdog` int DEFAULT NULL,
  `underdog_market_cap` float DEFAULT NULL,
  `updated_at` datetime NOT NULL,
  PRIMARY KEY (`fixture_id`)
) ENGINE=InnoDB DEFAULT CHARSET=utf8mb4 COLLATE=utf8mb4_0900_ai_ci;
/*!40101 SET character_set_client = @saved_cs_client */;

--
-- Dumping data for table `HOMEWORK`
--

LOCK TABLES `HOMEWORK` WRITE;
/*!40000 ALTER TABLE `HOMEWORK` DISABLE KEYS */;
INSERT INTO `HOMEWORK` VALUES (688929,0,0,NULL,0,NULL,1185.66,NULL,NULL,NULL,NULL,'2021-06-09 09:24:17'),(688932,2,2.38,NULL,3.24,NULL,107.062,1062,85.65,126,80,'2021-06-09 09:24:17'),(688933,2,1.92,NULL,4.5,NULL,171.779,130,94.65,134,55.1,'2021-06-09 09:24:17'),(688934,2,2.06,NULL,3.98,NULL,105.673,154,21.98,123,20.8,'2021-06-09 09:24:17'),(688935,2,3.02,NULL,2.54,NULL,315.635,119,69.85,118,22.13,'2021-06-09 09:24:17'),(688936,2,2.38,NULL,3.28,NULL,123.053,794,60.73,124,74.73,'2021-06-09 09:24:17'),(688937,2,3.06,NULL,2.4,NULL,130.239,129,19.08,132,14.65,'2021-06-09 09:24:17');
/*!40000 ALTER TABLE `HOMEWORK` ENABLE KEYS */;
UNLOCK TABLES;

--
-- Table structure for table `LEAGUE`
--

DROP TABLE IF EXISTS `LEAGUE`;
/*!40101 SET @saved_cs_client     = @@character_set_client */;
/*!50503 SET character_set_client = utf8mb4 */;
CREATE TABLE `LEAGUE` (
  `league_id` int NOT NULL,
  `league_name` varchar(100) NOT NULL,
  `country` varchar(100) DEFAULT NULL,
  `url_flag_country` varchar(300) NOT NULL,
  `clubs` int NOT NULL,
  `players` int NOT NULL,
  `total_market_value` varchar(100) DEFAULT NULL,
  `total_market_value_unit` varchar(2) NOT NULL,
  `total_market_value_currency` varchar(1) NOT NULL,
  `mean_market_value` varchar(100) DEFAULT NULL,
  `mean_market_value_unit` varchar(2) NOT NULL,
  `mean_market_value_currency` varchar(1) NOT NULL,
  `continent` varchar(100) DEFAULT NULL,
  `url_teams` varchar(300) NOT NULL,
  `url_logo` varchar(300) NOT NULL,
  PRIMARY KEY (`league_id`,`league_name`),
  KEY `new_index` (`league_id`)
) ENGINE=InnoDB DEFAULT CHARSET=utf8mb4 COLLATE=utf8mb4_0900_ai_ci;
/*!40101 SET character_set_client = @saved_cs_client */;

--
-- Dumping data for table `LEAGUE`
--

LOCK TABLES `LEAGUE` WRITE;
/*!40000 ALTER TABLE `LEAGUE` DISABLE KEYS */;
INSERT INTO `LEAGUE` VALUES (71,'Campeonato Brasileiro Série A','Brazil','https://tmssl.akamaized.net/images/flagge/verysmall/26.png?lm=1520611569',20,725,'1.1','bn','€','55.07','m','€','CONMEBOL','/campeonato-brasileiro-serie-a/startseite/wettbewerb/BRA1','https://tmssl.akamaized.net/images/logo/mediumsmall/bra1.png?lm=1501485979'),(128,'Copa de la Liga Profesional de Fútbol','Argentina','https://tmssl.akamaized.net/images/flagge/verysmall/9.png?lm=1520611569',26,755,'791.96','m','€','30.46','m','€','CONMEBOL','/copa-de-la-liga-profesional-de-futbol/startseite/wettbewerb/CDLP','https://tmssl.akamaized.net/images/logo/mediumsmall/cdlp.png?lm=1612538376');
/*!40000 ALTER TABLE `LEAGUE` ENABLE KEYS */;
UNLOCK TABLES;

--
-- Table structure for table `OPPORTUNITY`
--

DROP TABLE IF EXISTS `OPPORTUNITY`;
/*!40101 SET @saved_cs_client     = @@character_set_client */;
/*!50503 SET character_set_client = utf8mb4 */;
CREATE TABLE `OPPORTUNITY` (
  `fixture_id` int NOT NULL,
  `strategy_id` int NOT NULL
) ENGINE=InnoDB DEFAULT CHARSET=utf8mb4 COLLATE=utf8mb4_0900_ai_ci;
/*!40101 SET character_set_client = @saved_cs_client */;

--
-- Dumping data for table `OPPORTUNITY`
--

LOCK TABLES `OPPORTUNITY` WRITE;
/*!40000 ALTER TABLE `OPPORTUNITY` DISABLE KEYS */;
INSERT INTO `OPPORTUNITY` VALUES (688932,8),(688933,5),(688933,7),(688934,8),(688935,1),(688935,3),(688936,8),(688937,9);
/*!40000 ALTER TABLE `OPPORTUNITY` ENABLE KEYS */;
UNLOCK TABLES;

--
-- Table structure for table `PLAYER`
--

DROP TABLE IF EXISTS `PLAYER`;
/*!40101 SET @saved_cs_client     = @@character_set_client */;
/*!50503 SET character_set_client = utf8mb4 */;
CREATE TABLE `PLAYER` (
  `team_id` int NOT NULL,
  `name` varchar(300) NOT NULL,
  `birth_date` varchar(50) NOT NULL,
  `market_value` float NOT NULL,
  `market_value_unit` varchar(2) NOT NULL,
  `market_value_currency` varchar(1) NOT NULL,
  `last_update` datetime NOT NULL,
  PRIMARY KEY (`team_id`,`name`,`birth_date`)
) ENGINE=InnoDB DEFAULT CHARSET=utf8mb4 COLLATE=utf8mb4_0900_ai_ci;
/*!40101 SET character_set_client = @saved_cs_client */;

--
-- Dumping data for table `PLAYER`
--

LOCK TABLES `PLAYER` WRITE;
/*!40000 ALTER TABLE `PLAYER` DISABLE KEYS */;
INSERT INTO `PLAYER` VALUES (118,'Alesson','Feb 16, 1999 (22)',500,'th','€','2021-06-09 17:45:29'),(118,'Danielzinho','Jan 11, 1996 (25)',1.4,'m','€','2021-06-09 17:45:29'),(118,'Douglas Friedrich','Dec 12, 1988 (32)',900,'th','€','2021-06-09 17:45:29'),(118,'Edson','Apr 24, 1998 (23)',200,'th','€','2021-06-09 17:45:29'),(118,'Éverson','Jul 24, 1997 (23)',100,'th','€','2021-06-09 17:45:29'),(118,'Fabrício','Feb 23, 2001 (20)',50,'th','€','2021-06-09 17:45:29'),(118,'Germán Conti','Jun 3, 1994 (27)',2.5,'m','€','2021-06-09 17:45:29'),(118,'Gilberto','Jun 5, 1989 (32)',900,'th','€','2021-06-09 17:45:29'),(118,'João Pedro','Nov 15, 1996 (24)',900,'th','€','2021-06-09 17:45:29'),(118,'Jonas','Oct 8, 1991 (29)',275,'th','€','2021-06-09 17:45:29'),(118,'Juan Pablo Ramírez','Nov 26, 1997 (23)',700,'th','€','2021-06-09 17:45:29'),(118,'Juninho','Feb 1, 1995 (26)',950,'th','€','2021-06-09 17:45:29'),(118,'Juninho Capixaba','Jul 6, 1997 (23)',1,'m','€','2021-06-09 17:45:29'),(118,'Júnior','Aug 10, 1998 (22)',50,'th','€','2021-06-09 17:45:29'),(118,'Leandro Matheus','Jan 28, 2001 (20)',50,'th','€','2021-06-09 17:45:29'),(118,'Lucas Araújo','May 21, 1999 (22)',50,'th','€','2021-06-09 17:45:29'),(118,'Lucas Fonseca','Aug 2, 1985 (35)',450,'th','€','2021-06-09 17:45:29'),(118,'Luiz Otávio','Oct 9, 1992 (28)',600,'th','€','2021-06-09 17:45:29'),(118,'Marcelo Ryan','Jun 8, 2002 (19)',500,'th','€','2021-06-09 17:45:29'),(118,'Mateus Claus','Aug 3, 1994 (26)',50,'th','€','2021-06-09 17:45:29'),(118,'Matheus Bahia','Aug 11, 1999 (21)',1,'m','€','2021-06-09 17:45:29'),(118,'Matheus Galdezani','Mar 13, 1992 (29)',800,'th','€','2021-06-09 17:45:29'),(118,'Matheus Teixeira','Mar 8, 1999 (22)',500,'th','€','2021-06-09 17:45:29'),(118,'Maycon Douglas','Aug 27, 1996 (24)',400,'th','€','2021-06-09 17:45:29'),(118,'Nino Paraíba','Jan 10, 1986 (35)',400,'th','€','2021-06-09 17:45:29'),(118,'Óscar Ruiz','May 14, 1991 (30)',500,'th','€','2021-06-09 17:45:29'),(118,'Pablo','Nov 14, 1999 (21)',50,'th','€','2021-06-09 17:45:29'),(118,'Patrick de Lucca','Mar 2, 2000 (21)',1,'m','€','2021-06-09 17:45:29'),(118,'Raniele','Dec 31, 1996 (24)',150,'th','€','2021-06-09 17:45:29'),(118,'Renan Guedes','Jan 19, 1998 (23)',500,'th','€','2021-06-09 17:45:29'),(118,'Rodriguinho','Mar 27, 1988 (33)',1.3,'m','€','2021-06-09 17:45:29'),(118,'Rossi','Apr 22, 1993 (28)',1,'m','€','2021-06-09 17:45:29'),(118,'Thaciano','May 12, 1995 (26)',800,'th','€','2021-06-09 17:45:29'),(118,'Thonny Anderson','Dec 27, 1997 (23)',1.6,'m','€','2021-06-09 17:45:29'),(119,'Bruno Praxedes','Feb 8, 2002 (19)',5,'m','€','2021-06-09 17:45:26'),(119,'Caio Vidal','Nov 4, 2000 (20)',900,'th','€','2021-06-09 17:45:26'),(119,'Carlos Palacios','Jul 20, 2000 (20)',2,'m','€','2021-06-09 17:45:26'),(119,'Daniel','May 6, 1994 (27)',50,'th','€','2021-06-09 17:45:26'),(119,'Danilo Fernandes','Apr 3, 1988 (33)',750,'th','€','2021-06-09 17:45:26'),(119,'Edenilson','Dec 18, 1989 (31)',2.4,'m','€','2021-06-09 17:45:26'),(119,'Gabriel Boschilia','Mar 5, 1996 (25)',3,'m','€','2021-06-09 17:45:26'),(119,'Heitor','Nov 5, 2000 (20)',3,'m','€','2021-06-09 17:45:26'),(119,'Johnny','Sep 20, 2001 (19)',900,'th','€','2021-06-09 17:45:26'),(119,'Juan Manuel Cuesta','Feb 9, 2002 (19)',350,'th','€','2021-06-09 17:45:26'),(119,'Léo Borges','Jan 3, 2001 (20)',800,'th','€','2021-06-09 17:45:26'),(119,'Lucas Ramos','Jan 3, 2001 (20)',500,'th','€','2021-06-09 17:45:26'),(119,'Lucas Ribeiro','Jan 19, 1999 (22)',2,'m','€','2021-06-09 17:45:26'),(119,'Marcelo Lomba','Dec 18, 1986 (34)',1.3,'m','€','2021-06-09 17:45:26'),(119,'Mauricio','Jun 22, 2001 (19)',1.5,'m','€','2021-06-09 17:45:26'),(119,'Moisés','Mar 11, 1995 (26)',1.1,'m','€','2021-06-09 17:45:26'),(119,'Nonato','Mar 3, 1998 (23)',1.8,'m','€','2021-06-09 17:45:26'),(119,'Paolo Guerrero','Jan 1, 1984 (37)',750,'th','€','2021-06-09 17:45:26'),(119,'Patrick','Jul 29, 1992 (28)',4.5,'m','€','2021-06-09 17:45:26'),(119,'Pedro Henrique','Jan 31, 2001 (20)',650,'th','€','2021-06-09 17:45:26'),(119,'Pedro Lucas','Sep 5, 1998 (22)',500,'th','€','2021-06-09 17:45:26'),(119,'Peglow','Jan 7, 2002 (19)',4,'m','€','2021-06-09 17:45:26'),(119,'Roberto','Jun 3, 1998 (23)',500,'th','€','2021-06-09 17:45:26'),(119,'Rodrigo Dourado','Jun 17, 1994 (26)',4,'m','€','2021-06-09 17:45:26'),(119,'Rodrigo Lindoso','Jun 6, 1989 (32)',1.5,'m','€','2021-06-09 17:45:26'),(119,'Rodrigo Moledo','Oct 27, 1987 (33)',1.4,'m','€','2021-06-09 17:45:26'),(119,'Saravia','Jun 16, 1993 (27)',3.2,'m','€','2021-06-09 17:45:26'),(119,'Taison','Jan 13, 1988 (33)',7,'m','€','2021-06-09 17:45:26'),(119,'Thiago Galhardo','Jul 20, 1989 (31)',2.5,'m','€','2021-06-09 17:45:26'),(119,'Víctor Cuesta','Nov 19, 1988 (32)',4,'m','€','2021-06-09 17:45:26'),(119,'Yuri Alberto','Mar 18, 2001 (20)',6,'m','€','2021-06-09 17:45:26'),(119,'Zé Gabriel','Jan 21, 1999 (22)',2,'m','€','2021-06-09 17:45:26'),(121,'Alan Empereur','Mar 10, 1994 (27)',1,'m','€','2021-06-09 17:45:26'),(121,'Alanzinho','Mar 8, 2000 (21)',300,'th','€','2021-06-09 17:45:26'),(121,'Benjamín Kuscevic','May 2, 1996 (25)',1.3,'m','€','2021-06-09 17:45:26'),(121,'Breno Lopes','Jan 24, 1996 (25)',1.5,'m','€','2021-06-09 17:45:26'),(121,'Danilo','Apr 29, 2001 (20)',8,'m','€','2021-06-09 17:45:26'),(121,'Danilo Barbosa','Feb 28, 1996 (25)',6.5,'m','€','2021-06-09 17:45:26'),(121,'Dudu','Jan 7, 1992 (29)',12,'m','€','2021-06-09 17:45:26'),(121,'Felipe Melo','Jun 26, 1983 (37)',600,'th','€','2021-06-09 17:45:26'),(121,'Gabriel Menino','Sep 29, 2000 (20)',14,'m','€','2021-06-09 17:45:26'),(121,'Gabriel Silva','Mar 22, 2002 (19)',900,'th','€','2021-06-09 17:45:26'),(121,'Gabriel Veron','Sep 3, 2002 (18)',18,'m','€','2021-06-09 17:45:26'),(121,'Giovani','Jan 1, 2004 (17)',5,'m','€','2021-06-09 17:45:26'),(121,'Gustavo Garcia','Jan 4, 2002 (19)',0,'m','€','2021-06-09 17:45:26'),(121,'Gustavo Gómez','May 6, 1993 (28)',6,'m','€','2021-06-09 17:45:26'),(121,'Gustavo Scarpa','Jan 5, 1994 (27)',3.5,'m','€','2021-06-09 17:45:26'),(121,'Henri','Feb 19, 2002 (19)',2,'m','€','2021-06-09 17:45:26'),(121,'Iván Angulo','Mar 22, 1999 (22)',750,'th','€','2021-06-09 17:45:26'),(121,'Jaílson','Jul 20, 1981 (39)',250,'th','€','2021-06-09 17:45:26'),(121,'Jean','Jun 24, 1986 (34)',800,'th','€','2021-06-09 17:45:26'),(121,'Luan','May 10, 1993 (28)',3,'m','€','2021-06-09 17:45:26'),(121,'Luan Silva','Feb 26, 1999 (22)',100,'th','€','2021-06-09 17:45:26'),(121,'Lucas Esteves','Jun 24, 2000 (20)',800,'th','€','2021-06-09 17:45:26'),(121,'Lucas Lima','Jul 9, 1990 (30)',3,'m','€','2021-06-09 17:45:26'),(121,'Luiz Adriano','Apr 12, 1987 (34)',2.5,'m','€','2021-06-09 17:45:26'),(121,'Marcos Rocha','Dec 11, 1988 (32)',1.5,'m','€','2021-06-09 17:45:26'),(121,'Matías Viña','Nov 9, 1997 (23)',4,'m','€','2021-06-09 17:45:26'),(121,'Mayke','Nov 10, 1992 (28)',1.1,'m','€','2021-06-09 17:45:26'),(121,'Michel','May 20, 2003 (18)',0,'m','€','2021-06-09 17:45:26'),(121,'Patrick de Paula','Sep 8, 1999 (21)',12,'m','€','2021-06-09 17:45:26'),(121,'Raphael Veiga','Jun 19, 1995 (25)',4.5,'m','€','2021-06-09 17:45:26'),(121,'Renan','May 19, 2002 (19)',7,'m','€','2021-06-09 17:45:26'),(121,'Rony','May 11, 1995 (26)',9,'m','€','2021-06-09 17:45:26'),(121,'Victor Luis','Jun 23, 1993 (27)',1.5,'m','€','2021-06-09 17:45:26'),(121,'Vinicius Silvestre','Mar 28, 1994 (27)',150,'th','€','2021-06-09 17:45:26'),(121,'Wesley','Mar 30, 1999 (22)',2.3,'m','€','2021-06-09 17:45:26'),(121,'Wéverton','Dec 13, 1987 (33)',5,'m','€','2021-06-09 17:45:26'),(121,'Willian','Nov 19, 1986 (34)',1.2,'m','€','2021-06-09 17:45:26'),(121,'Zé Rafael','Jun 16, 1993 (27)',4,'m','€','2021-06-09 17:45:26'),(123,'Adryelson','Mar 23, 1998 (23)',1,'m','€','2021-06-09 17:45:26'),(123,'André','Sep 27, 1990 (30)',750,'th','€','2021-06-09 17:45:26'),(123,'Betinho','Apr 4, 1992 (29)',600,'th','€','2021-06-09 17:45:26'),(123,'Carlos Eduardo','Feb 24, 1992 (29)',50,'th','€','2021-06-09 17:45:26'),(123,'Carlos Rentería','Jul 5, 1995 (25)',550,'th','€','2021-06-09 17:45:26'),(123,'Chico','Sep 14, 1998 (22)',250,'th','€','2021-06-09 17:45:26'),(123,'Everaldo','May 28, 1994 (27)',800,'th','€','2021-06-09 17:45:26'),(123,'Ewerthon','Nov 10, 2000 (20)',200,'th','€','2021-06-09 17:45:26'),(123,'Gustavo','Sep 11, 2002 (18)',250,'th','€','2021-06-09 17:45:26'),(123,'Hayner','Oct 2, 1995 (25)',200,'th','€','2021-06-09 17:45:26'),(123,'Hernane','Aug 4, 1986 (34)',500,'th','€','2021-06-09 17:45:26'),(123,'Iago Maidana','Feb 6, 1996 (25)',1,'m','€','2021-06-09 17:45:26'),(123,'João Igor','Mar 14, 1996 (25)',175,'th','€','2021-06-09 17:45:26'),(123,'Jonas Toró','May 30, 1999 (22)',1.7,'m','€','2021-06-09 17:45:26'),(123,'José Welison','Mar 11, 1995 (26)',650,'th','€','2021-06-09 17:45:26'),(123,'Júnior Tavares','Aug 7, 1996 (24)',800,'th','€','2021-06-09 17:45:26'),(123,'Leandro Barcia','Oct 8, 1992 (28)',750,'th','€','2021-06-09 17:45:26'),(123,'Luan Polli','Apr 6, 1993 (28)',600,'th','€','2021-06-09 17:45:26'),(123,'Mailson','Aug 20, 1996 (24)',500,'th','€','2021-06-09 17:45:26'),(123,'Marcão Silva','Jan 14, 1991 (30)',400,'th','€','2021-06-09 17:45:26'),(123,'Márcio Araújo','Jun 11, 1984 (36)',300,'th','€','2021-06-08 08:04:59'),(123,'Marquinhos','Jan 26, 1997 (24)',850,'th','€','2021-06-09 17:45:26'),(123,'Maxwell','Feb 11, 1995 (26)',200,'th','€','2021-06-09 17:45:26'),(123,'Mikael','May 28, 1999 (22)',500,'th','€','2021-06-09 17:45:26'),(123,'Neílton','Feb 17, 1994 (27)',1,'m','€','2021-06-09 17:45:26'),(123,'Pablo Pardal','Apr 21, 1999 (22)',50,'th','€','2021-06-09 17:45:26'),(123,'Patric','Mar 25, 1989 (32)',800,'th','€','2021-06-09 17:45:26'),(123,'Paulinho Mocelin','Mar 16, 1994 (27)',300,'th','€','2021-06-09 17:45:26'),(123,'Rafael Thyere','May 17, 1993 (28)',450,'th','€','2021-06-09 17:45:26'),(123,'Ricardinho','Mar 27, 1989 (32)',500,'th','€','2021-06-09 17:45:26'),(123,'Ronaldo','Jun 27, 1994 (26)',375,'th','€','2021-06-09 17:45:26'),(123,'Sabino','Oct 25, 1996 (24)',950,'th','€','2021-06-09 17:45:26'),(123,'Sander','Oct 3, 1990 (30)',650,'th','€','2021-06-09 17:45:26'),(123,'Santiago Tréllez','Jan 17, 1990 (31)',700,'th','€','2021-06-09 17:45:26'),(123,'Thiago Lopes','Oct 27, 1996 (24)',450,'th','€','2021-06-09 17:45:26'),(123,'Thiago Neves','Feb 27, 1985 (36)',1,'m','€','2021-06-09 17:45:26'),(124,'Abel Hernández','Aug 8, 1990 (30)',2.4,'m','€','2021-06-09 17:45:29'),(124,'André Trindade','Jul 16, 2001 (19)',500,'th','€','2021-06-09 17:45:29'),(124,'Caio Paulista','May 11, 1998 (23)',1.5,'m','€','2021-06-09 17:45:29'),(124,'Calegari','Feb 27, 2002 (19)',4,'m','€','2021-06-09 17:45:29'),(124,'Daniel','Jun 18, 1999 (21)',50,'th','€','2021-06-09 17:45:29'),(124,'Danilo Barcelos','Aug 17, 1991 (29)',850,'th','€','2021-06-09 17:45:29'),(124,'David Braz','May 21, 1987 (34)',900,'th','€','2021-06-09 17:45:29'),(124,'Egídio','Jun 16, 1986 (34)',800,'th','€','2021-06-09 17:45:29'),(124,'Fred','Oct 3, 1983 (37)',750,'th','€','2021-06-09 17:45:29'),(124,'Gabriel Teixeira','Apr 1, 2001 (20)',1.5,'m','€','2021-06-09 17:45:29'),(124,'Ganso','Oct 12, 1989 (31)',800,'th','€','2021-06-09 17:45:29'),(124,'Gustavo Ramalho','Sep 16, 2002 (18)',100,'th','€','2021-06-09 17:45:29'),(124,'Higor Gabriel','Apr 28, 1999 (22)',50,'th','€','2021-06-09 17:45:29'),(124,'Húdson','Jan 30, 1988 (33)',800,'th','€','2021-06-09 17:45:29'),(124,'Igor Julião','Aug 23, 1994 (26)',850,'th','€','2021-06-09 17:45:29'),(124,'João Lopes','Jan 16, 1996 (25)',50,'th','€','2021-06-09 17:45:29'),(124,'John Kennedy','May 18, 2002 (19)',500,'th','€','2021-06-09 17:45:29'),(124,'Juan Cazares','Apr 3, 1992 (29)',2.5,'m','€','2021-06-09 17:45:29'),(124,'Kayky','Jun 11, 2003 (17)',14,'m','€','2021-06-09 17:45:29'),(124,'Lucca','Feb 14, 1990 (31)',700,'th','€','2021-06-09 17:45:29'),(124,'Luccas Claro','Oct 20, 1991 (29)',1.2,'m','€','2021-06-09 17:45:29'),(124,'Luiz Henrique','Jan 2, 2001 (20)',3.5,'m','€','2021-06-09 17:45:29'),(124,'Manoel','Feb 26, 1990 (31)',550,'th','€','2021-06-09 17:45:29'),(124,'Marcos Felipe','Apr 13, 1996 (25)',1,'m','€','2021-06-09 17:45:29'),(124,'Marcos Paulo','Feb 1, 2001 (20)',9,'m','€','2021-06-09 17:45:29'),(124,'Martinelli','Oct 5, 2001 (19)',2.3,'m','€','2021-06-09 17:45:29'),(124,'Matheus Ferraz','Feb 12, 1985 (36)',400,'th','€','2021-06-09 17:45:29'),(124,'Matheus Martins','Jul 16, 2003 (17)',4.5,'m','€','2021-06-09 17:45:29'),(124,'Matheus Mascarenhas','Jul 27, 1998 (22)',200,'th','€','2021-06-09 17:45:29'),(124,'Metinho','Apr 23, 2003 (18)',5,'m','€','2021-06-09 17:45:29'),(124,'Michel Araújo','Sep 28, 1996 (24)',1.4,'m','€','2021-06-09 17:45:29'),(124,'Miguel','Mar 26, 2003 (18)',2,'m','€','2021-06-09 17:45:29'),(124,'Muriel','Feb 14, 1987 (34)',800,'th','€','2021-06-09 17:45:29'),(124,'Nenê','Jul 19, 1981 (39)',750,'th','€','2021-06-09 17:45:29'),(124,'Nino','Apr 10, 1997 (24)',4,'m','€','2021-06-09 17:45:29'),(124,'Pedro Rangel','Jun 29, 2000 (20)',100,'th','€','2021-06-09 17:45:29'),(124,'Rafael Ribeiro','Jan 18, 1996 (25)',75,'th','€','2021-06-09 17:45:29'),(124,'Raúl Bobadilla','Jun 18, 1987 (33)',400,'th','€','2021-06-09 17:45:29'),(124,'Reginaldo','Jul 8, 1992 (28)',600,'th','€','2021-06-09 17:45:29'),(124,'Samuel Xavier','Jun 6, 1990 (31)',750,'th','€','2021-06-09 17:45:29'),(124,'Wellington','Jan 28, 1991 (30)',1.1,'m','€','2021-06-09 17:45:29'),(124,'Wiris Gustavo','Jul 4, 2000 (20)',100,'th','€','2021-06-09 17:45:29'),(124,'Yago Felipe','Feb 3, 1995 (26)',1.4,'m','€','2021-06-09 17:45:29'),(125,'Ademir','Feb 16, 1995 (26)',500,'th','€','2021-06-09 17:45:28'),(125,'Airton','May 29, 1994 (27)',250,'th','€','2021-06-09 17:45:28'),(125,'Alan Ruschel','Aug 23, 1989 (31)',325,'th','€','2021-06-09 17:45:28'),(125,'Alê','Jun 6, 1990 (31)',500,'th','€','2021-06-09 17:45:28'),(125,'Anderson','Mar 2, 1995 (26)',500,'th','€','2021-06-09 17:45:28'),(125,'Bruno Nazário','Feb 9, 1995 (26)',800,'th','€','2021-06-09 17:45:28'),(125,'Carlos Alberto','Apr 14, 2002 (19)',50,'th','€','2021-06-09 17:45:28'),(125,'Diego Ferreira','Feb 26, 1996 (25)',200,'th','€','2021-06-09 17:45:28'),(125,'Eduardo','Nov 20, 1986 (34)',350,'th','€','2021-06-09 17:45:28'),(125,'Eduardo Bauermann','Feb 13, 1996 (25)',500,'th','€','2021-06-09 17:45:28'),(125,'Elzo','Apr 27, 2000 (21)',50,'th','€','2021-06-09 17:45:28'),(125,'Felipe Azevedo','Jan 10, 1987 (34)',500,'th','€','2021-06-09 17:45:28'),(125,'Gabriel Alves','May 31, 2000 (21)',50,'th','€','2021-06-09 17:45:28'),(125,'Geovane','Jun 15, 1998 (22)',200,'th','€','2021-06-09 17:45:28'),(125,'Gustavinho','Oct 29, 2001 (19)',200,'th','€','2021-06-09 17:45:28'),(125,'João Paulo','Jul 1, 1986 (34)',475,'th','€','2021-06-09 17:45:28'),(125,'Jory','Mar 13, 1996 (25)',300,'th','€','2021-06-09 17:45:28'),(125,'Juninho','Mar 20, 1986 (35)',500,'th','€','2021-06-09 17:45:28'),(125,'Juninho','Oct 23, 1987 (33)',750,'th','€','2021-06-09 17:45:28'),(125,'Leandro Carvalho','May 10, 1995 (26)',700,'th','€','2021-06-09 17:45:28'),(125,'Léo Passos','Mar 13, 1999 (22)',150,'th','€','2021-06-09 17:45:28'),(125,'Lohan','Sep 20, 1995 (25)',100,'th','€','2021-06-09 17:45:28'),(125,'Lucas Gabriel','Apr 12, 2002 (19)',50,'th','€','2021-06-09 17:45:28'),(125,'Lucas Luan','Sep 6, 1999 (21)',50,'th','€','2021-06-09 17:45:28'),(125,'Luiz Fernando','Jul 11, 1999 (21)',50,'th','€','2021-06-09 17:45:28'),(125,'Marcelo Toscano','May 12, 1985 (36)',400,'th','€','2021-06-09 17:45:28'),(125,'Marlon','Feb 13, 1994 (27)',50,'th','€','2021-06-09 17:45:28'),(125,'Matheus Cavichioli','Jul 27, 1986 (34)',200,'th','€','2021-06-09 17:45:28'),(125,'Ramon','May 19, 1997 (24)',200,'th','€','2021-06-09 17:45:28'),(125,'Ribamar','May 21, 1997 (24)',600,'th','€','2021-06-09 17:45:28'),(125,'Ricardo Silva','Aug 13, 1992 (28)',100,'th','€','2021-06-09 17:45:28'),(125,'Rodolfo','May 21, 1992 (29)',1,'m','€','2021-06-09 17:45:28'),(125,'Sabino','May 18, 1999 (22)',100,'th','€','2021-06-09 17:45:28'),(125,'Thalys','Jan 14, 2000 (21)',0,'m','€','2021-06-09 17:45:28'),(125,'Yan Sasse','Jun 24, 1997 (23)',500,'th','€','2021-06-09 17:45:28'),(125,'Zé Ricardo','Mar 9, 1996 (25)',1.5,'m','€','2021-06-09 17:45:28'),(125,'Zé Vitor','Feb 9, 2001 (20)',50,'th','€','2021-06-09 17:45:28'),(125,'Zé Vitor','Oct 2, 2001 (19)',100,'th','€','2021-06-09 17:45:28'),(126,'Anilson','Sep 4, 2001 (19)',200,'th','€','2021-06-09 17:45:24'),(126,'Antonio Galeano','Mar 22, 2000 (21)',700,'th','€','2021-06-09 17:45:24'),(126,'Arthur Gazze','Apr 12, 2000 (21)',200,'th','€','2021-06-09 17:45:24'),(126,'Bruno Alves','Apr 16, 1991 (30)',1.9,'m','€','2021-06-09 17:45:24'),(126,'Bruno Rodrigues','Mar 7, 1997 (24)',300,'th','€','2021-06-09 17:45:24'),(126,'Caio Felipe','Feb 2, 1999 (22)',200,'th','€','2021-06-09 17:45:24'),(126,'Caique','Jun 14, 1998 (22)',0,'m','€','2021-06-09 17:45:24'),(126,'Dani Alves','May 6, 1983 (38)',2,'m','€','2021-06-09 17:45:24'),(126,'Diego Costa','Jul 21, 1999 (21)',1.8,'m','€','2021-06-09 17:45:24'),(126,'Éder','Nov 15, 1986 (34)',800,'th','€','2021-06-09 17:45:24'),(126,'Emiliano Rigoni','Feb 4, 1993 (28)',3.2,'m','€','2021-06-09 17:45:24'),(126,'Everton Felipe','Jul 28, 1997 (23)',750,'th','€','2021-06-09 17:45:24'),(126,'Gabriel Falcão','Jan 11, 2001 (20)',400,'th','€','2021-06-09 17:45:24'),(126,'Gabriel Sara','Jun 26, 1999 (21)',6.5,'m','€','2021-06-09 17:45:24'),(126,'Hernanes','May 29, 1985 (36)',650,'th','€','2021-06-09 17:45:24'),(126,'Igor Gomes','Mar 17, 1999 (22)',8.5,'m','€','2021-06-09 17:45:24'),(126,'Igor Vinícius','Apr 1, 1997 (24)',3.2,'m','€','2021-06-09 17:45:24'),(126,'Joao Rojas','Jun 14, 1989 (31)',1.4,'m','€','2021-06-09 17:45:24'),(126,'Juan','Mar 7, 2002 (19)',500,'th','€','2021-06-09 17:45:24'),(126,'Léo','Jan 6, 1996 (25)',2.3,'m','€','2021-06-09 17:45:24'),(126,'Liziero','Feb 7, 1998 (23)',4,'m','€','2021-06-09 17:45:24'),(126,'Luan','May 14, 1999 (22)',5,'m','€','2021-06-09 17:45:24'),(126,'Lucas Perri','Dec 10, 1997 (23)',1.4,'m','€','2021-06-09 17:45:24'),(126,'Luciano','May 18, 1993 (28)',4,'m','€','2021-06-09 17:45:24'),(126,'Luis Manuel Orejuela','Aug 20, 1995 (25)',1.7,'m','€','2021-06-09 17:45:24'),(126,'Marquinhos','Apr 7, 2003 (18)',250,'th','€','2021-06-09 17:45:24'),(126,'Marquinhos Calazans','Jun 14, 1996 (24)',250,'th','€','2021-06-09 17:45:24'),(126,'Martín Benítez','Jun 17, 1994 (26)',4,'m','€','2021-06-09 17:45:24'),(126,'Miranda','Sep 7, 1984 (36)',1,'m','€','2021-06-09 17:45:24'),(126,'Pablo','Jun 23, 1992 (28)',3,'m','€','2021-06-09 17:45:24'),(126,'Pablo Maia','Jan 10, 2002 (19)',0,'m','€','2021-06-09 17:45:24'),(126,'Paulinho Bóia','Jun 26, 1998 (22)',1,'m','€','2021-06-09 17:45:24'),(126,'Pedrinho','Feb 18, 2002 (19)',250,'th','€','2021-06-09 17:45:24'),(126,'Reinaldo','Sep 28, 1989 (31)',2.5,'m','€','2021-06-09 17:45:24'),(126,'Robert Arboleda','Oct 22, 1991 (29)',1.6,'m','€','2021-06-09 17:45:24'),(126,'Rodrigo','Jun 17, 1998 (22)',400,'th','€','2021-06-09 17:45:24'),(126,'Rodrigo Nestor','Aug 9, 2000 (20)',2.5,'m','€','2021-06-09 17:45:24'),(126,'Shaylon','Apr 27, 1997 (24)',700,'th','€','2021-06-09 17:45:24'),(126,'Talles','Aug 2, 2002 (18)',1.2,'m','€','2021-06-09 17:45:24'),(126,'Thiago Couto','Mar 26, 1999 (22)',50,'th','€','2021-06-09 17:45:24'),(126,'Tiago Volpi','Dec 19, 1990 (30)',4,'m','€','2021-06-09 17:45:24'),(126,'Vitinho','Apr 23, 2001 (20)',300,'th','€','2021-06-09 17:45:24'),(126,'Vitor Bueno','Sep 5, 1994 (26)',1.6,'m','€','2021-06-09 17:45:24'),(126,'Walce','Feb 2, 1999 (22)',1.8,'m','€','2021-06-09 17:45:24'),(126,'Welington','Feb 19, 2001 (20)',1,'m','€','2021-06-09 17:45:24'),(126,'William','Nov 20, 1986 (34)',1,'m','€','2021-06-09 17:45:24'),(127,'Bruno Henrique','Dec 30, 1990 (30)',4.5,'m','€','2021-06-09 17:45:28'),(127,'Bruno Viana','Feb 5, 1995 (26)',7,'m','€','2021-06-09 17:45:28'),(127,'César','Jan 27, 1992 (29)',350,'th','€','2021-06-09 17:45:28'),(127,'Diego','Feb 28, 1985 (36)',1.3,'m','€','2021-06-09 17:45:28'),(127,'Diego Alves','Jun 24, 1985 (35)',1.5,'m','€','2021-06-09 17:45:28'),(127,'Éverton Ribeiro','Apr 10, 1989 (32)',8,'m','€','2021-06-09 17:45:28'),(127,'Filipe Luís','Aug 9, 1985 (35)',1.5,'m','€','2021-06-09 17:45:28'),(127,'Gabriel Barbosa','Aug 30, 1996 (24)',26,'m','€','2021-06-09 17:45:28'),(127,'Gabriel Batista','Jun 3, 1998 (23)',500,'th','€','2021-06-09 17:45:28'),(127,'Gabriel Noga','Jan 25, 2002 (19)',2,'m','€','2021-06-09 17:45:28'),(127,'Gerson','May 20, 1997 (24)',20,'m','€','2021-06-09 17:45:28'),(127,'Giorgian de Arrascaeta','Jun 1, 1994 (27)',18,'m','€','2021-06-09 17:45:28'),(127,'Gustavo Henrique','Mar 24, 1993 (28)',2.6,'m','€','2021-06-09 17:45:28'),(127,'Hugo Moura','Jan 3, 1998 (23)',850,'th','€','2021-06-09 17:45:28'),(127,'Hugo Souza','Jan 31, 1999 (22)',3.5,'m','€','2021-06-09 17:45:28'),(127,'João Gomes','Feb 12, 2001 (20)',3.5,'m','€','2021-06-09 17:45:28'),(127,'Lázaro','Mar 12, 2002 (19)',2.5,'m','€','2021-06-09 17:45:28'),(127,'Léo Pereira','Jan 31, 1996 (25)',3,'m','€','2021-06-09 17:45:28'),(127,'Matheuzinho','Sep 8, 2000 (20)',900,'th','€','2021-06-09 17:45:28'),(127,'Mauricio Isla','Jun 12, 1988 (32)',950,'th','€','2021-06-09 17:45:28'),(127,'Michael','Mar 12, 1996 (25)',3,'m','€','2021-06-09 17:45:28'),(127,'Pedro','Jun 20, 1997 (23)',14,'m','€','2021-06-09 17:45:28'),(127,'Piris da Motta','Jul 26, 1994 (26)',1.2,'m','€','2021-06-09 17:45:28'),(127,'Ramon','Mar 13, 2001 (20)',800,'th','€','2021-06-09 17:45:28'),(127,'Renê','Sep 14, 1992 (28)',1.5,'m','€','2021-06-09 17:45:28'),(127,'Rodinei','Jan 29, 1992 (29)',1.2,'m','€','2021-06-09 17:45:28'),(127,'Rodrigo Caio','Aug 17, 1993 (27)',6.5,'m','€','2021-06-09 17:45:28'),(127,'Rodrigo Muniz','May 4, 2001 (20)',3,'m','€','2021-06-09 17:45:28'),(127,'Ronaldo','Oct 23, 1996 (24)',800,'th','€','2021-06-09 17:45:28'),(127,'Thiago Maia','Mar 23, 1997 (24)',3,'m','€','2021-06-09 17:45:28'),(127,'Thuler','Mar 10, 1999 (22)',500,'th','€','2021-06-09 17:45:28'),(127,'Vitinho','Oct 9, 1993 (27)',4,'m','€','2021-06-09 17:45:28'),(127,'Willian Arão','Dec 3, 1992 (28)',5,'m','€','2021-06-09 17:45:28'),(128,'Alex','May 10, 1999 (22)',450,'th','€','2021-06-09 17:45:27'),(128,'Alexandre Tam','Mar 30, 1999 (22)',75,'th','€','2021-06-09 17:45:27'),(128,'Alison','Mar 1, 1993 (28)',2,'m','€','2021-06-09 17:45:27'),(128,'Allanzinho','Apr 4, 2000 (21)',150,'th','€','2021-06-09 17:45:27'),(128,'Anderson Ceará','May 21, 1999 (22)',300,'th','€','2021-06-09 17:45:27'),(128,'Ângelo Gabriel','Dec 21, 2004 (16)',7,'m','€','2021-06-09 17:45:27'),(128,'Bruno Marques','Feb 22, 1999 (22)',700,'th','€','2021-06-09 17:45:27'),(128,'Cadu','Feb 21, 2002 (19)',50,'th','€','2021-06-09 17:45:27'),(128,'Carlos Sánchez','Dec 2, 1984 (36)',1.2,'m','€','2021-06-09 17:45:27'),(128,'Cléber Reis','Dec 5, 1990 (30)',800,'th','€','2021-06-09 17:45:27'),(128,'Danilo Boza','May 6, 1998 (23)',150,'th','€','2021-06-09 17:45:27'),(128,'Derick','May 16, 2002 (19)',100,'th','€','2021-06-09 17:45:27'),(128,'Felipe Jonatan','Feb 15, 1998 (23)',4,'m','€','2021-06-09 17:45:27'),(128,'Fernandinho','Mar 20, 2003 (18)',200,'th','€','2021-06-09 17:45:27'),(128,'Gabriel Pirani','Apr 12, 2002 (19)',2.5,'m','€','2021-06-09 17:45:27'),(128,'Guilherme','Jul 12, 1998 (22)',50,'th','€','2021-06-09 17:45:27'),(128,'Ivonei','Apr 16, 2002 (19)',750,'th','€','2021-06-09 17:45:27'),(128,'Jean Mota','Oct 15, 1993 (27)',1.3,'m','€','2021-06-09 17:45:27'),(128,'Jhonnathan','Mar 4, 2001 (20)',100,'th','€','2021-06-09 17:45:27'),(128,'João Paulo','Jun 29, 1995 (25)',1.4,'m','€','2021-06-09 17:45:27'),(128,'Jobson','Sep 13, 1995 (25)',950,'th','€','2021-06-09 17:45:27'),(128,'John','Feb 13, 1996 (25)',500,'th','€','2021-06-09 17:45:27'),(128,'Jonathan Copete','Jan 23, 1988 (33)',800,'th','€','2021-06-09 17:45:27'),(128,'Kaiky','Jan 12, 2004 (17)',6,'m','€','2021-06-09 17:45:27'),(128,'Kaio Jorge','Jan 24, 2002 (19)',12,'m','€','2021-06-09 17:45:27'),(128,'Kevin Malthus','Jan 11, 2003 (18)',0,'m','€','2021-06-09 17:45:27'),(128,'Luan Peres','Jul 19, 1994 (26)',2,'m','€','2021-06-09 17:45:27'),(128,'Lucas Barbosa','Feb 22, 2001 (20)',100,'th','€','2021-06-09 17:45:27'),(128,'Lucas Braga','Nov 10, 1996 (24)',2,'m','€','2021-06-09 17:45:27'),(128,'Lucas Lourenço','Jan 23, 2001 (20)',400,'th','€','2021-06-09 17:45:27'),(128,'Lucas Venuto','Jan 14, 1995 (26)',450,'th','€','2021-06-09 17:45:27'),(128,'Luiz Felipe','Sep 9, 1993 (27)',400,'th','€','2021-06-09 17:45:27'),(128,'Madson','Jan 13, 1992 (29)',900,'th','€','2021-06-09 17:45:27'),(128,'Marcos Guilherme','Aug 5, 1995 (25)',2.5,'m','€','2021-06-09 17:45:27'),(128,'Marcos Leonardo','May 2, 2003 (18)',2.9,'m','€','2021-06-09 17:45:27'),(128,'Marinho','May 29, 1990 (31)',4,'m','€','2021-06-09 17:45:27'),(128,'Mikael','Jan 24, 2000 (21)',100,'th','€','2021-06-09 17:45:27'),(128,'Moraes','Oct 3, 1997 (23)',300,'th','€','2021-06-09 17:45:27'),(128,'Pará','Feb 14, 1986 (35)',800,'th','€','2021-06-09 17:45:27'),(128,'Rafael Longuine','May 30, 1990 (31)',300,'th','€','2021-06-09 17:45:27'),(128,'Raniel','Jun 11, 1996 (24)',1.8,'m','€','2021-06-09 17:45:27'),(128,'Renyer','Jul 12, 2003 (17)',2.5,'m','€','2021-06-09 17:45:27'),(128,'Robson Reis','May 21, 2000 (21)',100,'th','€','2021-06-09 17:45:27'),(128,'Rodrigão','Oct 13, 1993 (27)',650,'th','€','2021-06-09 17:45:27'),(128,'Sandro Perpetuo','Jun 29, 2001 (19)',0,'m','€','2021-06-09 17:45:27'),(128,'Sandry','Aug 30, 2002 (18)',3.5,'m','€','2021-06-09 17:45:27'),(128,'Victor Yan','Apr 9, 2001 (20)',50,'th','€','2021-06-09 17:45:27'),(128,'Vinicius Balieiro','May 28, 1999 (22)',1.5,'m','€','2021-06-09 17:45:27'),(128,'Vinicius Zanocelo','Jan 30, 2001 (20)',900,'th','€','2021-06-09 17:45:27'),(128,'Vladimir','Jul 16, 1989 (31)',700,'th','€','2021-06-09 17:45:27'),(128,'Wellington Tim','Jun 5, 2001 (20)',0,'m','€','2021-06-09 17:45:27'),(129,'Alan','Mar 26, 1999 (22)',250,'th','€','2021-06-09 17:45:25'),(129,'Bruno Pacheco','Dec 8, 1991 (29)',800,'th','€','2021-06-09 17:45:25'),(129,'Buiú','Apr 27, 1996 (25)',125,'th','€','2021-06-09 17:45:25'),(129,'Charles','Jun 19, 1996 (24)',850,'th','€','2021-06-09 17:45:25'),(129,'Cléber','Oct 22, 1996 (24)',1,'m','€','2021-06-09 17:45:25'),(129,'Fabinho','Nov 19, 1986 (34)',500,'th','€','2021-06-09 17:45:25'),(129,'Felipe','May 28, 1990 (31)',375,'th','€','2021-06-09 17:45:25'),(129,'Felipe Vizeu','Mar 12, 1997 (24)',1.2,'m','€','2021-06-09 17:45:25'),(129,'Fernando Sobral','Dec 17, 1994 (26)',900,'th','€','2021-06-09 17:45:25'),(129,'Gabriel Dias','May 10, 1994 (27)',750,'th','€','2021-06-09 17:45:25'),(129,'Gabriel Lacerda','Aug 29, 1999 (21)',300,'th','€','2021-06-09 17:45:25'),(129,'Hélio','May 15, 2000 (21)',0,'m','€','2021-06-09 17:45:25'),(129,'Jael','Oct 30, 1988 (32)',450,'th','€','2021-06-09 17:45:25'),(129,'João Ricardo','Sep 6, 1988 (32)',400,'th','€','2021-06-09 17:45:25'),(129,'Jordan','Apr 22, 1999 (22)',50,'th','€','2021-06-09 17:45:25'),(129,'Jorginho','Jan 5, 1991 (30)',800,'th','€','2021-06-09 17:45:25'),(129,'Kelvyn','May 7, 1999 (22)',200,'th','€','2021-06-09 17:45:25'),(129,'Klaus','Jan 11, 1994 (27)',450,'th','€','2021-06-09 17:45:25'),(129,'Lima','Jun 11, 1996 (24)',1.1,'m','€','2021-06-09 17:45:25'),(129,'Luiz Otávio','Sep 14, 1988 (32)',600,'th','€','2021-06-09 17:45:25'),(129,'Marlon','Feb 26, 1990 (31)',325,'th','€','2021-06-09 17:45:25'),(129,'Messias','Nov 3, 1994 (26)',525,'th','€','2021-06-09 17:45:25'),(129,'Pedro Naressi','Jan 10, 1998 (23)',250,'th','€','2021-06-09 17:45:25'),(129,'Richard','Mar 1, 1991 (30)',500,'th','€','2021-06-09 17:45:25'),(129,'Rick','Sep 2, 1999 (21)',50,'th','€','2021-06-09 17:45:25'),(129,'Saulo Mineiro','Jun 17, 1997 (23)',250,'th','€','2021-06-09 17:45:25'),(129,'Stiven Mendoza','Jun 27, 1992 (28)',2,'m','€','2021-06-09 17:45:25'),(129,'Vina','Apr 15, 1991 (30)',1.5,'m','€','2021-06-09 17:45:25'),(129,'Vinicius Machado','Feb 29, 2000 (21)',50,'th','€','2021-06-09 17:45:25'),(129,'Vítor Jacaré','Oct 24, 1999 (21)',300,'th','€','2021-06-09 17:45:25'),(129,'Wendson','Aug 22, 1997 (23)',0,'m','€','2021-06-09 17:45:25'),(129,'William Oliveira','Feb 25, 1992 (29)',300,'th','€','2021-06-09 17:45:25'),(129,'Willian','May 16, 1993 (28)',325,'th','€','2021-06-09 17:45:25'),(129,'Yony González','Jul 11, 1994 (26)',1.6,'m','€','2021-06-09 17:45:25'),(130,'Adriel','Jan 14, 2001 (20)',100,'th','€','2021-06-09 17:45:25'),(130,'Alisson','Jun 25, 1993 (27)',2.5,'m','€','2021-06-09 17:45:25'),(130,'Brenno','Apr 1, 1999 (22)',3.5,'m','€','2021-06-09 17:45:25'),(130,'Bruno Cortez','Mar 11, 1987 (34)',800,'th','€','2021-06-09 17:45:25'),(130,'César Pinares','May 23, 1991 (30)',1.4,'m','€','2021-06-09 17:45:25'),(130,'Darlan','Apr 16, 1998 (23)',3,'m','€','2021-06-09 17:45:25'),(130,'Diego Churín','Dec 1, 1989 (31)',700,'th','€','2021-06-09 17:45:25'),(130,'Diego Souza','Jun 17, 1985 (35)',1.5,'m','€','2021-06-09 17:45:25'),(130,'Diogo Barbosa','Aug 17, 1992 (28)',2,'m','€','2021-06-09 17:45:25'),(130,'Douglas Costa','Sep 14, 1990 (30)',6,'m','€','2021-06-09 17:45:25'),(130,'Elias Manoel','Nov 30, 2001 (19)',1,'m','€','2021-06-09 17:45:25'),(130,'Emanuel','Nov 1, 1999 (21)',150,'th','€','2021-06-09 17:45:25'),(130,'Éverton','Dec 11, 1988 (32)',900,'th','€','2021-06-09 17:45:25'),(130,'Ferreira','Dec 31, 1997 (23)',7.5,'m','€','2021-06-09 17:45:25'),(130,'Gabriel Chapecó','Mar 29, 2000 (21)',400,'th','€','2021-06-09 17:45:25'),(130,'Guilherme Azevedo','May 21, 2001 (20)',400,'th','€','2021-06-09 17:45:25'),(130,'Guilherme Guedes','May 18, 1999 (22)',50,'th','€','2021-06-09 17:45:25'),(130,'Jean Pyerre','May 7, 1998 (23)',9,'m','€','2021-06-09 17:45:25'),(130,'Léo Chú','Jun 4, 2000 (21)',1.5,'m','€','2021-06-09 17:45:25'),(130,'Léo Gomes','Jun 30, 1996 (24)',1.5,'m','€','2021-06-09 17:45:25'),(130,'Lucas Silva','Feb 16, 1993 (28)',2,'m','€','2021-06-09 17:45:25'),(130,'Luiz Fernando','Oct 16, 1996 (24)',850,'th','€','2021-06-09 17:45:25'),(130,'Machado','Jan 20, 1996 (25)',400,'th','€','2021-06-09 17:45:25'),(130,'Maicon','Sep 14, 1985 (35)',400,'th','€','2021-06-09 17:45:25'),(130,'Matheus Henrique','Dec 19, 1997 (23)',15,'m','€','2021-06-09 17:45:25'),(130,'Patrick','Nov 23, 1998 (22)',1.3,'m','€','2021-06-09 17:45:25'),(130,'Paulo Miranda','Aug 16, 1988 (32)',450,'th','€','2021-06-09 17:45:25'),(130,'Paulo Victor','Jan 12, 1987 (34)',500,'th','€','2021-06-09 17:45:25'),(130,'Pedro Geromel','Sep 21, 1985 (35)',1.5,'m','€','2021-06-09 17:45:25'),(130,'Pedro Lucas','Jul 26, 2002 (18)',1.5,'m','€','2021-06-09 17:45:25'),(130,'Pepê','Feb 24, 1997 (24)',13,'m','€','2021-06-09 17:45:25'),(130,'Rafinha','Sep 7, 1985 (35)',1,'m','€','2021-06-09 17:45:25'),(130,'Ricardinho','Apr 23, 2001 (20)',900,'th','€','2021-06-09 17:45:25'),(130,'Rildo','Jan 21, 2000 (21)',450,'th','€','2021-06-09 17:45:25'),(130,'Rodrigues','Oct 10, 1997 (23)',1.8,'m','€','2021-06-09 17:45:25'),(130,'Ruan','Jun 7, 1999 (22)',1.5,'m','€','2021-06-09 17:45:25'),(130,'Thiago Santos','Sep 5, 1989 (31)',1.2,'m','€','2021-06-09 17:45:25'),(130,'Vanderson','Jun 21, 2001 (19)',2,'m','€','2021-06-09 17:45:25'),(130,'Victor Ferraz','Jan 14, 1988 (33)',1,'m','€','2021-06-09 17:45:25'),(130,'Wálter Kannemann','Mar 14, 1991 (30)',4,'m','€','2021-06-09 17:45:25'),(131,'Adson','Oct 6, 2000 (20)',300,'th','€','2021-06-09 17:45:26'),(131,'Ángelo Araos','Jan 6, 1997 (24)',3.2,'m','€','2021-06-09 17:45:26'),(131,'Bruno Méndez','Sep 10, 1999 (21)',1.8,'m','€','2021-06-09 17:45:26'),(131,'Caíque França','Jun 3, 1995 (26)',250,'th','€','2021-06-09 17:45:26'),(131,'Cássio','Jun 6, 1987 (34)',2,'m','€','2021-06-09 17:45:26'),(131,'Cauê','Nov 16, 2002 (18)',1,'m','€','2021-06-09 17:45:26'),(131,'Danilo Avelar','Jun 9, 1989 (31)',1.8,'m','€','2021-06-08 08:05:03'),(131,'Danilo Avelar','Jun 9, 1989 (32)',1.8,'m','€','2021-06-09 17:45:26'),(131,'Fábio Santos','Sep 16, 1985 (35)',650,'th','€','2021-06-09 17:45:26'),(131,'Fágner','Jun 11, 1989 (31)',3,'m','€','2021-06-09 17:45:26'),(131,'Gabriel','Jul 10, 1992 (28)',3,'m','€','2021-06-09 17:45:26'),(131,'Gabriel Pereira','Aug 1, 2001 (19)',700,'th','€','2021-06-09 17:45:26'),(131,'Gil','Jun 12, 1987 (33)',2.7,'m','€','2021-06-09 17:45:26'),(131,'Guilherme Camacho','Mar 2, 1990 (31)',900,'th','€','2021-06-09 17:45:26'),(131,'Guilherme Vicentini','May 25, 2000 (21)',50,'th','€','2021-06-09 17:45:26'),(131,'Gustavo Silva','Sep 7, 1997 (23)',1.5,'m','€','2021-06-09 17:45:26'),(131,'Jemerson','Aug 24, 1992 (28)',3,'m','€','2021-06-09 17:45:26'),(131,'Jô','Mar 20, 1987 (34)',1.5,'m','€','2021-06-09 17:45:26'),(131,'João Victor','Jul 17, 1998 (22)',800,'th','€','2021-06-09 17:45:26'),(131,'Léo Natel','Mar 14, 1997 (24)',1,'m','€','2021-06-09 17:45:26'),(131,'Léo Santos','Dec 9, 1998 (22)',2,'m','€','2021-06-09 17:45:26'),(131,'Luan','Mar 27, 1993 (28)',3.5,'m','€','2021-06-09 17:45:26'),(131,'Lucas Piton','Oct 9, 2000 (20)',5.5,'m','€','2021-06-09 17:45:26'),(131,'Mateus Vital','Feb 12, 1998 (23)',3.5,'m','€','2021-06-09 17:45:26'),(131,'Matheus Donelli','May 17, 2002 (19)',1,'m','€','2021-06-09 17:45:26'),(131,'Ramiro','May 22, 1993 (28)',2.3,'m','€','2021-06-09 17:45:26'),(131,'Raul Gustavo','Apr 24, 1999 (22)',1.5,'m','€','2021-06-09 17:45:26'),(131,'Rodrigo Varanda','Jan 11, 2003 (18)',500,'th','€','2021-06-09 17:45:26'),(131,'Rómulo Otero','Nov 9, 1992 (28)',2.2,'m','€','2021-06-09 17:45:26'),(131,'Roni','Apr 15, 1999 (22)',600,'th','€','2021-06-09 17:45:26'),(131,'Thiaguinho','Apr 11, 1997 (24)',1.1,'m','€','2021-06-09 17:45:26'),(131,'Víctor Cantillo','Oct 15, 1993 (27)',3.2,'m','€','2021-06-09 17:45:26'),(131,'Vitinho','Jan 4, 2000 (21)',100,'th','€','2021-06-09 17:45:26'),(131,'Xavier','Mar 2, 2000 (21)',800,'th','€','2021-06-09 17:45:26'),(132,'Alan Santos','Apr 24, 1991 (30)',400,'th','€','2021-06-09 17:45:27'),(132,'Anderson Leite','May 4, 1993 (28)',175,'th','€','2021-06-09 17:45:27'),(132,'Anselmo Ramon','Jun 23, 1988 (32)',400,'th','€','2021-06-09 17:45:27'),(132,'Brayan','Feb 11, 1998 (23)',100,'th','€','2021-06-09 17:45:27'),(132,'Bruno Silva','Mar 28, 2000 (21)',1.1,'m','€','2021-06-09 17:45:27'),(132,'Busanello','Oct 29, 1998 (22)',700,'th','€','2021-06-09 17:45:27'),(132,'Derlan','Feb 3, 1996 (25)',200,'th','€','2021-06-09 17:45:27'),(132,'Elias','Jul 12, 1995 (25)',100,'th','€','2021-06-09 17:45:27'),(132,'Ezequiel','Feb 22, 1993 (28)',450,'th','€','2021-06-09 17:45:27'),(132,'Fabinho','Nov 18, 1999 (21)',1.5,'m','€','2021-06-09 17:45:27'),(132,'Felipe Santana','Mar 17, 1986 (35)',100,'th','€','2021-06-09 17:45:27'),(132,'Fernandinho','Jul 19, 1997 (23)',400,'th','€','2021-06-09 17:45:27'),(132,'Geuvânio','Apr 5, 1992 (29)',1.1,'m','€','2021-06-09 17:45:27'),(132,'Guedes','Aug 9, 1999 (21)',100,'th','€','2021-06-09 17:45:27'),(132,'Hiago','Nov 4, 1997 (23)',50,'th','€','2021-06-09 17:45:27'),(132,'Ignácio','Dec 1, 1996 (24)',50,'th','€','2021-06-09 17:45:27'),(132,'João Paulo','Mar 8, 2001 (20)',50,'th','€','2021-06-09 17:45:27'),(132,'Joílson','May 25, 1991 (30)',250,'th','€','2021-06-09 17:45:27'),(132,'Kadu','Jul 20, 1986 (34)',100,'th','€','2021-06-09 17:45:27'),(132,'Kaio','Jan 11, 1996 (25)',300,'th','€','2021-06-09 17:45:27'),(132,'Keiller','Oct 29, 1996 (24)',50,'th','€','2021-06-09 17:45:27'),(132,'Laércio','Mar 22, 1993 (28)',400,'th','€','2021-06-09 17:45:27'),(132,'Léo Gomes','Apr 30, 1997 (24)',150,'th','€','2021-06-09 17:45:27'),(132,'Lima','May 9, 1999 (22)',100,'th','€','2021-06-09 17:45:27'),(132,'Lorhan','Jun 30, 2002 (18)',50,'th','€','2021-06-09 17:45:27'),(132,'Mancha','Feb 13, 2001 (20)',50,'th','€','2021-06-09 17:45:27'),(132,'Matheus Ribeiro','Feb 23, 1993 (28)',300,'th','€','2021-06-09 17:45:27'),(132,'Mike','Mar 8, 1993 (28)',600,'th','€','2021-06-09 17:45:27'),(132,'Moisés Ribeiro','Mar 3, 1991 (30)',300,'th','€','2021-06-09 17:45:27'),(132,'Perotti','Nov 22, 1997 (23)',1,'m','€','2021-06-09 17:45:27'),(132,'Ravanelli','Aug 29, 1997 (23)',1.5,'m','€','2021-06-09 17:45:27'),(132,'Régis','Jan 16, 1998 (23)',500,'th','€','2021-06-09 17:45:27'),(132,'Ronei','Feb 22, 1998 (23)',150,'th','€','2021-06-09 17:45:27'),(132,'Sivaldo','Feb 4, 2001 (20)',50,'th','€','2021-06-09 17:45:27'),(132,'Tharlis','Jan 7, 1998 (23)',50,'th','€','2021-06-09 17:45:27'),(132,'Thiago Ribeiro','Feb 24, 1986 (35)',300,'th','€','2021-06-09 17:45:27'),(132,'Tiago','Jan 16, 2004 (17)',100,'th','€','2021-06-09 17:45:27'),(132,'Tiepo','Feb 8, 1998 (23)',800,'th','€','2021-06-09 17:45:27'),(132,'Vagner','Aug 24, 1989 (31)',325,'th','€','2021-06-09 17:45:27'),(132,'Vinicius Foguinho','Jul 17, 2000 (20)',250,'th','€','2021-06-09 17:45:27'),(134,'Abner','May 27, 2000 (21)',7.5,'m','€','2021-06-09 17:45:24'),(134,'Anderson Paixão','Mar 5, 1998 (23)',200,'th','€','2021-06-09 17:45:24'),(134,'Bento','Jun 10, 1999 (21)',50,'th','€','2021-06-09 17:45:24'),(134,'Carlos Eduardo','Oct 10, 1996 (24)',3,'m','€','2021-06-09 17:45:24'),(134,'Christian','Dec 19, 2000 (20)',4.5,'m','€','2021-06-09 17:45:24'),(134,'David Terans','Aug 11, 1994 (26)',1.4,'m','€','2021-06-09 17:45:24'),(134,'Erick','Nov 14, 1997 (23)',1.5,'m','€','2021-06-09 17:45:24'),(134,'Felipe Aguilar','Jan 20, 1993 (28)',1.2,'m','€','2021-06-09 17:45:24'),(134,'Fernando Canesin','Feb 27, 1992 (29)',1.1,'m','€','2021-06-09 17:45:24'),(134,'Jádson','Oct 5, 1983 (37)',500,'th','€','2021-06-09 17:45:24'),(134,'Jaime Alvarado','Jul 26, 1999 (21)',450,'th','€','2021-06-09 17:45:24'),(134,'Jandrei','Mar 1, 1993 (28)',1,'m','€','2021-06-09 17:45:24'),(134,'Khellven','Feb 25, 2001 (20)',4.7,'m','€','2021-06-09 17:45:24'),(134,'Léo Cittadini','Feb 27, 1994 (27)',2,'m','€','2021-06-09 17:45:24'),(134,'Lucas Halter','May 2, 2000 (21)',4,'m','€','2021-06-09 17:45:24'),(134,'Marcinho','May 16, 1996 (25)',1,'m','€','2021-06-09 17:45:24'),(134,'Márcio Azevedo','Feb 5, 1986 (35)',600,'th','€','2021-06-09 17:45:24'),(134,'Matheus Babi','Jul 18, 1997 (23)',2,'m','€','2021-06-09 17:45:24'),(134,'Nicolas','Feb 24, 1997 (24)',700,'th','€','2021-06-09 17:45:24'),(134,'Nikão','Jul 29, 1992 (28)',1.4,'m','€','2021-06-09 17:45:24'),(134,'Pedro Henrique','Oct 2, 1995 (25)',2.5,'m','€','2021-06-09 17:45:24'),(134,'Reinaldo','Jun 6, 2001 (20)',750,'th','€','2021-06-09 17:45:24'),(134,'Renato Kayzer','Feb 17, 1996 (25)',2,'m','€','2021-06-09 17:45:24'),(134,'Richard','Feb 18, 1994 (27)',1.5,'m','€','2021-06-09 17:45:24'),(134,'Santos','Mar 17, 1990 (31)',2.5,'m','€','2021-06-09 17:45:24'),(134,'Thiago Heleno','Sep 17, 1988 (32)',1.6,'m','€','2021-06-09 17:45:24'),(134,'Vinicius Mingotti','Jan 7, 2000 (21)',800,'th','€','2021-06-09 17:45:24'),(134,'Vitinho','Apr 1, 1999 (22)',3.5,'m','€','2021-06-09 17:45:24'),(134,'Yago César','May 26, 1997 (24)',400,'th','€','2021-06-09 17:45:24'),(134,'Zé Ivaldo','Feb 21, 1997 (24)',750,'th','€','2021-06-09 17:45:24'),(144,'André','Apr 7, 2000 (21)',100,'th','€','2021-06-09 17:45:27'),(144,'André Luis','Apr 21, 1997 (24)',900,'th','€','2021-06-09 17:45:27'),(144,'Arnaldo','Apr 15, 1992 (29)',550,'th','€','2021-06-09 17:45:27'),(144,'Arthur Gomes','Jul 3, 1998 (22)',1.8,'m','€','2021-06-09 17:45:27'),(144,'Dudu','May 30, 1997 (24)',850,'th','€','2021-06-09 17:45:27'),(144,'Éder','Apr 5, 1995 (26)',850,'th','€','2021-06-09 17:45:27'),(144,'Fernando Miguel','Feb 2, 1985 (36)',650,'th','€','2021-06-09 17:45:27'),(144,'Gabriel Baralhas','Oct 10, 1998 (22)',100,'th','€','2021-06-09 17:45:27'),(144,'Igor Cariús','May 1, 1993 (28)',325,'th','€','2021-06-09 17:45:27'),(144,'Janderson','Feb 26, 1999 (22)',2,'m','€','2021-06-09 17:45:27'),(144,'João Paulo','May 4, 1990 (31)',650,'th','€','2021-06-09 17:45:27'),(144,'Leonardo','Feb 23, 1997 (24)',25,'th','€','2021-06-09 17:45:27'),(144,'Lucão','May 29, 2000 (21)',0,'m','€','2021-06-09 17:45:27'),(144,'Marlon Freitas','Mar 27, 1995 (26)',1,'m','€','2021-06-09 17:45:27'),(144,'Matheus Oliveira','Sep 28, 1997 (23)',50,'th','€','2021-06-09 17:45:27'),(144,'Mauricio Kozlinski','Jun 18, 1991 (29)',350,'th','€','2021-06-09 17:45:27'),(144,'Michel','Jan 6, 2001 (20)',50,'th','€','2021-06-09 17:45:27'),(144,'Natanael','Dec 25, 1990 (30)',1.3,'m','€','2021-06-09 17:45:27'),(144,'Nathan Silva','May 6, 1997 (24)',600,'th','€','2021-06-09 17:45:27'),(144,'Oliveira','Feb 2, 1996 (25)',400,'th','€','2021-06-09 17:45:27'),(144,'Pablo Dyego','Mar 8, 1994 (27)',350,'th','€','2021-06-09 17:45:27'),(144,'Willian Maranhão','Dec 14, 1995 (25)',700,'th','€','2021-06-09 17:45:27'),(144,'Zé Roberto','Sep 14, 1993 (27)',900,'th','€','2021-06-09 17:45:27'),(152,'Alyson','Apr 5, 1996 (25)',250,'th','€','2021-06-09 17:45:26'),(152,'Bruninho','Apr 27, 2000 (21)',500,'th','€','2021-06-09 17:45:26'),(152,'Capixaba','Jan 9, 1997 (24)',300,'th','€','2021-06-09 17:45:26'),(152,'Chico','May 16, 1991 (30)',600,'th','€','2021-06-09 17:45:26'),(152,'Cleberson','Aug 17, 1992 (28)',400,'th','€','2021-06-09 17:45:26'),(152,'Edwin Mosquera','Jun 27, 2001 (19)',300,'th','€','2021-06-09 17:45:26'),(152,'Eltinho','Jul 7, 1987 (33)',300,'th','€','2021-06-09 17:45:26'),(152,'Elton','Mar 17, 1990 (31)',500,'th','€','2021-06-09 17:45:26'),(152,'Fernando Pacheco','Jun 26, 1999 (21)',700,'th','€','2021-06-09 17:45:26'),(152,'Guilherme Castilho','Sep 19, 1999 (21)',600,'th','€','2021-06-09 17:45:26'),(152,'João Paulo','Feb 22, 1985 (36)',400,'th','€','2021-06-09 17:45:26'),(152,'Kelvin','Mar 7, 2000 (21)',50,'th','€','2021-06-09 17:45:26'),(152,'Marcelo Carné','Feb 6, 1990 (31)',150,'th','€','2021-06-09 17:45:26'),(152,'Marcos Vinicios','Feb 23, 2001 (20)',300,'th','€','2021-06-09 17:45:26'),(152,'Matheus Jesus','Apr 10, 1997 (24)',950,'th','€','2021-06-09 17:45:26'),(152,'Matheus Peixoto','Nov 16, 1995 (25)',700,'th','€','2021-06-09 17:45:26'),(152,'Matheuzinho','Feb 21, 1993 (28)',600,'th','€','2021-06-09 17:45:26'),(152,'Míchel','Feb 15, 1990 (31)',1,'m','€','2021-06-09 17:45:26'),(152,'Nicolas','Sep 23, 2000 (20)',50,'th','€','2021-06-09 17:45:26'),(152,'Paulo Henrique','Jul 25, 1996 (24)',150,'th','€','2021-06-09 17:45:26'),(152,'Rafael Forster','Jul 23, 1990 (30)',850,'th','€','2021-06-09 17:45:26'),(152,'Rafael Grampola','Apr 9, 1987 (34)',200,'th','€','2021-06-09 17:45:26'),(152,'Renan Bressan','Nov 3, 1988 (32)',300,'th','€','2021-06-09 17:45:26'),(152,'Roberson','Apr 2, 1989 (32)',200,'th','€','2021-06-09 17:45:26'),(152,'Vitor Mendes','Feb 13, 1999 (22)',200,'th','€','2021-06-09 17:45:26'),(152,'Wagner','Jan 29, 1985 (36)',100,'th','€','2021-06-09 17:45:26'),(152,'Wescley','Oct 11, 1991 (29)',400,'th','€','2021-06-09 17:45:26'),(152,'Willian','Jan 21, 1998 (23)',50,'th','€','2021-06-09 17:45:26'),(152,'Yago','Jul 7, 1995 (25)',800,'th','€','2021-06-09 17:45:26'),(154,'Bruno Melo','Oct 26, 1992 (28)',700,'th','€','2021-06-09 17:45:24'),(154,'Carlinhos','Nov 29, 1986 (34)',400,'th','€','2021-06-09 17:45:24'),(154,'Daniel Guedes','Apr 2, 1994 (27)',550,'th','€','2021-06-09 17:45:24'),(154,'David','Oct 17, 1995 (25)',1.3,'m','€','2021-06-09 17:45:24'),(154,'Éderson','Jul 7, 1999 (21)',4,'m','€','2021-06-09 17:45:24'),(154,'Felipe','Apr 10, 1994 (27)',900,'th','€','2021-06-09 17:45:24'),(154,'Felipe Alves','May 21, 1988 (33)',650,'th','€','2021-06-09 17:45:24'),(154,'Geilson','Jun 15, 2001 (19)',50,'th','€','2021-06-09 17:45:24'),(154,'Gustavo Blanco','Oct 3, 1994 (26)',750,'th','€','2021-06-09 17:45:24'),(154,'Gustavo Coutinho','Jan 19, 1999 (22)',200,'th','€','2021-06-09 17:45:24'),(154,'Igor Torres','Mar 11, 2000 (21)',25,'th','€','2021-06-09 17:45:24'),(154,'Isaque','Apr 22, 1997 (24)',1.3,'m','€','2021-06-09 17:45:24'),(154,'Jackson','May 1, 1990 (31)',600,'th','€','2021-06-09 17:45:24'),(154,'João Paulo','Jul 4, 1997 (23)',50,'th','€','2021-06-09 17:45:24'),(154,'Juan Quintero','Mar 23, 1995 (26)',750,'th','€','2021-06-09 17:45:24'),(154,'Kennedy','Dec 8, 1999 (21)',50,'th','€','2021-06-09 17:45:24'),(154,'Lucas Crispim','Apr 19, 1994 (27)',300,'th','€','2021-06-09 17:45:24'),(154,'Luiz Henrique','Mar 18, 1999 (22)',75,'th','€','2021-06-09 17:45:24'),(154,'Marcelo Benevenuto','Jan 7, 1996 (25)',800,'th','€','2021-06-09 17:45:24'),(154,'Marcelo Boeck','Nov 28, 1984 (36)',200,'th','€','2021-06-09 17:45:24'),(154,'Mariano Vázquez','Dec 20, 1992 (28)',550,'th','€','2021-06-09 17:45:24'),(154,'Matheus Jussa','Mar 22, 1996 (25)',500,'th','€','2021-06-09 17:45:24'),(154,'Matheus Vargas','Jun 18, 1996 (24)',400,'th','€','2021-06-09 17:45:24'),(154,'Max Walef','Oct 23, 1993 (27)',50,'th','€','2021-06-09 17:45:24'),(154,'Osvaldo','Apr 11, 1987 (34)',500,'th','€','2021-06-09 17:45:24'),(154,'Pablo','Jan 26, 1997 (24)',25,'th','€','2021-06-09 17:45:24'),(154,'Robson','May 30, 1991 (30)',850,'th','€','2021-06-09 17:45:24'),(154,'Romarinho','Mar 1, 1994 (27)',950,'th','€','2021-06-09 17:45:24'),(154,'Ronald','Jun 18, 1997 (23)',400,'th','€','2021-06-09 17:45:24'),(154,'Tinga','Sep 1, 1993 (27)',700,'th','€','2021-06-09 17:45:24'),(154,'Titi','Mar 12, 1988 (33)',250,'th','€','2021-06-09 17:45:24'),(154,'Vinicius','Nov 6, 1999 (21)',50,'th','€','2021-06-09 17:45:24'),(154,'Vitor Ricardo','Apr 14, 2000 (21)',50,'th','€','2021-06-09 17:45:24'),(154,'Wanderson','Feb 7, 1991 (30)',350,'th','€','2021-06-09 17:45:24'),(154,'Wandson','Sep 5, 1999 (21)',0,'m','€','2021-06-09 17:45:24'),(154,'Wellington Nem','Feb 6, 1992 (29)',800,'th','€','2021-06-09 17:45:24'),(154,'Wellington Paulista','Apr 22, 1984 (37)',500,'th','€','2021-06-09 17:45:24'),(154,'Yago Pikachu','Jun 5, 1992 (29)',1.4,'m','€','2021-06-09 17:45:24'),(434,'Brahian Alemán','Dec 23, 1989 (31)',800,'th','€','2021-06-09 17:44:26'),(434,'Bruno Palazzo','Nov 18, 2000 (20)',0,'m','€','2021-06-09 17:44:26'),(434,'Emanuel Cecchini','Dec 24, 1996 (24)',725,'th','€','2021-06-09 17:44:26'),(434,'Eric Ramírez','Sep 21, 1996 (24)',500,'th','€','2021-06-09 17:44:26'),(434,'Germán Guiffrey','Dec 31, 1997 (23)',450,'th','€','2021-06-09 17:44:26'),(434,'Harrinson Mancilla','Dec 22, 1991 (29)',600,'th','€','2021-06-09 17:44:26'),(434,'Horacio Tijanovich','Feb 28, 1996 (25)',250,'th','€','2021-06-09 17:44:26'),(434,'Ignacio Miramón','Jun 12, 2003 (17)',0,'m','€','2021-06-09 17:44:26'),(434,'Johan Carbonero','Jul 20, 1999 (21)',1.5,'m','€','2021-06-09 17:44:26'),(434,'Lautaro Chávez','Jan 17, 2001 (20)',100,'th','€','2021-06-09 17:44:26'),(434,'Leonardo Morales','Apr 11, 1991 (30)',350,'th','€','2021-06-09 17:44:26'),(434,'Lucas Barrios','Nov 13, 1984 (36)',250,'th','€','2021-06-09 17:44:26'),(434,'Lucas Licht','Apr 6, 1981 (40)',50,'th','€','2021-06-09 17:44:26'),(434,'Marcelo Weigandt','Jan 11, 2000 (21)',1.3,'m','€','2021-06-09 17:44:26'),(434,'Matías Melluso','Jun 9, 1998 (22)',1.2,'m','€','2021-06-08 08:06:56'),(434,'Matías Melluso','Jun 9, 1998 (23)',1.2,'m','€','2021-06-09 17:44:26'),(434,'Matías Miranda','May 5, 2000 (21)',350,'th','€','2021-06-09 17:44:26'),(434,'Matías Pérez García','Oct 13, 1984 (36)',175,'th','€','2021-06-09 17:44:26'),(434,'Maximiliano Comba','Jan 16, 1994 (27)',300,'th','€','2021-06-09 17:44:26'),(434,'Maximiliano Coronel','Apr 28, 1989 (32)',350,'th','€','2021-06-09 17:44:26'),(434,'Nelson Insfrán','May 24, 1995 (26)',50,'th','€','2021-06-09 17:44:26'),(434,'Nicolás Colazo','Jul 8, 1990 (30)',275,'th','€','2021-06-09 17:44:26'),(434,'Nicolás Contin','Dec 7, 1995 (25)',750,'th','€','2021-06-09 17:44:26'),(434,'Rodrigo Rey','Mar 8, 1991 (30)',750,'th','€','2021-06-09 17:44:26'),(434,'Sebastián Cocimano','May 19, 2000 (21)',250,'th','€','2021-06-09 17:44:26'),(434,'Tomás Durso','Feb 26, 1999 (22)',50,'th','€','2021-06-09 17:44:26'),(434,'Tomás Fernández','May 18, 1999 (22)',25,'th','€','2021-06-09 17:44:26'),(434,'Víctor Ayala','Jan 1, 1988 (33)',500,'th','€','2021-06-09 17:44:26'),(435,'Agustín Fontana','Jun 11, 1996 (24)',2.2,'m','€','2021-06-09 17:44:25'),(435,'Agustín Palavecino','Nov 9, 1996 (24)',1.8,'m','€','2021-06-09 17:44:25'),(435,'Alex Vigo','Apr 28, 1999 (22)',4.7,'m','€','2021-06-09 17:44:25'),(435,'Benjamín Rollheiser','Mar 24, 2000 (21)',700,'th','€','2021-06-09 17:44:25'),(435,'Bruno Zuculini','Apr 2, 1993 (28)',3,'m','€','2021-06-09 17:44:25'),(435,'Enrique Bologna','Feb 13, 1982 (39)',150,'th','€','2021-06-09 17:44:25'),(435,'Enzo Pérez','Feb 22, 1986 (35)',2,'m','€','2021-06-09 17:44:25'),(435,'Fabrizio Angileri','Mar 15, 1994 (27)',2.8,'m','€','2021-06-09 17:44:25'),(435,'Federico Girotti','Jun 2, 1999 (22)',1,'m','€','2021-06-09 17:44:25'),(435,'Felipe Peña Biafore','Apr 5, 2001 (20)',0,'m','€','2021-06-09 17:44:25'),(435,'Franco Armani','Oct 16, 1986 (34)',6,'m','€','2021-06-09 17:44:25'),(435,'Germán Lux','Jul 6, 1982 (38)',100,'th','€','2021-06-09 17:44:25'),(435,'Gonzalo Montiel','Jan 1, 1997 (24)',12.5,'m','€','2021-06-09 17:44:25'),(435,'Héctor Martínez','Jan 21, 1998 (23)',3.5,'m','€','2021-06-09 17:44:25'),(435,'Javier Pinola','Feb 24, 1983 (38)',700,'th','€','2021-06-09 17:44:25'),(435,'Jonatan Maidana','Jul 29, 1985 (35)',800,'th','€','2021-06-09 17:44:25'),(435,'Jorge Carrascal','May 25, 1998 (23)',8,'m','€','2021-06-09 17:44:25'),(435,'Jorge Moreira','Feb 1, 1990 (31)',800,'th','€','2021-06-09 17:44:25'),(435,'José Paradela','Dec 15, 1998 (22)',1.5,'m','€','2021-06-09 17:44:25'),(435,'Julián Álvarez','Jan 31, 2000 (21)',12,'m','€','2021-06-09 17:44:25'),(435,'Leonardo Ponzio','Jan 29, 1982 (39)',250,'th','€','2021-06-09 17:44:25'),(435,'Lucas Beltrán','Mar 20, 2001 (20)',500,'th','€','2021-06-09 17:44:25'),(435,'Matías Suárez','May 9, 1988 (33)',3.2,'m','€','2021-06-09 17:44:25'),(435,'Milton Casco','Apr 11, 1988 (33)',2.2,'m','€','2021-06-09 17:44:25'),(435,'Nicolás De La Cruz','Jun 1, 1997 (24)',18,'m','€','2021-06-09 17:44:25'),(435,'Paulo Díaz','Aug 25, 1994 (26)',5.2,'m','€','2021-06-09 17:44:25'),(435,'Robert Rojas','Apr 30, 1996 (25)',5.3,'m','€','2021-06-09 17:44:25'),(435,'Santiago Simón','Jun 13, 2002 (18)',550,'th','€','2021-06-09 17:44:25'),(435,'Santos Borré','Sep 15, 1995 (25)',15,'m','€','2021-06-09 17:44:25'),(436,'Alexis Soto','Oct 20, 1993 (27)',1.4,'m','€','2021-06-09 17:44:21'),(436,'Aníbal Moreno','May 13, 1999 (22)',4,'m','€','2021-06-09 17:44:21'),(436,'Benjamín Garré','Jul 11, 2000 (20)',300,'th','€','2021-06-09 17:44:21'),(436,'Carlos Alcaraz','Nov 30, 2002 (18)',1.5,'m','€','2021-06-09 17:44:21'),(436,'Darío Cvitanich','May 16, 1984 (37)',600,'th','€','2021-06-09 17:44:21'),(436,'Enzo Copetti','Jan 16, 1996 (25)',100,'th','€','2021-06-09 17:44:21'),(436,'Eugenio Mena','Jul 18, 1988 (32)',850,'th','€','2021-06-09 17:44:21'),(436,'Ezequiel Schelotto','May 23, 1989 (32)',1,'m','€','2021-06-09 17:44:21'),(436,'Fabricio Domínguez','Jun 24, 1998 (22)',600,'th','€','2021-06-09 17:44:21'),(436,'Gabriel Arias','Sep 13, 1987 (33)',2.9,'m','€','2021-06-09 17:44:21'),(436,'Gastón Gómez','Mar 4, 1996 (25)',200,'th','€','2021-06-09 17:44:21'),(436,'Héctor Fértoli','Dec 3, 1994 (26)',2,'m','€','2021-06-09 17:44:21'),(436,'Ignacio Piatti','Feb 4, 1985 (36)',1.2,'m','€','2021-06-09 17:44:21'),(436,'Iván Maggi','Jun 14, 1999 (21)',100,'th','€','2021-06-09 17:44:21'),(436,'Iván Pillud','Apr 24, 1986 (35)',200,'th','€','2021-06-09 17:44:21'),(436,'Joaquín Novillo','Feb 19, 1998 (23)',625,'th','€','2021-06-09 17:44:21'),(436,'Juan José Cáceres','Jun 1, 2000 (21)',125,'th','€','2021-06-09 17:44:21'),(436,'Julián López','Jan 8, 2000 (21)',200,'th','€','2021-06-09 17:44:21'),(436,'Kevin Gutiérrez','Jun 3, 1997 (24)',950,'th','€','2021-06-09 17:44:21'),(436,'Leonardo Sigali','May 29, 1987 (34)',1.4,'m','€','2021-06-09 17:44:21'),(436,'Leonel Miranda','Jan 7, 1994 (27)',2.5,'m','€','2021-06-09 17:44:21'),(436,'Lorenzo Melgarejo','Aug 10, 1990 (30)',2.5,'m','€','2021-06-09 17:44:21'),(436,'Lucas Orbán','Feb 3, 1989 (32)',900,'th','€','2021-06-09 17:44:21'),(436,'Marcelo Díaz','Dec 30, 1986 (34)',1.3,'m','€','2021-06-09 17:44:21'),(436,'Matías Rojas','Nov 3, 1995 (25)',5.3,'m','€','2021-06-09 17:44:21'),(436,'Matías Tagliamonte','Feb 19, 1998 (23)',75,'th','€','2021-06-09 17:44:21'),(436,'Mauricio Martínez','Feb 20, 1993 (28)',425,'th','€','2021-06-09 17:44:21'),(436,'Maximiliano Cuadra','Jun 6, 1995 (26)',550,'th','€','2021-06-09 17:44:21'),(436,'Maximiliano Lovera','Mar 9, 1999 (22)',2.2,'m','€','2021-06-09 17:44:21'),(436,'Nery Domínguez','Apr 9, 1990 (31)',1.9,'m','€','2021-06-09 17:44:21'),(436,'Nicolás Reniero','Mar 18, 1995 (26)',3,'m','€','2021-06-09 17:44:21'),(436,'Tomás Chancalay','Jan 1, 1999 (22)',3.2,'m','€','2021-06-09 17:44:21'),(437,'Alan Marinelli','Apr 7, 1999 (22)',2,'m','€','2021-06-09 17:44:24'),(437,'Damián Martínez','Jan 31, 1990 (31)',1,'m','€','2021-06-09 17:44:24'),(437,'Diego Zabala','Sep 19, 1991 (29)',1.5,'m','€','2021-06-09 17:44:24'),(437,'Emiliano Vecchio','Nov 16, 1988 (32)',800,'th','€','2021-06-09 17:44:24'),(437,'Emmanuel Ojeda','Nov 5, 1997 (23)',300,'th','€','2021-06-09 17:44:24'),(437,'Fabián Rinaudo','May 8, 1987 (34)',650,'th','€','2021-06-09 17:44:24'),(437,'Facundo Almada','Jul 10, 1998 (22)',600,'th','€','2021-06-09 17:44:24'),(437,'Fernando Torrent','Oct 2, 1991 (29)',350,'th','€','2021-06-09 17:44:24'),(437,'Francesco Lo Celso','Mar 5, 2000 (21)',350,'th','€','2021-06-09 17:44:24'),(437,'Gastón Ávila','Sep 30, 2001 (19)',2.5,'m','€','2021-06-09 17:44:24'),(437,'Ignacio Russo','Dec 13, 2000 (20)',50,'th','€','2021-06-09 17:44:24'),(437,'Joan Mazzaco','Apr 25, 2000 (21)',25,'th','€','2021-06-09 17:44:24'),(437,'Joaquín Laso','Jul 4, 1990 (30)',1,'m','€','2021-06-09 17:44:24'),(437,'Jorge Broun','May 26, 1986 (35)',400,'th','€','2021-06-09 17:44:24'),(437,'Josué Ayala','May 30, 1988 (33)',125,'th','€','2021-06-09 17:44:24'),(437,'Juan Pablo Romero','Jun 2, 1998 (23)',100,'th','€','2021-06-09 17:44:24'),(437,'Lautaro Blanco','Feb 19, 1999 (22)',250,'th','€','2021-06-09 17:44:24'),(437,'Lautaro Giaccone','Feb 1, 2001 (20)',50,'th','€','2021-06-09 17:44:24'),(437,'Luca Martínez Dupuy','Jun 5, 2001 (20)',75,'th','€','2021-06-09 17:44:24'),(437,'Lucas Gamba','Jun 24, 1987 (33)',1.1,'m','€','2021-06-09 17:44:24'),(437,'Luciano Ferreyra','Feb 19, 2002 (19)',400,'th','€','2021-06-09 17:44:24'),(437,'Marco Ruben','Oct 26, 1986 (34)',500,'th','€','2021-06-09 17:44:24'),(437,'Martín Rabuñal','Apr 22, 1994 (27)',1,'m','€','2021-06-09 17:44:24'),(437,'Mateo Tanlongo','Aug 12, 2003 (17)',50,'th','€','2021-06-09 17:44:24'),(437,'Nicolás Ferreyra','Mar 30, 1993 (28)',75,'th','€','2021-06-09 17:44:24'),(437,'Patricio Cucchi','May 3, 1993 (28)',500,'th','€','2021-06-09 17:44:24'),(437,'Rafael Sangiovani','Mar 31, 1998 (23)',50,'th','€','2021-06-09 17:44:24'),(437,'Rodrigo Villagra','Feb 14, 2001 (20)',350,'th','€','2021-06-09 17:44:24'),(438,'Agustín Bouzat','Mar 28, 1994 (27)',2.5,'m','€','2021-06-09 17:44:22'),(438,'Agustín Mulet','Feb 22, 2000 (21)',250,'th','€','2021-06-09 17:44:22'),(438,'Alexander Domínguez','Jun 5, 1987 (34)',500,'th','€','2021-06-09 17:44:22'),(438,'Cristian Tarragona','Apr 9, 1991 (30)',1.6,'m','€','2021-06-09 17:44:22'),(438,'Damián Fernández','Jan 2, 2002 (19)',0,'m','€','2021-06-09 17:44:22'),(438,'Federico Mancuello','Mar 26, 1989 (32)',750,'th','€','2021-06-09 17:44:22'),(438,'Florián Monzón','Jan 3, 2001 (20)',250,'th','€','2021-06-09 17:44:22'),(438,'Francisco Ortega','Mar 19, 1999 (22)',4,'m','€','2021-06-09 17:44:22'),(438,'Gerónimo Poblete','Jan 2, 1993 (28)',800,'th','€','2021-06-09 17:44:22'),(438,'Hernán De La Fuente','Jan 7, 1997 (24)',1.8,'m','€','2021-06-09 17:44:22'),(438,'Juan Martín Lucero','Nov 30, 1991 (29)',675,'th','€','2021-06-09 17:44:22'),(438,'Lautaro Giannetti','Nov 13, 1993 (27)',3,'m','€','2021-06-09 17:44:22'),(438,'Luca Orellano','Mar 22, 2000 (21)',2.5,'m','€','2021-06-09 17:44:22'),(438,'Lucas Hoyos','Apr 29, 1989 (32)',900,'th','€','2021-06-09 17:44:22'),(438,'Lucas Janson','Aug 16, 1994 (26)',4.2,'m','€','2021-06-09 17:44:22'),(438,'Luis Abram','Feb 27, 1996 (25)',6.8,'m','€','2021-06-09 17:44:22'),(438,'Matías Borgogno','Aug 21, 1998 (22)',150,'th','€','2021-06-09 17:44:22'),(438,'Matías De los Santos','Nov 22, 1992 (28)',700,'th','€','2021-06-09 17:44:22'),(438,'Miguel Brizuela','Jan 15, 1997 (24)',400,'th','€','2021-06-09 17:44:22'),(438,'Pablo Galdames','Dec 30, 1996 (24)',2.7,'m','€','2021-06-09 17:44:22'),(438,'Ricardo Álvarez','Apr 12, 1988 (33)',1,'m','€','2021-06-09 17:44:22'),(438,'Ricardo Centurión','Jan 19, 1993 (28)',2.2,'m','€','2021-06-09 17:44:22'),(438,'Santiago Cáseres','Feb 25, 1997 (24)',4.8,'m','€','2021-06-09 17:44:22'),(438,'Thiago Almada','Apr 26, 2001 (20)',20,'m','€','2021-06-09 17:44:22'),(438,'Tomás Cavanagh','Jan 5, 2001 (20)',50,'th','€','2021-06-09 17:44:22'),(438,'Tomás Guidara','Mar 13, 1996 (25)',3.5,'m','€','2021-06-09 17:44:22'),(439,'Agustín Álvarez','Jan 8, 2000 (21)',75,'th','€','2021-06-09 17:44:28'),(439,'Alan Cantero','Jun 28, 1998 (22)',75,'th','€','2021-06-09 17:44:28'),(439,'Augusto Aguirre','Aug 2, 1999 (21)',50,'th','€','2021-06-09 17:44:28'),(439,'Cristian Colmán','Feb 26, 1994 (27)',500,'th','€','2021-06-09 17:44:28'),(439,'Damián Pérez','Dec 22, 1988 (32)',450,'th','€','2021-06-09 17:44:28'),(439,'Elías López','Jul 8, 2000 (20)',300,'th','€','2021-06-09 17:44:28'),(439,'Ezequiel Bullaude','Oct 26, 2000 (20)',400,'th','€','2021-06-09 17:44:28'),(439,'Ezequiel Cirigliano','Jan 24, 1992 (29)',300,'th','€','2021-06-09 17:44:28'),(439,'Fabián Henríquez','Jun 8, 1995 (26)',400,'th','€','2021-06-09 17:44:28'),(439,'Gianluca Ferrari','Jun 30, 1997 (23)',1.4,'m','€','2021-06-09 17:44:28'),(439,'Gonzalo Abrego','Jan 7, 2000 (21)',75,'th','€','2021-06-09 17:44:28'),(439,'Gonzalo Goñi','Aug 16, 1998 (22)',525,'th','€','2021-06-09 17:44:28'),(439,'Hugo Silva','Feb 4, 1992 (29)',225,'th','€','2021-06-09 17:44:28'),(439,'Ian Escobar','May 29, 1996 (25)',250,'th','€','2021-06-09 17:44:28'),(439,'Jeison Chalá','Dec 8, 1994 (26)',600,'th','€','2021-06-09 17:44:28'),(439,'Juan Espínola','Nov 20, 1994 (26)',250,'th','€','2021-06-09 17:44:28'),(439,'Leonel González','Mar 15, 1994 (27)',325,'th','€','2021-06-09 17:44:28'),(439,'Luciano Pizarro','Jul 14, 1997 (23)',75,'th','€','2021-06-09 17:44:28'),(439,'Martín Ojeda','Nov 27, 1998 (22)',450,'th','€','2021-06-09 17:44:28'),(439,'Matías González','Mar 7, 1999 (22)',50,'th','€','2021-06-09 17:44:28'),(439,'Matías Ramírez','Mar 14, 1999 (22)',100,'th','€','2021-06-09 17:44:28'),(439,'Mauro dos Santos','Jul 7, 1989 (31)',450,'th','€','2021-06-09 17:44:28'),(439,'Nelson Ibáñez','Nov 13, 1981 (39)',75,'th','€','2021-06-09 17:44:28'),(439,'Renzo Tesuri','Jun 7, 1996 (25)',350,'th','€','2021-06-09 17:44:28'),(439,'Roberto Ramírez','Jul 7, 1996 (24)',450,'th','€','2021-06-09 17:44:28'),(439,'Sebastián Lomónaco','Sep 17, 1998 (22)',400,'th','€','2021-06-09 17:44:28'),(439,'Tomás Badaloni','May 2, 2000 (21)',2.8,'m','€','2021-06-09 17:44:28'),(439,'Valentín Burgoa','Aug 16, 2000 (20)',1,'m','€','2021-06-09 17:44:28'),(439,'Wilder Cartagena','Sep 23, 1994 (26)',800,'th','€','2021-06-09 17:44:28'),(441,'Brian Blasi','Feb 8, 1996 (25)',350,'th','€','2021-06-09 17:44:22'),(441,'Claudio Corvalán','Mar 23, 1989 (32)',425,'th','€','2021-06-09 17:44:22'),(441,'Cristian Insaurralde','Jul 20, 1991 (29)',250,'th','€','2021-06-09 17:44:22'),(441,'Daniel Juárez','Jul 30, 2001 (19)',300,'th','€','2021-06-09 17:44:22'),(441,'Enzo Roldán','Dec 7, 2000 (20)',50,'th','€','2021-06-09 17:44:22'),(441,'Federico Bonansea','Mar 13, 1998 (23)',50,'th','€','2021-06-09 17:44:22'),(441,'Federico Vera','Mar 24, 1998 (23)',75,'th','€','2021-06-09 17:44:22'),(441,'Fernando Márquez','Dec 10, 1987 (33)',900,'th','€','2021-06-09 17:44:22'),(441,'Francisco Gerometta','Sep 1, 1999 (21)',150,'th','€','2021-06-09 17:44:22'),(441,'Franco Calderón','May 13, 1998 (23)',150,'th','€','2021-06-09 17:44:22'),(441,'Gastón Comas','Jun 13, 1998 (22)',150,'th','€','2021-06-09 17:44:22'),(441,'Gastón González','Jun 27, 2001 (19)',450,'th','€','2021-06-09 17:44:22'),(441,'Imanol Machuca','Jan 15, 2000 (21)',0,'m','€','2021-06-09 17:44:22'),(441,'Jonathan Galván','Jun 25, 1992 (28)',650,'th','€','2021-06-09 17:44:22'),(441,'Juan Carlos Portillo','May 18, 2000 (21)',0,'m','€','2021-06-09 17:44:22'),(441,'Juan Ignacio Nardoni','Jul 14, 2002 (18)',500,'th','€','2021-06-09 17:44:22'),(441,'Juan Manuel García','Nov 14, 1992 (28)',550,'th','€','2021-06-09 17:44:22'),(441,'Kevin Zenón','Jul 29, 2001 (19)',0,'m','€','2021-06-09 17:44:22'),(441,'Marco Borgnino','Oct 25, 1997 (23)',225,'th','€','2021-06-09 17:44:22'),(441,'Martín Cañete','Jun 17, 1999 (21)',250,'th','€','2021-06-09 17:44:22'),(441,'Matias Nani','Mar 26, 1998 (23)',500,'th','€','2021-06-09 17:44:22'),(441,'Mauro Luna Diale','Apr 26, 1999 (22)',675,'th','€','2021-06-09 17:44:22'),(441,'Mauro Pittón','Aug 8, 1994 (26)',1.5,'m','€','2021-06-09 17:44:22'),(441,'Nelson Acevedo','Jul 11, 1988 (32)',300,'th','€','2021-06-09 17:44:22'),(441,'Nery Leyes','Sep 5, 1989 (31)',250,'th','€','2021-06-09 17:44:22'),(441,'Nicolás Andereggen','Sep 22, 1999 (21)',200,'th','€','2021-06-09 17:44:22'),(441,'Nicolás Peñailillo','Jun 13, 1991 (29)',450,'th','€','2021-06-09 17:44:22'),(441,'Sebastián Moyano','Aug 26, 1990 (30)',350,'th','€','2021-06-09 17:44:22'),(442,'Adonis Frías','Mar 17, 1998 (23)',2.5,'m','€','2021-06-09 17:44:22'),(442,'Agustín Sienra','Jul 14, 1999 (21)',50,'th','€','2021-06-09 17:44:22'),(442,'Braian Romero','Jun 15, 1991 (29)',4,'m','€','2021-06-09 17:44:22'),(442,'Carlos Rotondi','Mar 12, 1997 (24)',500,'th','€','2021-06-09 17:44:22'),(442,'Ciro Rius','Oct 27, 1988 (32)',800,'th','€','2021-06-09 17:44:22'),(442,'Emanuel Brítez','Mar 26, 1992 (29)',1.4,'m','€','2021-06-09 17:44:22'),(442,'Enzo Fernández','Jan 17, 2001 (20)',4,'m','€','2021-06-09 17:44:22'),(442,'Eugenio Isnaldo','Jan 7, 1994 (27)',1.5,'m','€','2021-06-09 17:44:22'),(442,'Ezequiel Unsain','Mar 9, 1995 (26)',3.5,'m','€','2021-06-09 17:44:22'),(442,'Fernando Meza','Mar 21, 1990 (31)',1.5,'m','€','2021-06-09 17:44:22'),(442,'Francisco Pizzini','Sep 19, 1993 (27)',1.5,'m','€','2021-06-09 17:44:22'),(442,'Franco Paredes','Mar 18, 1999 (22)',2,'m','€','2021-06-09 17:44:22'),(442,'Gabriel Hachen','Oct 16, 1990 (30)',450,'th','€','2021-06-09 17:44:22'),(442,'José González','Feb 24, 1999 (22)',50,'th','€','2021-06-09 17:44:22'),(442,'Juan Rodríguez','Feb 28, 1994 (27)',800,'th','€','2021-06-09 17:44:22'),(442,'Lautaro Escalante','Jul 2, 1999 (21)',75,'th','€','2021-06-09 17:44:22'),(442,'Marcelo Benítez','Jan 13, 1991 (30)',400,'th','€','2021-06-09 17:44:22'),(442,'Marcos Ledesma','Sep 15, 1996 (24)',350,'th','€','2021-06-09 17:44:22'),(442,'Matías Rodríguez','Apr 14, 1986 (35)',400,'th','€','2021-06-09 17:44:22'),(442,'Mauricio Duarte','Jun 24, 1992 (28)',350,'th','€','2021-06-09 17:44:22'),(442,'Maximiliano Luayza','Apr 15, 2002 (19)',75,'th','€','2021-06-09 17:44:22'),(442,'Miguel Merentiel','Feb 24, 1996 (25)',600,'th','€','2021-06-09 17:44:22'),(442,'Nahuel Gallardo','May 9, 1998 (23)',900,'th','€','2021-06-09 17:44:22'),(442,'Néstor Breitenbruch','Sep 13, 1995 (25)',650,'th','€','2021-06-09 17:44:22'),(442,'Nicolás Tripichio','Jan 5, 1996 (25)',500,'th','€','2021-06-09 17:44:22'),(442,'Raúl Loaiza','Jun 8, 1994 (27)',1,'m','€','2021-06-09 17:44:22'),(442,'Rodrigo Herrera','Aug 2, 2000 (20)',75,'th','€','2021-06-09 17:44:22'),(442,'Tomás Martínez','Mar 7, 1995 (26)',2,'m','€','2021-06-09 17:44:22'),(442,'Tomás Ortiz','Mar 10, 2000 (21)',50,'th','€','2021-06-09 17:44:22'),(442,'Valentín Larralde','Nov 15, 2000 (20)',1.5,'m','€','2021-06-09 17:44:22'),(442,'Walter Bou','Aug 25, 1993 (27)',1.8,'m','€','2021-06-09 17:44:22'),(444,'Agustín Pastorelli','Sep 9, 1997 (23)',250,'th','€','2021-06-09 17:44:24'),(444,'Brian Nievas','Apr 28, 1998 (23)',75,'th','€','2021-06-09 17:44:24'),(444,'Bruno Urribarri','Nov 6, 1986 (34)',50,'th','€','2021-06-09 17:44:24'),(444,'Damián Lemos','Jan 31, 1989 (32)',200,'th','€','2021-06-09 17:44:24'),(444,'Dylan Gissi','Apr 27, 1991 (30)',275,'th','€','2021-06-09 17:44:24'),(444,'Faustino Dettler','Jun 11, 1998 (22)',325,'th','€','2021-06-09 17:44:24'),(444,'Franco Leys','Oct 18, 1993 (27)',250,'th','€','2021-06-09 17:44:24'),(444,'Franco Rivasseau','Jul 10, 1997 (23)',25,'th','€','2021-06-09 17:44:24'),(444,'Gabriel Gudiño','Mar 19, 1992 (29)',200,'th','€','2021-06-09 17:44:24'),(444,'Gustavo Canto','Feb 25, 1994 (27)',325,'th','€','2021-06-09 17:44:24'),(444,'Héctor Canteros','Mar 15, 1989 (32)',400,'th','€','2021-06-09 17:44:24'),(444,'José Barreto','Feb 22, 2000 (21)',150,'th','€','2021-06-09 17:44:24'),(444,'Juan Pablo Barinaga','Jun 13, 2000 (20)',50,'th','€','2021-06-09 17:44:24'),(444,'Junior Arias','May 17, 1993 (28)',900,'th','€','2021-06-09 17:44:24'),(444,'Lautaro Comas','Jan 15, 1995 (26)',300,'th','€','2021-06-09 17:44:24'),(444,'Lautaro Geminiani','Mar 2, 1991 (30)',75,'th','€','2021-06-09 17:44:24'),(444,'Lautaro Torres','Sep 28, 1996 (24)',275,'th','€','2021-06-09 17:44:24'),(444,'Leandro Marín','Jan 22, 1992 (29)',275,'th','€','2021-06-09 17:44:24'),(444,'Lucas Kruspzky','Apr 6, 1992 (29)',150,'th','€','2021-06-09 17:44:24'),(444,'Martín Garay','Jun 12, 1999 (21)',500,'th','€','2021-06-09 17:44:24'),(444,'Matías Ibáñez','Dec 16, 1986 (34)',350,'th','€','2021-06-09 17:44:24'),(444,'Matías Palavecino','May 23, 1998 (23)',0,'m','€','2021-06-09 17:44:24'),(444,'Neri Bandiera','Jul 3, 1989 (31)',25,'th','€','2021-06-09 17:44:24'),(444,'Nicolás Delgadillo','Oct 2, 1997 (23)',250,'th','€','2021-06-09 17:44:24'),(444,'Nicolas Franco','Apr 29, 1996 (25)',100,'th','€','2021-06-09 17:44:24'),(444,'Oliver Benítez','Jun 7, 1991 (30)',325,'th','€','2021-06-09 17:44:24'),(444,'Rolando García','Feb 10, 1990 (31)',250,'th','€','2021-06-09 17:44:24'),(444,'Sebastián Sosa','Mar 13, 1994 (27)',300,'th','€','2021-06-09 17:44:24'),(444,'Sergio Ojeda','Jan 4, 1992 (29)',450,'th','€','2021-06-09 17:44:24'),(445,'Agostino Spina','Oct 31, 2001 (19)',0,'m','€','2021-06-09 17:44:21'),(445,'Agustín Curruhinca','Jan 6, 2000 (21)',100,'th','€','2021-06-09 17:44:21'),(445,'Andrés Chávez','Mar 21, 1991 (30)',1.8,'m','€','2021-06-09 17:44:21'),(445,'Braian Maidana','Jul 22, 1999 (21)',50,'th','€','2021-06-09 17:44:21'),(445,'Claudio Yacob','Jul 18, 1987 (33)',800,'th','€','2021-06-09 17:44:21'),(445,'Cristian Núñez','Aug 12, 2000 (20)',100,'th','€','2021-06-09 17:44:21'),(445,'Diego Mendoza','Sep 30, 1992 (28)',250,'th','€','2021-06-09 17:44:21'),(445,'Diego Mercado','Jan 3, 1997 (24)',75,'th','€','2021-06-09 17:44:21'),(445,'Esteban Rolón','Mar 25, 1995 (26)',500,'th','€','2021-06-09 17:44:21'),(445,'Ezequiel Bonifacio','May 9, 1994 (27)',1,'m','€','2021-06-09 17:44:21'),(445,'Ezequiel Navarro','Jul 6, 2001 (19)',100,'th','€','2021-06-09 17:44:21'),(445,'Facundo Cambeses','Apr 9, 1997 (24)',1.5,'m','€','2021-06-09 17:44:21'),(445,'Federico Marín','Mar 24, 1998 (23)',75,'th','€','2021-06-09 17:44:21'),(445,'Franco Cristaldo','Aug 15, 1996 (24)',450,'th','€','2021-06-09 17:44:21'),(445,'Iván Erquiaga','Mar 26, 1999 (22)',750,'th','€','2021-06-09 17:44:21'),(445,'Joaquín Mendive','Aug 8, 1996 (24)',50,'th','€','2021-06-09 17:44:21'),(445,'José Moya','Aug 7, 1992 (28)',700,'th','€','2021-06-09 17:44:21'),(445,'Juan Garro','Nov 24, 1992 (28)',1.2,'m','€','2021-06-09 17:44:21'),(445,'Leandro Grimi','Feb 9, 1985 (36)',50,'th','€','2021-06-09 17:44:21'),(445,'Lucas Merolla','Jun 27, 1995 (25)',400,'th','€','2021-06-09 17:44:21'),(445,'Nicolás Cordero','Apr 11, 1999 (22)',500,'th','€','2021-06-09 17:44:21'),(445,'Nicolás Silva','Jan 24, 1990 (31)',250,'th','€','2021-06-09 17:44:21'),(445,'Norberto Briasco','Feb 29, 1996 (25)',1.5,'m','€','2021-06-09 17:44:21'),(445,'Pablo Oro','Aug 9, 2002 (18)',75,'th','€','2021-06-09 17:44:21'),(445,'Patricio Toranzo','Mar 19, 1982 (39)',50,'th','€','2021-06-09 17:44:21'),(445,'Rafael Ferrario','Apr 30, 2000 (21)',25,'th','€','2021-06-09 17:44:21'),(445,'Raúl Lozano','Sep 2, 1997 (23)',450,'th','€','2021-06-09 17:44:21'),(445,'Renato Civelli','Oct 14, 1983 (37)',250,'th','€','2021-06-09 17:44:21'),(445,'Rodrigo Cabral','Aug 8, 2000 (20)',150,'th','€','2021-06-09 17:44:21'),(445,'Santiago Hezze','Oct 22, 2001 (19)',750,'th','€','2021-06-09 17:44:21'),(445,'Sebastián Meza','Mar 14, 2000 (21)',25,'th','€','2021-06-09 17:44:21'),(445,'Sebastián Ramírez','Sep 4, 2000 (20)',200,'th','€','2021-06-09 17:44:21'),(445,'Walter Pérez','Oct 23, 1998 (22)',1,'m','€','2021-06-09 17:44:21'),(446,'Alexandro Bernabéi','Sep 24, 2000 (20)',3,'m','€','2021-06-09 17:44:24'),(446,'Alexis Pérez','Mar 25, 1994 (27)',1.5,'m','€','2021-06-09 17:44:24'),(446,'Braian Aguirre','Jul 28, 2000 (20)',2,'m','€','2021-06-09 17:44:24'),(446,'Facundo Pérez','Jul 31, 1999 (21)',500,'th','€','2021-06-09 17:44:24'),(446,'Facundo Quignón','May 2, 1993 (28)',2.4,'m','€','2021-06-09 17:44:24'),(446,'Franco Orozco','Jan 9, 2002 (19)',3,'m','€','2021-06-09 17:44:24'),(446,'Guillermo Burdisso','Sep 26, 1988 (32)',1.1,'m','€','2021-06-09 17:44:24'),(446,'Ignacio Cechi','Jul 26, 2001 (19)',50,'th','€','2021-06-09 17:44:24'),(446,'José Luis Gómez','Sep 13, 1993 (27)',700,'th','€','2021-06-09 17:44:24'),(446,'José Manuel López','Dec 6, 2000 (20)',0,'m','€','2021-06-09 17:44:24'),(446,'José Sand','Jul 17, 1980 (40)',100,'th','€','2021-06-09 17:44:24'),(446,'Julián Aude','Mar 24, 2003 (18)',650,'th','€','2021-06-09 17:44:24'),(446,'Lautaro Acosta','Mar 14, 1988 (33)',2,'m','€','2021-06-09 17:44:24'),(446,'Lautaro Morales','Dec 16, 1999 (21)',3,'m','€','2021-06-09 17:44:24'),(446,'Leonel Di Placido','Jan 28, 1994 (27)',2.2,'m','€','2021-06-09 17:44:24'),(446,'Lucas Acosta','Mar 12, 1995 (26)',425,'th','€','2021-06-09 17:44:24'),(446,'Lucas Besozzi','Jan 22, 2003 (18)',75,'th','€','2021-06-09 17:44:24'),(446,'Lucas Vera','Apr 18, 1997 (24)',2.75,'m','€','2021-06-09 17:44:24'),(446,'Matías Esquivel','Mar 22, 1999 (22)',1,'m','€','2021-06-09 17:44:24'),(446,'Matías Pérez','Sep 24, 1999 (21)',150,'th','€','2021-06-09 17:44:24'),(446,'Nicolás Morgantini','Sep 11, 1994 (26)',350,'th','€','2021-06-09 17:44:24'),(446,'Nicolás Orsini','Sep 12, 1994 (26)',2,'m','€','2021-06-09 17:44:24'),(446,'Nicolás Thaller','Sep 7, 1998 (22)',500,'th','€','2021-06-09 17:44:24'),(446,'Pablo Aranda','May 14, 2001 (20)',75,'th','€','2021-06-09 17:44:24'),(446,'Pedro de La Vega','Feb 7, 2001 (20)',10,'m','€','2021-06-09 17:44:24'),(446,'Tomás Belmonte','May 27, 1998 (23)',6,'m','€','2021-06-09 17:44:24'),(448,'Alexis Castro','Oct 18, 1994 (26)',1,'m','€','2021-06-09 17:44:24'),(448,'Bruno Bianchi','Feb 17, 1989 (32)',600,'th','€','2021-06-09 17:44:24'),(448,'Cristian Bernardi','Apr 10, 1990 (31)',1.5,'m','€','2021-06-09 17:44:24'),(448,'Cristian Ferreira','Sep 12, 1999 (21)',5,'m','€','2021-06-09 17:44:24'),(448,'Eric Meza','Apr 8, 1999 (22)',50,'th','€','2021-06-09 17:44:24'),(448,'Facundo Farías','Aug 28, 2002 (18)',1.1,'m','€','2021-06-09 17:44:24'),(448,'Facundo Garcés','Sep 5, 1999 (21)',150,'th','€','2021-06-09 17:44:24'),(448,'Facundo Mura','Mar 23, 1999 (22)',2.8,'m','€','2021-06-09 17:44:24'),(448,'Federico Lértora','Jul 1, 1990 (30)',1.4,'m','€','2021-06-09 17:44:24'),(448,'Gonzalo Escobar','Mar 16, 1997 (24)',2.5,'m','€','2021-06-09 17:44:24'),(448,'Gonzalo Piovi','Sep 8, 1994 (26)',400,'th','€','2021-06-09 17:44:24'),(448,'Guillermo Gozalvez','Mar 5, 2003 (18)',0,'m','€','2021-06-09 17:44:24'),(448,'Ignacio Chicco','Jun 30, 1996 (24)',100,'th','€','2021-06-09 17:44:24'),(448,'Joaquín Hass','Mar 27, 1998 (23)',25,'th','€','2021-06-09 17:44:24'),(448,'Leonardo Burián','Jan 21, 1984 (37)',450,'th','€','2021-06-09 17:44:24'),(448,'Lucas Acevedo','Nov 8, 1991 (29)',350,'th','€','2021-06-09 17:44:24'),(448,'Luis Miguel Rodríguez','Jan 1, 1985 (36)',1.2,'m','€','2021-06-09 17:44:24'),(448,'Nicolás Leguizamón','Jan 26, 1995 (26)',950,'th','€','2021-06-09 17:44:24'),(448,'Paolo Goltz','May 12, 1985 (36)',600,'th','€','2021-06-09 17:44:24'),(448,'Rafael Delgado','Jan 13, 1990 (31)',1.6,'m','€','2021-06-09 17:44:24'),(448,'Rodrigo Aliendro','Feb 16, 1991 (30)',1.7,'m','€','2021-06-09 17:44:24'),(448,'Santiago Pierotti','Apr 3, 2001 (20)',575,'th','€','2021-06-09 17:44:24'),(448,'Tomás Sandoval','Mar 30, 1999 (22)',600,'th','€','2021-06-09 17:44:24'),(448,'Wilson Morelo','May 21, 1987 (34)',600,'th','€','2021-06-09 17:44:24'),(448,'Yéiler Góez','Nov 1, 1999 (21)',700,'th','€','2021-06-09 17:44:24'),(449,'Agustín Urzi','May 4, 2000 (21)',8.5,'m','€','2021-06-09 17:44:25'),(449,'Alejandro Cabrera','Sep 30, 1992 (28)',350,'th','€','2021-06-09 17:44:25'),(449,'Alexis Maldonado','Sep 2, 1997 (23)',1.7,'m','€','2021-06-09 17:44:25'),(449,'Alexis Sosa','Jul 22, 1999 (21)',150,'th','€','2021-06-09 17:44:25'),(449,'Emanuel Coronel','Feb 1, 1997 (24)',1.2,'m','€','2021-06-09 17:44:25'),(449,'Fabián Bordagaray','Feb 15, 1987 (34)',325,'th','€','2021-06-09 17:44:25'),(449,'Facundo Altamirano','Mar 21, 1996 (25)',400,'th','€','2021-06-09 17:44:25'),(449,'Franco Quinteros','Oct 13, 1998 (22)',50,'th','€','2021-06-09 17:44:25'),(449,'Giuliano Galoppo','Jun 18, 1999 (21)',4,'m','€','2021-06-09 17:44:25'),(449,'Iván Arboleda','Apr 21, 1996 (25)',2.5,'m','€','2021-06-09 17:44:25'),(449,'Jesús Dátolo','May 19, 1984 (37)',150,'th','€','2021-06-09 17:44:25'),(449,'Jonás Gutiérrez','Jul 5, 1983 (37)',75,'th','€','2021-06-09 17:44:25'),(449,'Juan Manuel Cruz','Jul 19, 1999 (21)',25,'th','€','2021-06-09 17:44:25'),(449,'Juan Pablo Álvarez','Feb 10, 1996 (25)',1.5,'m','€','2021-06-09 17:44:25'),(449,'Luciano Gómez','Mar 22, 1996 (25)',900,'th','€','2021-06-09 17:44:25'),(449,'Luciano Lollo','Mar 29, 1987 (34)',400,'th','€','2021-06-09 17:44:25'),(449,'Luciano Pons','Apr 18, 1990 (31)',400,'th','€','2021-06-09 17:44:25'),(449,'Martín Payero','Sep 11, 1998 (22)',5,'m','€','2021-06-09 17:44:25'),(449,'Matías González','Feb 28, 2002 (19)',50,'th','€','2021-06-09 17:44:25'),(449,'Mauricio Cuero','Jan 28, 1993 (28)',2.3,'m','€','2021-06-09 17:44:25'),(449,'Nicolás Linares','Mar 6, 1996 (25)',200,'th','€','2021-06-09 17:44:25'),(449,'Ramiro Enrique','May 4, 2001 (20)',0,'m','€','2021-06-09 17:44:25'),(450,'Agustín Rogel','Oct 17, 1997 (23)',900,'th','€','2021-06-09 17:44:24'),(450,'Ángel González','May 16, 1994 (27)',2.6,'m','€','2021-06-09 17:44:24'),(450,'Bruno Valdez','Jan 4, 2002 (19)',0,'m','€','2021-06-09 17:44:24'),(450,'Darío Sarmiento','Mar 29, 2003 (18)',5.5,'m','€','2021-06-09 17:44:24'),(450,'David Ayala','Jul 26, 2002 (18)',2,'m','€','2021-06-09 17:44:24'),(450,'Deian Verón','Sep 25, 2000 (20)',0,'m','€','2021-06-09 17:44:24'),(450,'Emiliano González','May 29, 1996 (25)',25,'th','€','2021-06-09 17:44:24'),(450,'Enzo Kalinski','Mar 10, 1987 (34)',300,'th','€','2021-06-09 17:44:24'),(450,'Fabián Noguera','Mar 20, 1993 (28)',600,'th','€','2021-06-09 17:44:24'),(450,'Federico González','Jan 6, 1987 (34)',800,'th','€','2021-06-09 17:44:24'),(450,'Fernando Tobio','Oct 18, 1989 (31)',800,'th','€','2021-06-09 17:44:24'),(450,'Francisco Apaolaza','Jun 19, 1997 (23)',250,'th','€','2021-06-09 17:44:24'),(450,'Iván Gómez','Feb 28, 1997 (24)',1.6,'m','€','2021-06-09 17:44:24'),(450,'Jerónimo Pourtau','Jan 23, 2000 (21)',300,'th','€','2021-06-09 17:44:24'),(450,'Jorge Rodríguez','Sep 15, 1995 (25)',2.3,'m','€','2021-06-09 17:44:24'),(450,'Juan Sánchez Miño','Jan 1, 1990 (31)',2.5,'m','€','2021-06-09 17:44:24'),(450,'Leandro Díaz','Jun 6, 1992 (29)',1.3,'m','€','2021-06-09 17:44:24'),(450,'Leonardo Godoy','Apr 28, 1995 (26)',2.3,'m','€','2021-06-09 17:44:24'),(450,'Lucas Rodríguez','Apr 27, 1997 (24)',3,'m','€','2021-06-09 17:44:24'),(450,'Luciano Squadrone','Nov 18, 1999 (21)',25,'th','€','2021-06-09 17:44:24'),(450,'Manuel Castro','Sep 27, 1995 (25)',800,'th','€','2021-06-09 17:44:24'),(450,'Mariano Andújar','Jul 30, 1983 (37)',750,'th','€','2021-06-09 17:44:24'),(450,'Martín Cauteruccio','Apr 14, 1987 (34)',800,'th','€','2021-06-09 17:44:24'),(450,'Mauricio Guzmán','Sep 16, 1999 (21)',250,'th','€','2021-06-09 17:44:24'),(450,'Mauro Díaz','Mar 10, 1991 (30)',800,'th','€','2021-06-09 17:44:24'),(450,'Nazareno Colombo','Mar 20, 1999 (22)',400,'th','€','2021-06-09 17:44:24'),(450,'Nicolás Pasquini','Jan 2, 1991 (30)',1.5,'m','€','2021-06-09 17:44:24'),(450,'Pablo Sabbag','Jun 11, 1997 (23)',800,'th','€','2021-06-09 17:44:24'),(451,'Agustín Almendra','Feb 11, 2000 (21)',4.5,'m','€','2021-06-09 17:44:22'),(451,'Agustín Obando','Mar 11, 2000 (21)',3.2,'m','€','2021-06-09 17:44:22'),(451,'Agustín Rossi','Aug 21, 1995 (25)',2,'m','€','2021-06-09 17:44:22'),(451,'Agustín Sández','Jan 16, 2001 (20)',50,'th','€','2021-06-09 17:44:22'),(451,'Alan Varela','Jul 4, 2001 (19)',2,'m','€','2021-06-09 17:44:22'),(451,'Carlos Izquierdoz','Nov 3, 1988 (32)',2.9,'m','€','2021-06-09 17:44:22'),(451,'Carlos Tevez','Feb 5, 1984 (37)',1,'m','€','2021-06-09 17:44:22'),(451,'Carlos Zambrano','Jul 10, 1989 (31)',1.2,'m','€','2021-06-09 17:44:22'),(451,'Cristian Medina','Jun 1, 2002 (19)',450,'th','€','2021-06-09 17:44:22'),(451,'Cristian Pavón','Jan 21, 1996 (25)',15,'m','€','2021-06-09 17:44:22'),(451,'Diego González','Feb 9, 1988 (33)',900,'th','€','2021-06-09 17:44:22'),(451,'Eduardo Salvio','Jul 13, 1990 (30)',7,'m','€','2021-06-09 17:44:22'),(451,'Edwin Cardona','Dec 8, 1992 (28)',4,'m','€','2021-06-09 17:44:22'),(451,'Emmanuel Mas','Jan 15, 1989 (32)',1.7,'m','€','2021-06-09 17:44:22'),(451,'Esteban Andrada','Jan 26, 1991 (30)',8,'m','€','2021-06-09 17:44:22'),(451,'Exequiel Zeballos','Apr 24, 2002 (19)',5,'m','€','2021-06-09 17:44:22'),(451,'Franco Soldano','Sep 14, 1994 (26)',1.8,'m','€','2021-06-09 17:44:22'),(451,'Frank Fabra','Feb 22, 1991 (30)',2.2,'m','€','2021-06-09 17:44:22'),(451,'Gonzalo Maroni','Mar 18, 1999 (22)',3.7,'m','€','2021-06-09 17:44:22'),(451,'Ignacio Fernández','Jul 25, 2002 (18)',450,'th','€','2021-06-09 17:44:22'),(451,'Javier García','Jan 29, 1987 (34)',200,'th','€','2021-06-09 17:44:22'),(451,'Jorman Campuzano','Apr 30, 1996 (25)',3.5,'m','€','2021-06-09 17:44:22'),(451,'Julio Buffarini','Aug 18, 1988 (32)',1.2,'m','€','2021-06-09 17:44:22'),(451,'Leonardo Jara','May 20, 1991 (30)',1.5,'m','€','2021-06-09 17:44:22'),(451,'Lisandro López','Sep 1, 1989 (31)',2.9,'m','€','2021-06-09 17:44:22'),(451,'Luis Vázquez','Apr 24, 2001 (20)',100,'th','€','2021-06-09 17:44:22'),(451,'Marcos Rojo','Mar 20, 1990 (31)',5,'m','€','2021-06-09 17:44:22'),(451,'Mauro Zárate','Mar 18, 1987 (34)',1.8,'m','€','2021-06-09 17:44:22'),(451,'Nicolás Capaldo','Sep 14, 1998 (22)',5,'m','€','2021-06-09 17:44:22'),(451,'Renzo Giampaoli','Jan 7, 2000 (21)',50,'th','€','2021-06-09 17:44:22'),(451,'Sebastián Villa','May 19, 1996 (25)',6.5,'m','€','2021-06-09 17:44:22'),(453,'Adrián Arregui','Aug 12, 1992 (28)',750,'th','€','2021-06-09 17:44:24'),(453,'Alan Soñora','Aug 3, 1998 (22)',300,'th','€','2021-06-09 17:44:24'),(453,'Alan Velasco','Jul 27, 2002 (18)',12,'m','€','2021-06-09 17:44:24'),(453,'Andrés Roa','May 25, 1993 (28)',2,'m','€','2021-06-09 17:44:24'),(453,'Ayrton Costa','Jul 12, 1999 (21)',0,'m','€','2021-06-09 17:44:24'),(453,'Braian Martínez','Aug 18, 1999 (21)',350,'th','€','2021-06-09 17:44:24'),(453,'Carlos Benavidez','Mar 30, 1998 (23)',450,'th','€','2021-06-09 17:44:24'),(453,'Cristian Chávez','Jun 4, 1987 (34)',150,'th','€','2021-06-09 17:44:24'),(453,'Domingo Blanco','Apr 22, 1995 (26)',3,'m','€','2021-06-09 17:44:24'),(453,'Ezequiel Muñoz','Oct 8, 1990 (30)',800,'th','€','2021-06-09 17:44:24'),(453,'Fabricio Bustos','Apr 28, 1996 (25)',5,'m','€','2021-06-09 17:44:24'),(453,'Gastón Togni','Sep 20, 1997 (23)',1.3,'m','€','2021-06-09 17:44:24'),(453,'Gonzalo Asís','Mar 28, 1996 (25)',350,'th','€','2021-06-09 17:44:24'),(453,'Jonathan Herrera','Sep 16, 1991 (29)',1.2,'m','€','2021-06-09 17:44:24'),(453,'Juan Manuel Insaurralde','Oct 3, 1984 (36)',400,'th','€','2021-06-09 17:44:24'),(453,'Juan Pacchini','Jun 17, 2000 (20)',100,'th','€','2021-06-09 17:44:24'),(453,'Lucas González','Jun 3, 2000 (21)',300,'th','€','2021-06-09 17:44:24'),(453,'Lucas Rodríguez','Sep 27, 1993 (27)',375,'th','€','2021-06-09 17:44:24'),(453,'Lucas Romero','Apr 18, 1994 (27)',3.5,'m','€','2021-06-09 17:44:24'),(453,'Marcos Landaburu','Aug 26, 2000 (20)',0,'m','€','2021-06-09 17:44:24'),(453,'Milton Álvarez','Jan 26, 1989 (32)',600,'th','€','2021-06-09 17:44:24'),(453,'Nicolás Messiniti','Feb 21, 1996 (25)',350,'th','€','2021-06-09 17:44:24'),(453,'Pablo Hernández','Oct 24, 1986 (34)',200,'th','€','2021-06-09 17:44:24'),(453,'Patricio Ostachuk','May 5, 2000 (21)',0,'m','€','2021-06-09 17:44:24'),(453,'Renzo Bacchia','Jan 23, 1999 (22)',325,'th','€','2021-06-09 17:44:24'),(453,'Sebastián Palacios','Jan 20, 1992 (29)',3.5,'m','€','2021-06-09 17:44:24'),(453,'Sebastián Sosa','Aug 19, 1986 (34)',1.5,'m','€','2021-06-09 17:44:24'),(453,'Sergio Barreto','Apr 24, 1999 (22)',400,'th','€','2021-06-09 17:44:24'),(453,'Silvio Romero','Jul 22, 1988 (32)',3,'m','€','2021-06-09 17:44:24'),(453,'Thomas Ortega','Dec 6, 2000 (20)',150,'th','€','2021-06-09 17:44:24'),(455,'Abel Bustos','May 18, 1999 (22)',25,'th','€','2021-06-09 17:44:22'),(455,'Agustín Lagos','Oct 9, 2001 (19)',50,'th','€','2021-06-09 17:44:22'),(455,'Augusto Lotti','Jun 10, 1996 (24)',600,'th','€','2021-06-09 17:44:22'),(455,'Camilo Albornoz','Oct 24, 2000 (20)',0,'m','€','2021-06-09 17:44:22'),(455,'Cristian Erbes','Jan 6, 1990 (31)',600,'th','€','2021-06-09 17:44:22'),(455,'Cristian Lucchetti','Jun 26, 1978 (42)',100,'th','€','2021-06-09 17:44:22'),(455,'Emanuel Rosales','Feb 8, 1999 (22)',25,'th','€','2021-06-09 17:44:22'),(455,'Fabián Monzón','Apr 13, 1987 (34)',200,'th','€','2021-06-09 17:44:22'),(455,'Facundo Fernández','Feb 14, 2000 (21)',0,'m','€','2021-06-09 17:44:22'),(455,'Franco Mussis','Apr 19, 1992 (29)',650,'th','€','2021-06-09 17:44:22'),(455,'Franco Pizzicanella','May 29, 1996 (25)',50,'th','€','2021-06-09 17:44:22'),(455,'Gabriel Risso Patrón','Nov 5, 1995 (25)',700,'th','€','2021-06-09 17:44:22'),(455,'Guillermo Acosta','Oct 31, 1988 (32)',600,'th','€','2021-06-09 17:44:22'),(455,'Guillermo Ortiz','Aug 9, 1992 (28)',2,'m','€','2021-06-09 17:44:22'),(455,'Gustavo Toledo','Sep 19, 1989 (31)',350,'th','€','2021-06-09 17:44:22'),(455,'Ignacio Maestro Puch','Aug 13, 2003 (17)',0,'m','€','2021-06-09 17:44:22'),(455,'Javier Toledo','Apr 24, 1986 (35)',300,'th','€','2021-06-09 17:44:22'),(455,'Kevin Isa Luna','Apr 18, 2001 (20)',350,'th','€','2021-06-09 17:44:22'),(455,'Kevin Nickler','Apr 12, 2001 (20)',0,'m','€','2021-06-09 17:44:22'),(455,'Leonardo Heredia','Jan 11, 1996 (25)',1.5,'m','€','2021-06-09 17:44:22'),(455,'Marcelo Ortiz','Jan 13, 1994 (27)',1.5,'m','€','2021-06-09 17:44:22'),(455,'Matías Alustiza','May 31, 1984 (37)',700,'th','€','2021-06-09 17:44:22'),(455,'Mauro Osores','Feb 20, 1997 (24)',400,'th','€','2021-06-09 17:44:22'),(455,'Nicolás Aguirre','Jun 27, 1990 (30)',800,'th','€','2021-06-09 17:44:22'),(455,'Nicolás Laméndola','Dec 12, 1998 (22)',25,'th','€','2021-06-09 17:44:22'),(455,'Nicolás Romero','Nov 28, 2003 (17)',0,'m','€','2021-06-09 17:44:22'),(455,'Oscar Benítez','Jan 14, 1993 (28)',450,'th','€','2021-06-09 17:44:22'),(455,'Ramiro Carrera','Oct 24, 1993 (27)',350,'th','€','2021-06-09 17:44:22'),(455,'Ramiro Ruiz','Mar 21, 2000 (21)',300,'th','€','2021-06-09 17:44:22'),(455,'Santiago Vergini','Aug 3, 1988 (32)',150,'th','€','2021-06-09 17:44:22'),(455,'Tomás Marchiori','Jun 20, 1995 (25)',200,'th','€','2021-06-09 17:44:22'),(456,'Ángelo Martino','Jun 5, 1998 (23)',150,'th','€','2021-06-09 17:44:27'),(456,'Augusto Schott','Jan 17, 2000 (21)',75,'th','€','2021-06-09 17:44:27'),(456,'Carlos Auzqui','Sep 18, 1991 (29)',1.8,'m','€','2021-06-09 17:44:27'),(456,'Diego García','Dec 29, 1996 (24)',550,'th','€','2021-06-09 17:44:27'),(456,'Diego Valoyes','Sep 22, 1996 (24)',2.5,'m','€','2021-06-09 17:44:27'),(456,'Enzo Díaz','Dec 7, 1995 (25)',2.2,'m','€','2021-06-09 17:44:27'),(456,'Federico Navarro','Mar 9, 2000 (21)',2,'m','€','2021-06-09 17:44:27'),(456,'Francis Mac Allister','Oct 30, 1995 (25)',1.3,'m','€','2021-06-09 17:44:27'),(456,'Gastón Torres','Feb 2, 2000 (21)',50,'th','€','2021-06-09 17:44:27'),(456,'Gonzalo Álvez','Nov 23, 2003 (17)',50,'th','€','2021-06-09 17:44:27'),(456,'Guido Herrera','Feb 29, 1992 (29)',1.6,'m','€','2021-06-09 17:44:27'),(456,'Guilherme Parede','Sep 19, 1995 (25)',800,'th','€','2021-06-09 17:44:27'),(456,'Ignacio Lago','Aug 5, 2002 (18)',50,'th','€','2021-06-09 17:44:27'),(456,'Joaquín Blázquez','Jan 28, 2001 (20)',400,'th','€','2021-06-09 17:44:27'),(456,'Joel Soñora','Sep 15, 1996 (24)',1.5,'m','€','2021-06-09 17:44:27'),(456,'José Mauri','May 16, 1996 (25)',400,'th','€','2021-06-09 17:44:27'),(456,'Juan Ignacio Méndez','Apr 28, 1997 (24)',1.8,'m','€','2021-06-09 17:44:27'),(456,'Juan Komar','Aug 13, 1996 (24)',4.3,'m','€','2021-06-09 17:44:27'),(456,'Julián Malatini','May 31, 2001 (20)',50,'th','€','2021-06-09 17:44:27'),(456,'Julián Velázquez','Oct 23, 1990 (30)',1.5,'m','€','2021-06-09 17:44:27'),(456,'Marcos Díaz','Feb 5, 1986 (35)',700,'th','€','2021-06-09 17:44:27'),(456,'Mateo Mamani','Jun 6, 2002 (19)',50,'th','€','2021-06-09 17:44:27'),(456,'Mateo Retegui','Apr 29, 1999 (22)',900,'th','€','2021-06-09 17:44:27'),(456,'Matías Córdoba','Apr 16, 1999 (22)',350,'th','€','2021-06-09 17:44:27'),(456,'Matías Sosa','Aug 18, 2001 (19)',0,'m','€','2021-06-09 17:44:27'),(456,'Mauro Ortíz','Dec 27, 1994 (26)',250,'th','€','2021-06-09 17:44:27'),(456,'Michael Santos','Mar 13, 1993 (28)',1,'m','€','2021-06-09 17:44:27'),(456,'Nahuel Tenaglia','Feb 21, 1996 (25)',3,'m','€','2021-06-09 17:44:27'),(456,'Piero Hincapié','Jan 9, 2002 (19)',700,'th','€','2021-06-09 17:44:27'),(456,'Rafael Pérez','Jan 9, 1990 (31)',1.5,'m','€','2021-06-09 17:44:27'),(456,'Renzo Paparelli','Mar 24, 1997 (24)',300,'th','€','2021-06-09 17:44:27'),(457,'Alan Aguerre','Aug 23, 1990 (30)',800,'th','€','2021-06-09 17:44:22'),(457,'Alexis Rodríguez','Mar 21, 1996 (25)',800,'th','€','2021-06-09 17:44:22'),(457,'Braian Rivero','Feb 22, 1996 (25)',450,'th','€','2021-06-09 17:44:22'),(457,'Cristian Lema','Mar 24, 1990 (31)',2.2,'m','€','2021-06-09 17:44:22'),(457,'Denis Rodríguez','Mar 21, 1996 (25)',500,'th','€','2021-06-09 17:44:22'),(457,'Diego Calcaterra','Jul 26, 2001 (19)',0,'m','€','2021-06-09 17:44:22'),(457,'Enzo Cabrera','Nov 20, 1999 (21)',400,'th','€','2021-06-09 17:44:22'),(457,'Facundo Nadalín','Aug 19, 1997 (23)',850,'th','€','2021-06-09 17:44:22'),(457,'Fernando Belluschi','Sep 10, 1983 (37)',600,'th','€','2021-06-09 17:44:22'),(457,'Francisco González','Apr 6, 2001 (20)',500,'th','€','2021-06-09 17:44:22'),(457,'Franco Escobar','Feb 21, 1995 (26)',850,'th','€','2021-06-09 17:44:22'),(457,'Franco Negri','Feb 20, 1995 (26)',325,'th','€','2021-06-09 17:44:22'),(457,'Ignacio Scocco','May 29, 1985 (36)',800,'th','€','2021-06-09 17:44:22'),(457,'Jerónimo Cacciabue','Jan 24, 1998 (23)',2.5,'m','€','2021-06-09 17:44:22'),(457,'Jonathan Cristaldo','Mar 5, 1989 (32)',1.5,'m','€','2021-06-09 17:44:22'),(457,'Juan Pablo Freytes','Jan 11, 2000 (21)',250,'th','€','2021-06-09 17:44:22'),(457,'Juan Sforza','Feb 14, 2002 (19)',3.5,'m','€','2021-06-09 17:44:22'),(457,'Julián Fernández','Apr 22, 1995 (26)',700,'th','€','2021-06-09 17:44:22'),(457,'Julián Marcioni','Mar 19, 1998 (23)',500,'th','€','2021-06-09 17:44:22'),(457,'Justo Giani','Apr 7, 1999 (22)',450,'th','€','2021-06-09 17:44:22'),(457,'Luciano Cingolani','Apr 6, 2001 (20)',75,'th','€','2021-06-09 17:44:22'),(457,'Manuel Capasso','Apr 19, 1996 (25)',375,'th','€','2021-06-09 17:44:22'),(457,'Manuel Guanini','Feb 14, 1996 (25)',600,'th','€','2021-06-09 17:44:22'),(457,'Manuel Llano','Aug 26, 1999 (21)',50,'th','€','2021-06-09 17:44:22'),(457,'Mariano Bíttolo','Apr 24, 1990 (31)',1.1,'m','€','2021-06-09 17:44:22'),(457,'Matías Orihuela','Feb 17, 1992 (29)',75,'th','€','2021-06-09 17:44:22'),(457,'Mauro Formica','Apr 4, 1988 (33)',1,'m','€','2021-06-09 17:44:22'),(457,'Maxi Rodríguez','Jan 2, 1981 (40)',300,'th','€','2021-06-09 17:44:22'),(457,'Nicolás Castro','Nov 1, 2000 (20)',150,'th','€','2021-06-09 17:44:22'),(457,'Pablo Pérez','Aug 10, 1985 (35)',700,'th','€','2021-06-09 17:44:22'),(457,'Ramiro Macagno','Mar 18, 1997 (24)',600,'th','€','2021-06-09 17:44:22'),(457,'Ramiro Sordo','Jun 29, 2000 (20)',50,'th','€','2021-06-09 17:44:22'),(457,'Santiago Gentiletti','Jan 9, 1985 (36)',200,'th','€','2021-06-09 17:44:22'),(457,'Williams Barlasina','Jun 29, 1998 (22)',25,'th','€','2021-06-09 17:44:22'),(457,'Yonathan Cabral','May 10, 1992 (29)',1,'m','€','2021-06-09 17:44:22'),(458,'Carlos Quintana','Feb 11, 1988 (33)',600,'th','€','2021-06-09 17:44:22'),(458,'Daniel Saggiomo','Jul 2, 1998 (22)',280,'th','€','2021-06-09 17:44:22'),(458,'Diego Sosa','Oct 24, 1991 (29)',300,'th','€','2021-06-09 17:44:22'),(458,'Elías Gómez','Jun 9, 1994 (26)',3,'m','€','2021-06-08 08:07:00'),(458,'Elías Gómez','Jun 9, 1994 (27)',3,'m','€','2021-06-09 17:44:22'),(458,'Emanuel Herrera','Apr 13, 1987 (34)',650,'th','€','2021-06-09 17:44:22'),(458,'Facundo Mater','Jul 23, 1998 (22)',250,'th','€','2021-06-09 17:44:22'),(458,'Fausto Vera','Mar 26, 2000 (21)',11,'m','€','2021-06-09 17:44:22'),(458,'Federico Lanzillotta','Dec 1, 1992 (28)',400,'th','€','2021-06-09 17:44:22'),(458,'Franco Moyano','Sep 13, 1997 (23)',1.2,'m','€','2021-06-09 17:44:22'),(458,'Gabriel Ávalos','Oct 12, 1990 (30)',400,'th','€','2021-06-09 17:44:22'),(458,'Gabriel Carabajal','Dec 9, 1991 (29)',1,'m','€','2021-06-09 17:44:22'),(458,'Gabriel Florentín','Mar 13, 1999 (22)',125,'th','€','2021-06-09 17:44:22'),(458,'Gabriel Hauche','Nov 27, 1986 (34)',375,'th','€','2021-06-09 17:44:22'),(458,'Iván Colman','May 6, 1995 (26)',675,'th','€','2021-06-09 17:44:22'),(458,'Javier Cabrera','Mar 18, 1992 (29)',450,'th','€','2021-06-09 17:44:22'),(458,'Jonatan Gómez','Dec 21, 1989 (31)',1,'m','€','2021-06-09 17:44:22'),(458,'Jonathan Sandoval','Jun 25, 1987 (33)',275,'th','€','2021-06-09 17:44:22'),(458,'Juan Román Pucheta','Jul 11, 2001 (19)',250,'th','€','2021-06-09 17:44:22'),(458,'Kevin Mac Allister','Nov 7, 1997 (23)',800,'th','€','2021-06-09 17:44:22'),(458,'Leandro Finochietto','Apr 25, 1997 (24)',50,'th','€','2021-06-09 17:44:22'),(458,'Lucas Ambrogio','Jul 4, 1999 (21)',100,'th','€','2021-06-09 17:44:22'),(458,'Lucas Chaves','Aug 9, 1995 (25)',2.8,'m','€','2021-06-09 17:44:22'),(458,'Lucas Villalba','Aug 19, 1994 (26)',1,'m','€','2021-06-09 17:44:22'),(458,'Marco Di Cesare','Jan 30, 2002 (19)',350,'th','€','2021-06-09 17:44:22'),(458,'Mateo Coronel','Oct 24, 1998 (22)',225,'th','€','2021-06-09 17:44:22'),(458,'Matías Caruzzo','Aug 15, 1984 (36)',200,'th','€','2021-06-09 17:44:22'),(458,'Matías Pisano','Dec 13, 1991 (29)',1.3,'m','€','2021-06-09 17:44:22'),(458,'Matías Romero','Feb 1, 1996 (25)',400,'th','€','2021-06-09 17:44:22'),(458,'Maximiliano Centurión','Feb 20, 1999 (22)',750,'th','€','2021-06-09 17:44:22'),(458,'Miguel Torrén','Aug 12, 1988 (32)',400,'th','€','2021-06-09 17:44:22'),(458,'Pablo Minissale','Jan 14, 2001 (20)',0,'m','€','2021-06-09 17:44:22'),(459,'Alan Ruiz','Aug 19, 1993 (27)',450,'th','€','2021-06-09 17:44:23'),(459,'Alejandro Medina','Dec 17, 1986 (34)',25,'th','€','2021-06-09 17:44:23'),(459,'Alejandro Rivero','Jun 12, 1998 (22)',50,'th','€','2021-06-09 17:44:23'),(459,'Alejo Antilef','Jul 20, 1998 (22)',700,'th','€','2021-06-09 17:44:23'),(459,'Brian Farioli','Feb 19, 1998 (23)',150,'th','€','2021-06-09 17:44:23'),(459,'Bruno Sepúlveda','Sep 17, 1992 (28)',475,'th','€','2021-06-09 17:44:23'),(459,'Emiliano Méndez','Feb 15, 1989 (32)',200,'th','€','2021-06-09 17:44:23'),(459,'Emiliano Papa','Apr 19, 1982 (39)',50,'th','€','2021-06-09 17:44:23'),(459,'Gastón Benavídez','Oct 23, 1995 (25)',300,'th','€','2021-06-09 17:44:23'),(459,'Gastón Suso','Mar 12, 1991 (30)',350,'th','€','2021-06-09 17:44:23'),(459,'Ignacio Gariglio','Apr 25, 1998 (23)',50,'th','€','2021-06-09 17:44:23'),(459,'Jesús Soraire','Dec 3, 1989 (31)',350,'th','€','2021-06-09 17:44:23'),(459,'Jhonatan Candia','Mar 15, 1995 (26)',600,'th','€','2021-06-09 17:44:23'),(459,'Jonathan Bottinelli','Sep 14, 1984 (36)',200,'th','€','2021-06-09 17:44:23'),(459,'Jorge Ortiz','Jun 20, 1984 (36)',50,'th','€','2021-06-09 17:44:23'),(459,'Juan Andrada','Jan 4, 1995 (26)',350,'th','€','2021-06-09 17:44:23'),(459,'Julián Navas','Nov 30, 1993 (27)',325,'th','€','2021-06-09 17:44:23'),(459,'Leonel Picco','Oct 22, 1998 (22)',150,'th','€','2021-06-09 17:44:23'),(459,'Lucas Albertengo','Jan 30, 1991 (30)',800,'th','€','2021-06-09 17:44:23'),(459,'Lucas Necul','Aug 21, 1999 (21)',600,'th','€','2021-06-09 17:44:23'),(459,'Lucas Suárez','Mar 17, 1995 (26)',125,'th','€','2021-06-09 17:44:23'),(459,'Marcos Abreliano','Apr 9, 1998 (23)',150,'th','€','2021-06-09 17:44:23'),(459,'Mateo Carabajal','Feb 21, 1997 (24)',800,'th','€','2021-06-09 17:44:23'),(459,'Matías Belloso','Feb 16, 2000 (21)',25,'th','€','2021-06-09 17:44:23'),(459,'Maximiliano Rogoski','Jun 17, 1994 (26)',0,'m','€','2021-06-09 17:44:23'),(459,'Nicolás Castro','Aug 15, 1990 (30)',400,'th','€','2021-06-09 17:44:23'),(459,'Nicolás Miracco','Apr 12, 1991 (30)',150,'th','€','2021-06-09 17:44:23'),(459,'Nicolás Navarro','Mar 25, 1985 (36)',200,'th','€','2021-06-09 17:44:23'),(459,'Ramiro Luna','Jul 21, 1995 (25)',250,'th','€','2021-06-09 17:44:23'),(460,'Alejandro Donatti','Oct 24, 1986 (34)',1.2,'m','€','2021-06-09 17:44:28'),(460,'Alexander Díaz','Mar 22, 2000 (21)',2.2,'m','€','2021-06-09 17:44:28'),(460,'Alexis Sabella','Jun 20, 2001 (19)',400,'th','€','2021-06-09 17:44:28'),(460,'Ángel Romero','Jul 4, 1992 (28)',4.5,'m','€','2021-06-09 17:44:28'),(460,'Bruno Pittón','Feb 11, 1993 (28)',2.5,'m','€','2021-06-09 17:44:28'),(460,'Diego Braghieri','Feb 23, 1987 (34)',950,'th','€','2021-06-09 17:44:28'),(460,'Diego Rodríguez','Sep 4, 1989 (31)',1.7,'m','€','2021-06-09 17:44:28'),(460,'Fabricio Coloccini','Jan 22, 1982 (39)',100,'th','€','2021-06-09 17:44:28'),(460,'Federico Gattoni','Feb 16, 1999 (22)',1.8,'m','€','2021-06-09 17:44:28'),(460,'Fernando Monetti','Feb 21, 1989 (32)',1.6,'m','€','2021-06-09 17:44:28'),(460,'Francisco Flores','Jan 11, 2002 (19)',2.3,'m','€','2021-06-09 17:44:28'),(460,'Franco Di Santo','Apr 7, 1989 (32)',750,'th','€','2021-06-09 17:44:28'),(460,'Franco Troyansky','Mar 6, 1997 (24)',1.6,'m','€','2021-06-09 17:44:28'),(460,'Gabriel Rojas','Jun 22, 1997 (23)',1.3,'m','€','2021-06-09 17:44:28'),(460,'Gino Peruzzi','Jun 9, 1992 (28)',1.1,'m','€','2021-06-08 08:06:59'),(460,'Gino Peruzzi','Jun 9, 1992 (29)',1.1,'m','€','2021-06-09 17:44:28'),(460,'Jalil Elías','Apr 25, 1996 (25)',1.7,'m','€','2021-06-09 17:44:28'),(460,'José Devecchi','Jul 9, 1995 (25)',300,'th','€','2021-06-09 17:44:28'),(460,'Juan Ramírez','May 25, 1993 (28)',3.2,'m','€','2021-06-09 17:44:28'),(460,'Julián Palacios','Feb 4, 1999 (22)',700,'th','€','2021-06-09 17:44:28'),(460,'Lucas Melano','Mar 1, 1993 (28)',800,'th','€','2021-06-09 17:44:28'),(460,'Manuel Insaurralde','Jan 31, 1999 (22)',600,'th','€','2021-06-09 17:44:28'),(460,'Marcelo Herrera','Nov 3, 1998 (22)',3.5,'m','€','2021-06-09 17:44:28'),(460,'Mariano Peralta Bauer','Feb 20, 1998 (23)',1.3,'m','€','2021-06-09 17:44:28'),(460,'Nicolás Fernández','Feb 8, 1996 (25)',3,'m','€','2021-06-09 17:44:28'),(460,'Nicolás Fernández Mercau','Jan 11, 2000 (21)',150,'th','€','2021-06-09 17:44:28'),(460,'Óscar Romero','Jul 4, 1992 (28)',3.7,'m','€','2021-06-09 17:44:28'),(460,'Sebastián Torrico','Feb 22, 1980 (41)',100,'th','€','2021-06-09 17:44:28'),(460,'Siro Rosané','Jun 7, 2000 (21)',0,'m','€','2021-06-09 17:44:28'),(460,'Víctor Salazar','May 26, 1993 (28)',700,'th','€','2021-06-09 17:44:28'),(460,'Yeison Gordillo','Jun 25, 1992 (28)',1.4,'m','€','2021-06-09 17:44:28'),(463,'Emanuel Iñiguez','Sep 16, 1996 (24)',800,'th','€','2021-06-09 17:44:23'),(463,'Emanuel Insúa','Apr 10, 1991 (30)',600,'th','€','2021-06-09 17:44:23'),(463,'Emiliano Insúa','Jan 7, 1989 (32)',1,'m','€','2021-06-09 17:44:23'),(463,'Fabián Assmann','Mar 23, 1986 (35)',100,'th','€','2021-06-09 17:44:23'),(463,'Federico Andrada','Mar 3, 1994 (27)',600,'th','€','2021-06-09 17:44:23'),(463,'Federico Milo','Jan 10, 1992 (29)',300,'th','€','2021-06-09 17:44:23'),(463,'Fernando Román','Nov 20, 1998 (22)',125,'th','€','2021-06-09 17:44:23'),(463,'Francisco Grahl','Mar 5, 1992 (29)',350,'th','€','2021-06-09 17:44:23'),(463,'Franco Perinciolo','Apr 30, 1997 (24)',50,'th','€','2021-06-09 17:44:23'),(463,'Gastón Gil Romero','May 6, 1993 (28)',275,'th','€','2021-06-09 17:44:23'),(463,'Gastón Lodico','May 28, 1998 (23)',1.2,'m','€','2021-06-09 17:44:23'),(463,'Javier Iritier','Dec 20, 1994 (26)',500,'th','€','2021-06-09 17:44:23'),(463,'Joaquín Indacoechea','Sep 8, 2000 (20)',150,'th','€','2021-06-09 17:44:23'),(463,'Jonathan Schunke','Feb 22, 1987 (34)',700,'th','€','2021-06-09 17:44:23'),(463,'Jonathan Zacaría','Feb 6, 1990 (31)',175,'th','€','2021-06-09 17:44:23'),(463,'Lautaro Guzmán','Jan 18, 2000 (21)',350,'th','€','2021-06-09 17:44:23'),(463,'Lautaro Rinaldi','Dec 30, 1993 (27)',200,'th','€','2021-06-09 17:44:23'),(463,'Leandro Maciel','Dec 29, 1995 (25)',400,'th','€','2021-06-09 17:44:23'),(463,'Lucas Di Yorio','Nov 22, 1996 (24)',125,'th','€','2021-06-09 17:44:23'),(463,'Luciano Pocrnjic','Aug 4, 1981 (39)',100,'th','€','2021-06-09 17:44:23'),(463,'Malcom Braida','May 17, 1997 (24)',325,'th','€','2021-06-09 17:44:23'),(463,'Manuel Panaro','Feb 28, 2002 (19)',50,'th','€','2021-06-09 17:44:23'),(463,'Marcos Miers','Mar 24, 1990 (31)',150,'th','€','2021-06-09 17:44:23'),(463,'Mario López','Jul 6, 1995 (25)',300,'th','€','2021-06-09 17:44:23'),(463,'Matías Villarreal','Jan 16, 1992 (29)',225,'th','€','2021-06-09 17:44:23'),(463,'Nahuel Yeri','Nov 12, 1991 (29)',200,'th','€','2021-06-09 17:44:23'),(463,'Pablo Becker','Apr 29, 1993 (28)',100,'th','€','2021-06-09 17:44:23'),(463,'Rodrigo Contreras','Oct 27, 1995 (25)',800,'th','€','2021-06-09 17:44:23'),(463,'Uriel Ramírez','Aug 19, 1999 (21)',25,'th','€','2021-06-09 17:44:23'),(474,'Benjamin Borasi','Nov 11, 1997 (23)',150,'th','€','2021-06-09 17:44:24'),(474,'Braian Salvareschi','Apr 13, 1999 (22)',450,'th','€','2021-06-09 17:44:24'),(474,'Braian Sánchez','Jun 11, 1993 (27)',150,'th','€','2021-06-09 17:44:24'),(474,'Claudio Pombo','Apr 28, 1994 (27)',475,'th','€','2021-06-09 17:44:24'),(474,'Édson Montaño','Mar 15, 1991 (30)',500,'th','€','2021-06-09 17:44:24'),(474,'Fabio Vázquez','Feb 19, 1994 (27)',350,'th','€','2021-06-09 17:44:24'),(474,'Facundo Castet','Sep 11, 1998 (22)',600,'th','€','2021-06-09 17:44:24'),(474,'Facundo Ferrero','Apr 5, 1995 (26)',25,'th','€','2021-06-09 17:44:24'),(474,'Fausto Montero','Oct 22, 1988 (32)',75,'th','€','2021-06-09 17:44:24'),(474,'Federico Bravo','Oct 5, 1993 (27)',275,'th','€','2021-06-09 17:44:24'),(474,'Federico Mancinelli','May 8, 1982 (39)',100,'th','€','2021-06-09 17:44:24'),(474,'Federico Vismara','May 9, 1983 (38)',100,'th','€','2021-06-09 17:44:24'),(474,'Gabriel Alanís','Mar 16, 1994 (27)',175,'th','€','2021-06-09 17:44:24'),(474,'Gabriel Graciani','Nov 28, 1993 (27)',500,'th','€','2021-06-09 17:44:24'),(474,'Guido Vadalá','Feb 8, 1997 (24)',300,'th','€','2021-06-09 17:44:24'),(474,'Jonathan Torres','Dec 29, 1996 (24)',675,'th','€','2021-06-09 17:44:24'),(474,'Juan Antonini','Mar 4, 1999 (22)',75,'th','€','2021-06-09 17:44:24'),(474,'Juan Caviglia','Jun 16, 1997 (23)',75,'th','€','2021-06-09 17:44:24'),(474,'Laureano Puñet','Aug 20, 1999 (21)',0,'m','€','2021-06-09 17:44:24'),(474,'Lautaro Montoya','Oct 7, 1994 (26)',325,'th','€','2021-06-09 17:44:24'),(474,'Luciano Gondou','Jun 22, 2001 (19)',0,'m','€','2021-06-09 17:44:24'),(474,'Luis Garnier','Dec 22, 1982 (38)',25,'th','€','2021-06-09 17:44:24'),(474,'Manuel Vicentini','Apr 19, 1990 (31)',425,'th','€','2021-06-09 17:44:24'),(474,'Marcelo Herrera','Feb 26, 1992 (29)',650,'th','€','2021-06-09 17:44:24'),(474,'Martín García','Aug 25, 1998 (22)',175,'th','€','2021-06-09 17:44:24'),(474,'Matias Molina','Jun 13, 1993 (27)',150,'th','€','2021-06-09 17:44:24'),(474,'Nicolás Bazzana','Feb 23, 1996 (25)',250,'th','€','2021-06-09 17:44:24'),(474,'Sebastián Rincón','Jan 14, 1994 (27)',475,'th','€','2021-06-09 17:44:24'),(474,'Sergio Quiroga','Jun 7, 1994 (27)',425,'th','€','2021-06-09 17:44:24'),(474,'Yair Arismendi','Apr 5, 1998 (23)',100,'th','€','2021-06-09 17:44:24'),(790,'Abel Argañaraz','Jul 21, 1998 (22)',400,'th','€','2021-06-09 17:44:23'),(790,'Alejandro Maciel','Apr 22, 1997 (24)',400,'th','€','2021-06-09 17:44:23'),(790,'Alejandro Sánchez','Oct 25, 1986 (34)',200,'th','€','2021-06-09 17:44:23'),(790,'Andrés Mehring','Apr 19, 1994 (27)',300,'th','€','2021-06-09 17:44:23'),(790,'Ariel Rojas','Jan 16, 1986 (35)',300,'th','€','2021-06-09 17:44:23'),(790,'Carlo Lattanzio','Jul 25, 1997 (23)',250,'th','€','2021-06-09 17:44:23'),(790,'César Taborda','Jan 23, 1984 (37)',50,'th','€','2021-06-09 17:44:23'),(790,'Claudio Riaño','Aug 16, 1988 (32)',400,'th','€','2021-06-09 17:44:23'),(790,'Cristian Vega','Sep 17, 1993 (27)',350,'th','€','2021-06-09 17:44:23'),(790,'Dixon Rentería','Sep 24, 1995 (25)',350,'th','€','2021-06-09 17:44:23'),(790,'Federico Andueza','May 25, 1997 (24)',150,'th','€','2021-06-09 17:44:23'),(790,'Francisco Cerro','Feb 9, 1988 (33)',200,'th','€','2021-06-09 17:44:23'),(790,'Franco Sbuttoni','May 6, 1989 (32)',200,'th','€','2021-06-09 17:44:23'),(790,'Gonzalo Bettini','Sep 26, 1992 (28)',500,'th','€','2021-06-09 17:44:23'),(790,'Hernán López','Sep 7, 2000 (20)',0,'m','€','2021-06-09 17:44:23'),(790,'Hugo Vera Oviedo','Jan 1, 1991 (30)',175,'th','€','2021-06-09 17:44:23'),(790,'Ismael Quílez','Oct 2, 1988 (32)',275,'th','€','2021-06-09 17:44:23'),(790,'Jonathan Bay','Feb 1, 1993 (28)',425,'th','€','2021-06-09 17:44:23'),(790,'Juan Galeano','Jul 3, 1988 (32)',125,'th','€','2021-06-09 17:44:23'),(790,'Juan González','Dec 2, 1996 (24)',300,'th','€','2021-06-09 17:44:23'),(790,'Leonardo Sequeira','Apr 26, 1995 (26)',325,'th','€','2021-06-09 17:44:23'),(790,'Lucas Brochero','Jan 23, 1999 (22)',50,'th','€','2021-06-09 17:44:23'),(790,'Mateo Montenegro','Aug 28, 1998 (22)',100,'th','€','2021-06-09 17:44:23'),(790,'Milton Giménez','Aug 12, 1996 (24)',125,'th','€','2021-06-09 17:44:23'),(790,'Nahuel Banegas','Oct 6, 1996 (24)',300,'th','€','2021-06-09 17:44:23'),(790,'Nahuel Barrios','May 7, 1998 (23)',1.8,'m','€','2021-06-09 17:44:23'),(790,'Oscar Salomón','Mar 22, 1999 (22)',200,'th','€','2021-06-09 17:44:23'),(790,'Santiago Rosales','Mar 22, 1995 (26)',400,'th','€','2021-06-09 17:44:23'),(790,'Sebastián Ribas','Mar 11, 1988 (33)',450,'th','€','2021-06-09 17:44:23'),(794,'Aderlan','Aug 18, 1990 (30)',800,'th','€','2021-06-09 17:45:29'),(794,'Alerrandro','Jan 12, 2000 (21)',2.7,'m','€','2021-06-09 17:45:29'),(794,'Artur','Feb 15, 1998 (23)',5,'m','€','2021-06-09 17:45:29'),(794,'Bruno Tubarão','Mar 28, 1995 (26)',700,'th','€','2021-06-09 17:45:29'),(794,'César Haydar','Mar 31, 2001 (20)',1.5,'m','€','2021-06-09 17:45:29'),(794,'Chrigor','Nov 13, 2000 (20)',250,'th','€','2021-06-09 17:45:29'),(794,'Claudinho','Jan 28, 1997 (24)',11,'m','€','2021-06-09 17:45:29'),(794,'Cleiton','Aug 19, 1997 (23)',5,'m','€','2021-06-09 17:45:29'),(794,'Edimar','May 21, 1986 (35)',800,'th','€','2021-06-09 17:45:29'),(794,'Fabrício Bruno','Feb 12, 1996 (25)',1.2,'m','€','2021-06-09 17:45:29'),(794,'Gabriel Novaes','Apr 5, 1999 (22)',600,'th','€','2021-06-09 17:45:29'),(794,'Helinho','Apr 25, 2000 (21)',4,'m','€','2021-06-09 17:45:29'),(794,'Jadsom','May 20, 2001 (20)',400,'th','€','2021-06-09 17:45:29'),(794,'Jan Hurtado','Mar 5, 2000 (21)',4.5,'m','€','2021-06-09 17:45:29'),(794,'Júlio César','Oct 27, 1984 (36)',250,'th','€','2021-06-09 17:45:29'),(794,'Leandrinho','Oct 11, 1998 (22)',475,'th','€','2021-06-09 17:45:29'),(794,'Léo Ortiz','Jan 3, 1996 (25)',2,'m','€','2021-06-09 17:45:29'),(794,'Leonardo Realpe','Feb 26, 2001 (20)',700,'th','€','2021-06-09 17:45:29'),(794,'Ligger','May 18, 1988 (33)',700,'th','€','2021-06-09 17:45:29'),(794,'Luan Cândido','Feb 2, 2001 (20)',3.5,'m','€','2021-06-09 17:45:29'),(794,'Lucas Evangelista','May 6, 1995 (26)',2.5,'m','€','2021-06-09 17:45:29'),(794,'Luis Phelipe','Feb 12, 2001 (20)',500,'th','€','2021-06-09 17:45:29'),(794,'Maycon Cleiton','Nov 8, 1998 (22)',100,'th','€','2021-06-09 17:45:29'),(794,'Natan','Feb 6, 2001 (20)',1,'m','€','2021-06-09 17:45:29'),(794,'Pedrinho','Nov 10, 1999 (21)',1.5,'m','€','2021-06-09 17:45:29'),(794,'Rafael','May 9, 2002 (19)',50,'th','€','2021-06-09 17:45:29'),(794,'Ramires','Aug 10, 2000 (20)',3,'m','€','2021-06-09 17:45:29'),(794,'Raul','Jul 11, 1996 (24)',1.5,'m','€','2021-06-09 17:45:29'),(794,'Ricardo Ryller','Feb 27, 1994 (27)',1.1,'m','€','2021-06-09 17:45:29'),(794,'Tomás Cuello','Mar 5, 2000 (21)',800,'th','€','2021-06-09 17:45:29'),(794,'Vitinho','Mar 24, 1998 (23)',600,'th','€','2021-06-09 17:45:29'),(794,'Weverson','Jul 5, 2000 (20)',500,'th','€','2021-06-09 17:45:29'),(794,'Weverton','Jun 15, 1999 (21)',600,'th','€','2021-06-09 17:45:29'),(794,'Ytalo','Jan 12, 1988 (33)',900,'th','€','2021-06-09 17:45:29'),(1062,'Alan Franco','Aug 21, 1998 (22)',3,'m','€','2021-06-09 17:45:27'),(1062,'Allan','Mar 3, 1997 (24)',3.5,'m','€','2021-06-09 17:45:27'),(1062,'Bueno','Aug 24, 1995 (25)',500,'th','€','2021-06-09 17:45:27'),(1062,'Calebe','Apr 30, 2000 (21)',800,'th','€','2021-06-09 17:45:27'),(1062,'Dodô','Feb 6, 1992 (29)',1,'m','€','2021-06-09 17:45:27'),(1062,'Dylan Borrero','Jan 5, 2002 (19)',900,'th','€','2021-06-09 17:45:27'),(1062,'Eduardo Sasha','Feb 24, 1992 (29)',3.2,'m','€','2021-06-09 17:45:27'),(1062,'Eduardo Vargas','Nov 20, 1989 (31)',3,'m','€','2021-06-09 17:45:27'),(1062,'Éverson','Jul 22, 1990 (30)',1.5,'m','€','2021-06-09 17:45:27'),(1062,'Gabriel','Mar 14, 1995 (26)',950,'th','€','2021-06-09 17:45:27'),(1062,'Guga','Aug 29, 1998 (22)',7,'m','€','2021-06-09 17:45:27'),(1062,'Guilherme Arana','Apr 14, 1997 (24)',5.5,'m','€','2021-06-09 17:45:27'),(1062,'Hulk','Jul 25, 1986 (34)',2.5,'m','€','2021-06-09 17:45:27'),(1062,'Hyoran','May 25, 1993 (28)',2.2,'m','€','2021-06-09 17:45:27'),(1062,'Ignacio Fernández','Jan 12, 1990 (31)',6,'m','€','2021-06-09 17:45:27'),(1062,'Igor Rabello','Apr 28, 1995 (26)',3.5,'m','€','2021-06-09 17:45:27'),(1062,'Jair','Aug 26, 1994 (26)',2.5,'m','€','2021-06-09 17:45:27'),(1062,'Jefferson Savarino','Nov 11, 1996 (24)',5.5,'m','€','2021-06-09 17:45:27'),(1062,'Júnior Alonso','Feb 9, 1993 (28)',3.5,'m','€','2021-06-09 17:45:27'),(1062,'Keno','Sep 10, 1989 (31)',3,'m','€','2021-06-09 17:45:27'),(1062,'Mariano','Jun 23, 1986 (34)',700,'th','€','2021-06-09 17:45:27'),(1062,'Marrony','Feb 5, 1999 (22)',3.8,'m','€','2021-06-09 17:45:27'),(1062,'Matheus Mendes','Mar 10, 1999 (22)',250,'th','€','2021-06-09 17:45:27'),(1062,'Matías Zaracho','Mar 10, 1998 (23)',9,'m','€','2021-06-09 17:45:27'),(1062,'Nathan','Mar 13, 1996 (25)',2,'m','€','2021-06-09 17:45:27'),(1062,'Rafael','Jun 23, 1989 (31)',750,'th','€','2021-06-09 17:45:27'),(1062,'Réver','Jan 4, 1985 (36)',600,'th','€','2021-06-09 17:45:27'),(1062,'Sávio','Apr 10, 2004 (17)',5,'m','€','2021-06-09 17:45:27'),(1062,'Tchê Tchê','Aug 30, 1992 (28)',4,'m','€','2021-06-09 17:45:27'),(1064,'Alexis Messidoro','May 13, 1997 (24)',125,'th','€','2021-06-09 17:44:24'),(1064,'Andrés Desábato','Mar 30, 1990 (31)',50,'th','€','2021-06-09 17:44:24'),(1064,'Brian Lluy','Apr 25, 1989 (32)',200,'th','€','2021-06-09 17:44:24'),(1064,'Cristian Marcial','Jan 10, 1996 (25)',50,'th','€','2021-06-09 17:44:24'),(1064,'Cristian Núñez','Sep 20, 1997 (23)',25,'th','€','2021-06-09 17:44:24'),(1064,'Facundo Curuchet','Jan 21, 1990 (31)',150,'th','€','2021-06-09 17:44:24'),(1064,'Francisco Ilarregui','May 6, 1997 (24)',250,'th','€','2021-06-09 17:44:24'),(1064,'Franco Baldassarra','Sep 29, 1998 (22)',325,'th','€','2021-06-09 17:44:24'),(1064,'Gastón Gerzel','Jan 5, 2000 (21)',75,'th','€','2021-06-09 17:44:24'),(1064,'Hernán Lamberti','May 3, 1984 (37)',100,'th','€','2021-06-09 17:44:24'),(1064,'Ignacio Schor','Aug 4, 2000 (20)',350,'th','€','2021-06-09 17:44:24'),(1064,'Jorge De Olivera','Aug 21, 1982 (38)',150,'th','€','2021-06-09 17:44:24'),(1064,'Jorge Pereyra Díaz','Aug 5, 1990 (30)',600,'th','€','2021-06-09 17:44:24'),(1064,'José Luis Sinisterra','Jul 23, 1998 (22)',225,'th','€','2021-06-09 17:44:24'),(1064,'Juan Infante','Jan 7, 1996 (25)',475,'th','€','2021-06-09 17:44:24'),(1064,'Luciano Recalde','Aug 12, 1995 (25)',400,'th','€','2021-06-09 17:44:24'),(1064,'Luis Ojeda','Mar 21, 1990 (31)',300,'th','€','2021-06-09 17:44:24'),(1064,'Matías Tissera','Sep 6, 1996 (24)',150,'th','€','2021-06-09 17:44:24'),(1064,'Mauro Bogado','May 31, 1985 (36)',250,'th','€','2021-06-09 17:44:24'),(1064,'Nadir Zeineddin','May 15, 2000 (21)',50,'th','€','2021-06-09 17:44:24'),(1064,'Nahuel Iribarren','Feb 2, 1988 (33)',50,'th','€','2021-06-09 17:44:24'),(1064,'Nicolás Bertolo','Jan 2, 1986 (35)',300,'th','€','2021-06-09 17:44:24'),(1064,'Nicolás Zalazar','Jan 29, 1997 (24)',350,'th','€','2021-06-09 17:44:24'),(1064,'Roberto Bochi','Jul 6, 1987 (33)',50,'th','€','2021-06-09 17:44:24'),(1064,'Stefano Callegari','Jan 6, 1997 (24)',500,'th','€','2021-06-09 17:44:24'),(1064,'Tiago Palacios','Mar 28, 2001 (20)',250,'th','€','2021-06-09 17:44:24'),(1193,'Alan Mendez','Jan 19, 2001 (20)',200,'th','€','2021-06-09 17:45:26'),(1193,'Alexandre','Feb 11, 1999 (22)',100,'th','€','2021-06-09 17:45:26'),(1193,'Anderson Conceição','Oct 24, 1989 (31)',350,'th','€','2021-06-09 17:45:26'),(1193,'Athirson','May 16, 2002 (19)',50,'th','€','2021-06-09 17:45:26'),(1193,'Auremir','Sep 10, 1991 (29)',600,'th','€','2021-06-09 17:45:26'),(1193,'Caio Mota','Jul 10, 2001 (19)',50,'th','€','2021-06-09 17:45:26'),(1193,'Camilo','Feb 23, 1999 (22)',1.3,'m','€','2021-06-09 17:45:26'),(1193,'Clayson','Mar 19, 1995 (26)',900,'th','€','2021-06-09 17:45:26'),(1193,'Éder','Jun 14, 2003 (17)',50,'th','€','2021-06-09 17:45:26'),(1193,'Élton','Aug 1, 1985 (35)',400,'th','€','2021-06-09 17:45:26'),(1193,'Felipe Marques','Jan 27, 1990 (31)',300,'th','€','2021-06-09 17:45:26'),(1193,'Fernando Caixeta','Aug 1, 1997 (23)',50,'th','€','2021-06-09 17:45:26'),(1193,'Gabriel Pierini','May 4, 2000 (21)',150,'th','€','2021-06-08 08:05:03'),(1193,'Guilherme Pato','Feb 17, 2001 (20)',700,'th','€','2021-06-09 17:45:26'),(1193,'Jenison','Mar 22, 1991 (30)',400,'th','€','2021-06-09 17:45:26'),(1193,'João Carlos','Apr 6, 1988 (33)',400,'th','€','2021-06-09 17:45:26'),(1193,'João Lucas','Mar 9, 1998 (23)',300,'th','€','2021-06-09 17:45:26'),(1193,'João Lucas','nc.',50,'th','€','2021-06-09 17:45:26'),(1193,'João Victor','May 3, 2000 (21)',50,'th','€','2021-06-09 17:45:26'),(1193,'Joaquim','Dec 28, 1998 (22)',100,'th','€','2021-06-09 17:45:26'),(1193,'Jonathan Cafú','Jul 10, 1991 (29)',1.1,'m','€','2021-06-09 17:45:26'),(1193,'Lucas Hernández','Aug 5, 1992 (28)',1,'m','€','2021-06-09 17:45:26'),(1193,'Lucas Ramon','Mar 7, 1994 (27)',300,'th','€','2021-06-09 17:45:26'),(1193,'Luiz Gustavo','Feb 12, 1994 (27)',600,'th','€','2021-06-09 17:45:26'),(1193,'Marcos Brito','Jan 30, 2001 (20)',50,'th','€','2021-06-09 17:45:26'),(1193,'Marllon','Apr 16, 1992 (29)',500,'th','€','2021-06-09 17:45:26'),(1193,'Mateus Brun','Mar 12, 2003 (18)',50,'th','€','2021-06-09 17:45:26'),(1193,'Matheus Nogueira','Sep 20, 1997 (23)',100,'th','€','2021-06-09 17:45:26'),(1193,'Murilo Rangel','Aug 1, 1991 (29)',300,'th','€','2021-06-09 17:45:26'),(1193,'Osman','Oct 29, 1992 (28)',325,'th','€','2021-06-09 17:45:26'),(1193,'Paulão','Feb 25, 1986 (35)',400,'th','€','2021-06-09 17:45:26'),(1193,'Pepê','Jan 6, 1998 (23)',400,'th','€','2021-06-09 17:45:26'),(1193,'Pop','May 16, 2002 (19)',50,'th','€','2021-06-09 17:45:26'),(1193,'Rafael Elias','Apr 12, 1999 (22)',625,'th','€','2021-06-09 17:45:26'),(1193,'Rafael Gava','May 20, 1993 (28)',300,'th','€','2021-06-09 17:45:26'),(1193,'Raulzinho','Aug 14, 2000 (20)',500,'th','€','2021-06-09 17:45:26'),(1193,'Rikelme','Jul 16, 2003 (17)',100,'th','€','2021-06-09 17:45:26'),(1193,'Rinaldo Junior','Jun 29, 2000 (20)',50,'th','€','2021-06-08 08:05:03'),(1193,'Thyller','Aug 3, 2002 (18)',50,'th','€','2021-06-09 17:45:26'),(1193,'Uendel','Oct 8, 1988 (32)',800,'th','€','2021-06-09 17:45:26'),(1193,'Uillian Correia','Sep 27, 1989 (31)',600,'th','€','2021-06-09 17:45:26'),(1193,'Victor Kawã','Jan 29, 2003 (18)',50,'th','€','2021-06-09 17:45:26'),(1193,'Vitor Hugo','Nov 14, 2003 (17)',50,'th','€','2021-06-09 17:45:26'),(1193,'Wálber','Jun 12, 1997 (23)',100,'th','€','2021-06-09 17:45:26'),(1193,'Walter','Nov 18, 1987 (33)',400,'th','€','2021-06-09 17:45:26'),(1193,'Yan','Aug 2, 2001 (19)',50,'th','€','2021-06-09 17:45:26'),(1193,'Yuri','Aug 5, 1994 (26)',600,'th','€','2021-06-09 17:45:26');
/*!40000 ALTER TABLE `PLAYER` ENABLE KEYS */;
UNLOCK TABLES;

--
-- Table structure for table `RELIABILITY`
--

DROP TABLE IF EXISTS `RELIABILITY`;
/*!40101 SET @saved_cs_client     = @@character_set_client */;
/*!50503 SET character_set_client = utf8mb4 */;
CREATE TABLE `RELIABILITY` (
  `league_id` int NOT NULL,
  `reduction` int NOT NULL,
  PRIMARY KEY (`league_id`)
) ENGINE=InnoDB DEFAULT CHARSET=utf8mb4 COLLATE=utf8mb4_0900_ai_ci;
/*!40101 SET character_set_client = @saved_cs_client */;

--
-- Dumping data for table `RELIABILITY`
--

LOCK TABLES `RELIABILITY` WRITE;
/*!40000 ALTER TABLE `RELIABILITY` DISABLE KEYS */;
INSERT INTO `RELIABILITY` VALUES (39,1),(40,3),(61,3),(71,3),(78,1),(88,4),(94,3),(128,4),(135,2),(140,2),(144,4),(203,4);
/*!40000 ALTER TABLE `RELIABILITY` ENABLE KEYS */;
UNLOCK TABLES;

--
-- Table structure for table `STRATEGY`
--

DROP TABLE IF EXISTS `STRATEGY`;
/*!40101 SET @saved_cs_client     = @@character_set_client */;
/*!50503 SET character_set_client = utf8mb4 */;
CREATE TABLE `STRATEGY` (
  `strategy_id` int NOT NULL AUTO_INCREMENT,
  `level` int NOT NULL,
  `trade` enum('LAY','BACK','NIL') DEFAULT 'LAY',
  `underdog_type` varchar(10) DEFAULT NULL,
  `underdog_playing` varchar(4) NOT NULL,
  `underdog_odd` float NOT NULL,
  `marketcap_diff` float NOT NULL,
  PRIMARY KEY (`strategy_id`)
) ENGINE=InnoDB AUTO_INCREMENT=10 DEFAULT CHARSET=utf8mb4 COLLATE=utf8mb4_0900_ai_ci;
/*!40101 SET character_set_client = @saved_cs_client */;

--
-- Dumping data for table `STRATEGY`
--

LOCK TABLES `STRATEGY` WRITE;
/*!40000 ALTER TABLE `STRATEGY` DISABLE KEYS */;
INSERT INTO `STRATEGY` VALUES (1,1,'LAY','SUP UND','HOME',2,250),(2,1,'LAY','SUP UND','AWAY',2.2,250),(3,2,'LAY','SUP UND','HOME',1.4,250),(4,2,'LAY','SUP UND','AWAY',1.6,250),(5,3,'LAY','UND','AWAY',1.9,170),(6,4,'LAY','UND','HOME',1.5,170),(7,5,'LAY','UND','AWAY',1.5,170),(8,3,'LAY','WRONG FAV','NIL',1,0),(9,0,'NIL','NIL','NIL',0,0);
/*!40000 ALTER TABLE `STRATEGY` ENABLE KEYS */;
UNLOCK TABLES;

--
-- Table structure for table `TEAM`
--

DROP TABLE IF EXISTS `TEAM`;
/*!40101 SET @saved_cs_client     = @@character_set_client */;
/*!50503 SET character_set_client = utf8mb4 */;
CREATE TABLE `TEAM` (
  `team_id` int NOT NULL,
  `league_id` int NOT NULL,
  `country` varchar(150) NOT NULL,
  `name` varchar(100) NOT NULL,
  `short_name` varchar(100) NOT NULL,
  `total_market_value` float NOT NULL,
  `total_market_value_unit` varchar(2) NOT NULL,
  `total_market_value_currency` varchar(1) NOT NULL,
  `average_market_value_player` float NOT NULL,
  `average_market_value_player_unit` varchar(2) NOT NULL,
  `average_market_value_player_currency` varchar(1) NOT NULL,
  `url_logo` varchar(300) NOT NULL,
  `url_players` varchar(300) NOT NULL,
  PRIMARY KEY (`team_id`,`short_name`)
) ENGINE=InnoDB DEFAULT CHARSET=utf8mb4 COLLATE=utf8mb4_0900_ai_ci;
/*!40101 SET character_set_client = @saved_cs_client */;

--
-- Dumping data for table `TEAM`
--

LOCK TABLES `TEAM` WRITE;
/*!40000 ALTER TABLE `TEAM` DISABLE KEYS */;
INSERT INTO `TEAM` VALUES (118,71,'Brazil','Esporte Clube Bahia','Bahia',651,'th','€',22.13,'m','€','https://media.api-sports.io/football/teams/118.png','/esporte-clube-bahia/startseite/verein/10010/saison_id/2020'),(119,71,'Brazil','Sport Club Internacional','Internacional',2.18,'m','€',69.85,'m','€','https://media.api-sports.io/football/teams/119.png','/sc-internacional-porto-alegre/startseite/verein/6600/saison_id/2020'),(121,71,'Brazil','Sociedade Esportiva Palmeiras','Palmeiras',3.82,'m','€',145.05,'m','€','https://media.api-sports.io/football/teams/121.png','/se-palmeiras-sao-paulo/startseite/verein/1023/saison_id/2020'),(123,71,'Brazil','Sport Club do Recife','Sport Recife',586,'th','€',20.5,'m','€','https://media.api-sports.io/football/teams/123.png','/sport-club-do-recife/startseite/verein/8718/saison_id/2020'),(124,71,'Brazil','Fluminense Football Club','Fluminense',1.74,'m','€',74.73,'m','€','https://media.api-sports.io/football/teams/124.png','/fluminense-rio-de-janeiro/startseite/verein/2462/saison_id/2020'),(125,71,'Brazil','América Futebol Clube (MG)','America Mineiro',339,'th','€',12.9,'m','€','https://media.api-sports.io/football/teams/125.png','/america-futebol-clube-mg-/startseite/verein/2863/saison_id/2020'),(126,71,'Brazil','São Paulo Futebol Clube','São Paulo',1.74,'m','€',80,'m','€','https://media.api-sports.io/football/teams/126.png','/fc-sao-paulo/startseite/verein/585/saison_id/2020'),(127,71,'Brazil','Clube de Regatas do Flamengo','Flamengo',4.63,'m','€',152.95,'m','€','https://media.api-sports.io/football/teams/127.png','/flamengo-rio-de-janeiro/startseite/verein/614/saison_id/2020'),(128,71,'Brazil','Santos FC','Santos',1.42,'m','€',72.38,'m','€','https://media.api-sports.io/football/teams/128.png','/fc-santos/startseite/verein/221/saison_id/2020'),(129,71,'Brazil','Ceará Sporting Club','Ceara',561,'th','€',19.08,'m','€','https://media.api-sports.io/football/teams/129.png','/ceara-sporting-club/startseite/verein/2029/saison_id/2020'),(130,71,'Brazil','Grêmio Foot-Ball Porto Alegrense','Grêmio',2.37,'m','€',94.65,'m','€','https://media.api-sports.io/football/teams/130.png','/gremio-porto-alegre/startseite/verein/210/saison_id/2020'),(131,71,'Brazil','Sport Club Corinthians Paulista','Corinthians',1.73,'m','€',56.95,'m','€','https://media.api-sports.io/football/teams/131.png','/corinthians-sao-paulo/startseite/verein/199/saison_id/2020'),(132,71,'Brazil','Associação Chapecoense de Futebol','Chapecoense-sc',366,'th','€',14.65,'m','€','https://media.api-sports.io/football/teams/132.png','/chapecoense/startseite/verein/17776/saison_id/2020'),(134,71,'Brazil','Club Athletico Paranaense','Atletico Paranaense',1.84,'m','€',55.1,'m','€','https://media.api-sports.io/football/teams/134.png','/club-athletico-paranaense/startseite/verein/679/saison_id/2020'),(144,71,'Brazil','Atlético Clube Goianiense','Atletico Goianiense',630,'th','€',14.5,'m','€','https://media.api-sports.io/football/teams/144.png','/atletico-clube-goianiense/startseite/verein/15172/saison_id/2020'),(152,71,'Brazil','Esporte Clube Juventude','Juventude',410,'th','€',11.9,'m','€','https://media.api-sports.io/football/teams/152.png','/esporte-clube-juventude/startseite/verein/10492/saison_id/2020'),(154,71,'Brazil','Fortaleza Esporte Clube','Fortaleza EC',578,'th','€',21.98,'m','€','https://media.api-sports.io/football/teams/154.png','/fortaleza-esporte-clube/startseite/verein/10870/saison_id/2020'),(434,128,'Argentina','Club de Gimnasia y Esgrima La Plata','Gimnasia L.P.',441,'th','€',11.9,'m','€','https://media.api-sports.io/football/teams/434.png','/club-de-gimnasia-y-esgrima-la-plata/startseite/verein/1106/saison_id/2020'),(435,128,'Argentina','Club Atlético River Plate','River Plate',3.95,'m','€',114.45,'m','€','https://media.api-sports.io/football/teams/435.png','/club-atletico-river-plate/startseite/verein/209/saison_id/2020'),(436,128,'Argentina','Racing Club','Racing Club',1.38,'m','€',44.1,'m','€','https://media.api-sports.io/football/teams/436.png','/racing-club/startseite/verein/1444/saison_id/2020'),(437,128,'Argentina','Club Atlético Rosario Central','Rosario Central',577,'th','€',16.15,'m','€','https://media.api-sports.io/football/teams/437.png','/club-atletico-rosario-central/startseite/verein/1418/saison_id/2020'),(438,128,'Argentina','Club Atlético Vélez Sarsfield','Vélez Sarsfield',2.54,'m','€',66.03,'m','€','https://media.api-sports.io/football/teams/438.png','/club-atletico-velez-sarsfield/startseite/verein/1029/saison_id/2020'),(439,128,'Argentina','Club Deportivo Godoy Cruz Antonio Tomba','Godoy Cruz',455,'th','€',13.2,'m','€','https://media.api-sports.io/football/teams/439.png','/club-deportivo-godoy-cruz-antonio-tomba/startseite/verein/12574/saison_id/2020'),(441,128,'Argentina','Club Atlético Unión','Union Santa Fe',346,'th','€',9.7,'m','€','https://media.api-sports.io/football/teams/441.png','/club-atletico-union/startseite/verein/7097/saison_id/2020'),(442,128,'Argentina','Defensa y Justicia','Defensa Y Justicia',1.14,'m','€',35.28,'m','€','https://media.api-sports.io/football/teams/442.png','/defensa-y-justicia/startseite/verein/2402/saison_id/2020'),(444,128,'Argentina','Club Atlético Patronato','Patronato',245,'th','€',7.1,'m','€','https://media.api-sports.io/football/teams/444.png','/club-atletico-patronato/startseite/verein/19806/saison_id/2020'),(445,128,'Argentina','Club Atlético Huracán','Huracán',460,'th','€',15.18,'m','€','https://media.api-sports.io/football/teams/445.png','/club-atletico-huracan/startseite/verein/2063/saison_id/2020'),(446,128,'Argentina','Club Atlético Lanús','Lanús',1.75,'m','€',45.53,'m','€','https://media.api-sports.io/football/teams/446.png','/club-atletico-lanus/startseite/verein/333/saison_id/2020'),(448,128,'Argentina','Club Atlético Colón','Colon Santa Fe',1.04,'m','€',25.95,'m','€','https://media.api-sports.io/football/teams/448.png','/club-atletico-colon/startseite/verein/1070/saison_id/2020'),(449,128,'Argentina','Club Atlético Banfield','Banfield',1.37,'m','€',30.18,'m','€','https://media.api-sports.io/football/teams/449.png','/club-atletico-banfield/startseite/verein/830/saison_id/2020'),(450,128,'Argentina','Club Estudiantes de La Plata','Estudiantes L.P.',1.19,'m','€',33.2,'m','€','https://media.api-sports.io/football/teams/450.png','/club-estudiantes-de-la-plata/startseite/verein/288/saison_id/2020'),(451,128,'Argentina','Club Atlético Boca Juniors','Boca Juniors',3.06,'m','€',94.8,'m','€','https://media.api-sports.io/football/teams/451.png','/club-atletico-boca-juniors/startseite/verein/189/saison_id/2020'),(453,128,'Argentina','Club Atlético Independiente','Independiente',1.41,'m','€',42.35,'m','€','https://media.api-sports.io/football/teams/453.png','/club-atletico-independiente/startseite/verein/1234/saison_id/2020'),(455,128,'Argentina','Club Atlético Tucumán','Atletico Tucuman',419,'th','€',12.98,'m','€','https://media.api-sports.io/football/teams/455.png','/club-atletico-tucuman/startseite/verein/14554/saison_id/2020'),(456,128,'Argentina','Club Atlético Talleres','Talleres Cordoba',1.03,'m','€',31.83,'m','€','https://media.api-sports.io/football/teams/456.png','/club-atletico-talleres/startseite/verein/3938/saison_id/2020'),(457,128,'Argentina','Club Atlético Newell\'s Old Boys','Newells Old Boys',708,'th','€',24.78,'m','€','https://media.api-sports.io/football/teams/457.png','/club-atletico-newells-old-boys/startseite/verein/1286/saison_id/2020'),(458,128,'Argentina','Asociación Atlética Argentinos Juniors','Argentinos JRS',987,'th','€',30.61,'m','€','https://media.api-sports.io/football/teams/458.png','/argentinos-juniors/startseite/verein/1030/saison_id/2020'),(459,128,'Argentina','Arsenal Fútbol Club','Arsenal Sarandi',287,'th','€',8.33,'m','€','https://media.api-sports.io/football/teams/459.png','/arsenal-futbol-club/startseite/verein/4673/saison_id/2020'),(460,128,'Argentina','Club Atlético San Lorenzo de Almagro','San Lorenzo',1.51,'m','€',45.15,'m','€','https://media.api-sports.io/football/teams/460.png','/club-atletico-san-lorenzo-de-almagro/startseite/verein/1775/saison_id/2020'),(463,128,'Argentina','Club Atlético Aldosivi','Aldosivi',354,'th','€',10.28,'m','€','https://media.api-sports.io/football/teams/463.png','/club-atletico-aldosivi/startseite/verein/12301/saison_id/2020'),(474,128,'Argentina','Club Atlético Sarmiento (Junin)','Sarmiento Junin',268,'th','€',8.05,'m','€','https://media.api-sports.io/football/teams/474.png','/club-atletico-sarmiento-junin-/startseite/verein/12454/saison_id/2020'),(790,128,'Argentina','Club Atlético Central Córdoba (SdE)','Central Córdoba',314,'th','€',9.1,'m','€','https://media.api-sports.io/football/teams/790.png','/club-atletico-central-cordoba-sde-/startseite/verein/31284/saison_id/2020'),(794,71,'Brazil','Red Bull Bragantino','Bragantino',1.79,'m','€',60.73,'m','€','https://media.api-sports.io/football/teams/794.png','/red-bull-bragantino/startseite/verein/8793/saison_id/2020'),(1062,71,'Brazil','Clube Atlético Mineiro','Atlético-MG',2.95,'m','€',85.65,'m','€','https://media.api-sports.io/football/teams/1062.png','/clube-atletico-mineiro/startseite/verein/330/saison_id/2020'),(1064,128,'Argentina','Club Atlético Platense','Platense',223,'th','€',5.8,'m','€','https://media.api-sports.io/football/teams/1064.png','/club-atletico-platense/startseite/verein/928/saison_id/2020'),(1193,71,'Brazil','Cuiabá Esporte Clube (MT)','Cuiaba',350,'th','€',15.75,'m','€','https://media.api-sports.io/football/teams/1193.png','/cuiaba-ec-mt-/startseite/verein/28022/saison_id/2020');
/*!40000 ALTER TABLE `TEAM` ENABLE KEYS */;
UNLOCK TABLES;
/*!40103 SET TIME_ZONE=@OLD_TIME_ZONE */;

/*!40101 SET SQL_MODE=@OLD_SQL_MODE */;
/*!40014 SET FOREIGN_KEY_CHECKS=@OLD_FOREIGN_KEY_CHECKS */;
/*!40014 SET UNIQUE_CHECKS=@OLD_UNIQUE_CHECKS */;
/*!40101 SET CHARACTER_SET_CLIENT=@OLD_CHARACTER_SET_CLIENT */;
/*!40101 SET CHARACTER_SET_RESULTS=@OLD_CHARACTER_SET_RESULTS */;
/*!40101 SET COLLATION_CONNECTION=@OLD_COLLATION_CONNECTION */;
/*!40111 SET SQL_NOTES=@OLD_SQL_NOTES */;

-- Dump completed on 2021-06-11 11:56:16
